<?xml version="1.0" encoding="UTF-8"?>

<Bundle xmlns="http://hl7.org/fhir">
  <id value="fd5708c6-0212-438d-af74-5ab9c17bb3ce"/>
  <meta>
    <lastUpdated value="2023-12-06T12:46:33.090-06:00"/>
  </meta>
  <type value="collection"/>
  <entry>
    <fullUrl value="https://johnmoehrke.github.io/MHV-PGHD/ValueSet/AgesVS"/>
    <resource>
      <ValueSet>
        <text>
          <status value="generated"/>
          <div xmlns="http://www.w3.org/1999/xhtml">
            <p style="border: black 1px dotted; background-color: #EEEEEE; padding: 8px; margin-bottom: 8px">Expansion based on 
              <a href="CodeSystem-Ages.html">codesystem Ages in decades v0.2.10-beta (CodeSystem)</a>
            </p>
            <p>This value set contains 15 concepts</p>
            <table class="codes">
              <tr>
                <td style="white-space:nowrap">
                  <b>Code</b>
                </td>
                <td>
                  <b>System</b>
                </td>
                <td>
                  <b>Display</b>
                </td>
              </tr>
              <tr>
                <td style="white-space:nowrap">
                  <a name="https---johnmoehrke.github.io-MHV-PGHD-CodeSystem-Ages-preBirth"> </a>  
                  <a href="CodeSystem-Ages.html#Ages-preBirth">preBirth</a>
                </td>
                <td>https://johnmoehrke.github.io/MHV-PGHD/CodeSystem/Ages</td>
                <td>Pre-Birth</td>
              </tr>
              <tr>
                <td style="white-space:nowrap">
                  <a name="https---johnmoehrke.github.io-MHV-PGHD-CodeSystem-Ages-newBorn"> </a>  
                  <a href="CodeSystem-Ages.html#Ages-newBorn">newBorn</a>
                </td>
                <td>https://johnmoehrke.github.io/MHV-PGHD/CodeSystem/Ages</td>
                <td>Newborn</td>
              </tr>
              <tr>
                <td style="white-space:nowrap">
                  <a name="https---johnmoehrke.github.io-MHV-PGHD-CodeSystem-Ages-infancy"> </a>  
                  <a href="CodeSystem-Ages.html#Ages-infancy">infancy</a>
                </td>
                <td>https://johnmoehrke.github.io/MHV-PGHD/CodeSystem/Ages</td>
                <td>In Infancy</td>
              </tr>
              <tr>
                <td style="white-space:nowrap">
                  <a name="https---johnmoehrke.github.io-MHV-PGHD-CodeSystem-Ages-childhood"> </a>  
                  <a href="CodeSystem-Ages.html#Ages-childhood">childhood</a>
                </td>
                <td>https://johnmoehrke.github.io/MHV-PGHD/CodeSystem/Ages</td>
                <td>In Childhood</td>
              </tr>
              <tr>
                <td style="white-space:nowrap">
                  <a name="https---johnmoehrke.github.io-MHV-PGHD-CodeSystem-Ages-adolecense"> </a>  
                  <a href="CodeSystem-Ages.html#Ages-adolecense">adolecense</a>
                </td>
                <td>https://johnmoehrke.github.io/MHV-PGHD/CodeSystem/Ages</td>
                <td>In Adolescence</td>
              </tr>
              <tr>
                <td style="white-space:nowrap">
                  <a name="https---johnmoehrke.github.io-MHV-PGHD-CodeSystem-Ages-twenties"> </a>  
                  <a href="CodeSystem-Ages.html#Ages-twenties">twenties</a>
                </td>
                <td>https://johnmoehrke.github.io/MHV-PGHD/CodeSystem/Ages</td>
                <td>20-29 years</td>
              </tr>
              <tr>
                <td style="white-space:nowrap">
                  <a name="https---johnmoehrke.github.io-MHV-PGHD-CodeSystem-Ages-thirties"> </a>  
                  <a href="CodeSystem-Ages.html#Ages-thirties">thirties</a>
                </td>
                <td>https://johnmoehrke.github.io/MHV-PGHD/CodeSystem/Ages</td>
                <td>30-39 years</td>
              </tr>
              <tr>
                <td style="white-space:nowrap">
                  <a name="https---johnmoehrke.github.io-MHV-PGHD-CodeSystem-Ages-fourties"> </a>  
                  <a href="CodeSystem-Ages.html#Ages-fourties">fourties</a>
                </td>
                <td>https://johnmoehrke.github.io/MHV-PGHD/CodeSystem/Ages</td>
                <td>40-49 years</td>
              </tr>
              <tr>
                <td style="white-space:nowrap">
                  <a name="https---johnmoehrke.github.io-MHV-PGHD-CodeSystem-Ages-fifties"> </a>  
                  <a href="CodeSystem-Ages.html#Ages-fifties">fifties</a>
                </td>
                <td>https://johnmoehrke.github.io/MHV-PGHD/CodeSystem/Ages</td>
                <td>50-59 years</td>
              </tr>
              <tr>
                <td style="white-space:nowrap">
                  <a name="https---johnmoehrke.github.io-MHV-PGHD-CodeSystem-Ages-sixties"> </a>  
                  <a href="CodeSystem-Ages.html#Ages-sixties">sixties</a>
                </td>
                <td>https://johnmoehrke.github.io/MHV-PGHD/CodeSystem/Ages</td>
                <td>60-69 years</td>
              </tr>
              <tr>
                <td style="white-space:nowrap">
                  <a name="https---johnmoehrke.github.io-MHV-PGHD-CodeSystem-Ages-seventies"> </a>  
                  <a href="CodeSystem-Ages.html#Ages-seventies">seventies</a>
                </td>
                <td>https://johnmoehrke.github.io/MHV-PGHD/CodeSystem/Ages</td>
                <td>70-79 years</td>
              </tr>
              <tr>
                <td style="white-space:nowrap">
                  <a name="https---johnmoehrke.github.io-MHV-PGHD-CodeSystem-Ages-eighties"> </a>  
                  <a href="CodeSystem-Ages.html#Ages-eighties">eighties</a>
                </td>
                <td>https://johnmoehrke.github.io/MHV-PGHD/CodeSystem/Ages</td>
                <td>80-89 years</td>
              </tr>
              <tr>
                <td style="white-space:nowrap">
                  <a name="https---johnmoehrke.github.io-MHV-PGHD-CodeSystem-Ages-ninties"> </a>  
                  <a href="CodeSystem-Ages.html#Ages-ninties">ninties</a>
                </td>
                <td>https://johnmoehrke.github.io/MHV-PGHD/CodeSystem/Ages</td>
                <td>90-99 years</td>
              </tr>
              <tr>
                <td style="white-space:nowrap">
                  <a name="https---johnmoehrke.github.io-MHV-PGHD-CodeSystem-Ages-centurian"> </a>  
                  <a href="CodeSystem-Ages.html#Ages-centurian">centurian</a>
                </td>
                <td>https://johnmoehrke.github.io/MHV-PGHD/CodeSystem/Ages</td>
                <td>100 plus years</td>
              </tr>
              <tr>
                <td style="white-space:nowrap">
                  <a name="https---johnmoehrke.github.io-MHV-PGHD-CodeSystem-Ages-unknown"> </a>  
                  <a href="CodeSystem-Ages.html#Ages-unknown">unknown</a>
                </td>
                <td>https://johnmoehrke.github.io/MHV-PGHD/CodeSystem/Ages</td>
                <td>unknown</td>
              </tr>
            </table>
          </div>
        </text>
        <url value="https://johnmoehrke.github.io/MHV-PGHD/ValueSet/AgesVS"/>
        <version value="0.2.10-beta"/>
        <name value="AgesVS"/>
        <title value="Ages ValueSet"/>
        <status value="active"/>
        <experimental value="false"/>
        <date value="2023-12-06T12:46:33-06:00"/>
        <jurisdiction>
          <coding>
            <system value="urn:iso:std:iso:3166"/>
            <code value="US"/>
          </coding>
        </jurisdiction>
        <expansion>
          <identifier value="urn:uuid:5a09abe9-f917-4363-b2c8-66c4e09d62fd"/>
          <timestamp value="2023-12-06T12:55:53-06:00"/>
          <total value="15"/>
          <parameter>
            <name value="excludeNested"/>
            <valueBoolean value="false"/>
          </parameter>
          <parameter>
            <name value="used-codesystem"/>
            <valueUri value="https://johnmoehrke.github.io/MHV-PGHD/CodeSystem/Ages|0.2.10-beta"/>
          </parameter>
          <contains>
            <system value="https://johnmoehrke.github.io/MHV-PGHD/CodeSystem/Ages"/>
            <code value="preBirth"/>
            <display value="Pre-Birth"/>
          </contains>
          <contains>
            <system value="https://johnmoehrke.github.io/MHV-PGHD/CodeSystem/Ages"/>
            <code value="newBorn"/>
            <display value="Newborn"/>
          </contains>
          <contains>
            <system value="https://johnmoehrke.github.io/MHV-PGHD/CodeSystem/Ages"/>
            <code value="infancy"/>
            <display value="In Infancy"/>
          </contains>
          <contains>
            <system value="https://johnmoehrke.github.io/MHV-PGHD/CodeSystem/Ages"/>
            <code value="childhood"/>
            <display value="In Childhood"/>
          </contains>
          <contains>
            <system value="https://johnmoehrke.github.io/MHV-PGHD/CodeSystem/Ages"/>
            <code value="adolecense"/>
            <display value="In Adolescence"/>
          </contains>
          <contains>
            <system value="https://johnmoehrke.github.io/MHV-PGHD/CodeSystem/Ages"/>
            <code value="twenties"/>
            <display value="20-29 years"/>
          </contains>
          <contains>
            <system value="https://johnmoehrke.github.io/MHV-PGHD/CodeSystem/Ages"/>
            <code value="thirties"/>
            <display value="30-39 years"/>
          </contains>
          <contains>
            <system value="https://johnmoehrke.github.io/MHV-PGHD/CodeSystem/Ages"/>
            <code value="fourties"/>
            <display value="40-49 years"/>
          </contains>
          <contains>
            <system value="https://johnmoehrke.github.io/MHV-PGHD/CodeSystem/Ages"/>
            <code value="fifties"/>
            <display value="50-59 years"/>
          </contains>
          <contains>
            <system value="https://johnmoehrke.github.io/MHV-PGHD/CodeSystem/Ages"/>
            <code value="sixties"/>
            <display value="60-69 years"/>
          </contains>
          <contains>
            <system value="https://johnmoehrke.github.io/MHV-PGHD/CodeSystem/Ages"/>
            <code value="seventies"/>
            <display value="70-79 years"/>
          </contains>
          <contains>
            <system value="https://johnmoehrke.github.io/MHV-PGHD/CodeSystem/Ages"/>
            <code value="eighties"/>
            <display value="80-89 years"/>
          </contains>
          <contains>
            <system value="https://johnmoehrke.github.io/MHV-PGHD/CodeSystem/Ages"/>
            <code value="ninties"/>
            <display value="90-99 years"/>
          </contains>
          <contains>
            <system value="https://johnmoehrke.github.io/MHV-PGHD/CodeSystem/Ages"/>
            <code value="centurian"/>
            <display value="100 plus years"/>
          </contains>
          <contains>
            <system value="https://johnmoehrke.github.io/MHV-PGHD/CodeSystem/Ages"/>
            <code value="unknown"/>
            <display value="unknown"/>
          </contains>
        </expansion>
      </ValueSet>
    </resource>
  </entry>
  <entry>
    <fullUrl value="https://johnmoehrke.github.io/MHV-PGHD/ValueSet/AllAppIdCodes"/>
    <resource>
      <ValueSet>
        <text>
          <status value="generated"/>
          <div xmlns="http://www.w3.org/1999/xhtml">
            <div style="border: black 1px dotted; background-color: #EEEEEE; padding: 8px; margin-bottom: 8px">
              <p>Expansion based on: </p>
              <ul>
                <li>
                  <a href="CodeSystem-CPM.html">codesystem PGD other apps v0.2.10-beta (CodeSystem)</a>
                </li>
                <li>
                  <a href="CodeSystem-OnclC.html">codesystem PGD apps v0.2.10-beta (CodeSystem)</a>
                </li>
              </ul>
            </div>
            <p>This value set contains 3 concepts</p>
            <table class="codes">
              <tr>
                <td style="white-space:nowrap">
                  <b>Code</b>
                </td>
                <td>
                  <b>System</b>
                </td>
                <td>
                  <b>Display</b>
                </td>
              </tr>
              <tr>
                <td style="white-space:nowrap">
                  <a name="https---wiki.mobilehealth.va.gov-x-Onc1C-2ce6d9aa-c068-4809-8dda-662bcb16d09a"> </a>  
                  <a href="CodeSystem-OnclC.html#OnclC-2ce6d9aa-c068-4809-8dda-662bcb16d09a">2ce6d9aa-c068-4809-8dda-662bcb16d09a</a>
                </td>
                <td>https://wiki.mobilehealth.va.gov/x/Onc1C</td>
                <td>MyHealtheVet</td>
              </tr>
              <tr>
                <td style="white-space:nowrap">
                  <a name="https---wiki.mobilehealth.va.gov-x-Onc1C-49d985b4-6f9d-47e3-bbc9-a56c840ba4a6"> </a>  
                  <a href="CodeSystem-OnclC.html#OnclC-49d985b4-6f9d-47e3-bbc9-a56c840ba4a6">49d985b4-6f9d-47e3-bbc9-a56c840ba4a6</a>
                </td>
                <td>https://wiki.mobilehealth.va.gov/x/Onc1C</td>
                <td>Sync My Health Data</td>
              </tr>
              <tr>
                <td style="white-space:nowrap">
                  <a name="https---wiki.mobilehealth.va.gov-display-PGDMS-Client-Provenance-Mapping-1e11b692-1898-4351-a7c5-428f61c91817"> </a>  
                  <a href="CodeSystem-CPM.html#CPM-1e11b692-1898-4351-a7c5-428f61c91817">1e11b692-1898-4351-a7c5-428f61c91817</a>
                </td>
                <td>https://wiki.mobilehealth.va.gov/display/PGDMS/Client+Provenance+Mapping</td>
                <td>MobileKidney</td>
              </tr>
            </table>
          </div>
        </text>
        <url value="https://johnmoehrke.github.io/MHV-PGHD/ValueSet/AllAppIdCodes"/>
        <version value="0.2.10-beta"/>
        <name value="AllAppIdCodes"/>
        <title value="PGD App Id Codes"/>
        <status value="active"/>
        <experimental value="false"/>
        <date value="2023-12-06T12:46:33-06:00"/>
        <jurisdiction>
          <coding>
            <system value="urn:iso:std:iso:3166"/>
            <code value="US"/>
          </coding>
        </jurisdiction>
        <expansion>
          <identifier value="urn:uuid:aa9fceeb-cb1d-485c-891f-6d0118141eaf"/>
          <timestamp value="2023-12-06T12:55:53-06:00"/>
          <total value="3"/>
          <parameter>
            <name value="excludeNested"/>
            <valueBoolean value="false"/>
          </parameter>
          <parameter>
            <name value="used-codesystem"/>
            <valueUri value="https://wiki.mobilehealth.va.gov/x/Onc1C|0.2.10-beta"/>
          </parameter>
          <parameter>
            <name value="used-codesystem"/>
            <valueUri value="https://wiki.mobilehealth.va.gov/display/PGDMS/Client+Provenance+Mapping|0.2.10-beta"/>
          </parameter>
          <contains>
            <system value="https://wiki.mobilehealth.va.gov/x/Onc1C"/>
            <code value="2ce6d9aa-c068-4809-8dda-662bcb16d09a"/>
            <display value="MyHealtheVet"/>
          </contains>
          <contains>
            <system value="https://wiki.mobilehealth.va.gov/x/Onc1C"/>
            <code value="49d985b4-6f9d-47e3-bbc9-a56c840ba4a6"/>
            <display value="Sync My Health Data"/>
          </contains>
          <contains>
            <system value="https://wiki.mobilehealth.va.gov/display/PGDMS/Client+Provenance+Mapping"/>
            <code value="1e11b692-1898-4351-a7c5-428f61c91817"/>
            <display value="MobileKidney"/>
          </contains>
        </expansion>
      </ValueSet>
    </resource>
  </entry>
  <entry>
    <fullUrl value="https://johnmoehrke.github.io/MHV-PGHD/ValueSet/mhv-blood-pressure-positions"/>
    <resource>
      <ValueSet>
        <text>
          <status value="generated"/>
          <div xmlns="http://www.w3.org/1999/xhtml">
            <div style="border: black 1px dotted; background-color: #EEEEEE; padding: 8px; margin-bottom: 8px">
              <p>Expansion based on: </p>
              <ul>
                <li>Loinc v2.74</li>
                <li>Loinc v2.74</li>
              </ul>
            </div>
            <p>This value set contains 4 concepts</p>
            <table class="codes">
              <tr>
                <td style="white-space:nowrap">
                  <b>Code</b>
                </td>
                <td>
                  <b>System</b>
                </td>
                <td>
                  <b>Display</b>
                </td>
              </tr>
              <tr>
                <td style="white-space:nowrap">
                  <a name="http---loinc.org-69000-8"> </a>  
                  <a href="https://loinc.org/69000-8/">69000-8</a>
                </td>
                <td>http://loinc.org</td>
                <td>Heart rate - sitting</td>
              </tr>
              <tr>
                <td style="white-space:nowrap">
                  <a name="http---loinc.org-69001-6"> </a>  
                  <a href="https://loinc.org/69001-6/">69001-6</a>
                </td>
                <td>http://loinc.org</td>
                <td>Heart rate - standing</td>
              </tr>
              <tr>
                <td style="white-space:nowrap">
                  <a name="http---loinc.org-68999-2"> </a>  
                  <a href="https://loinc.org/68999-2/">68999-2</a>
                </td>
                <td>http://loinc.org</td>
                <td>Heart rate - supine</td>
              </tr>
              <tr>
                <td style="white-space:nowrap">
                  <a name="http---loinc.org-40443-4"> </a>  
                  <a href="https://loinc.org/40443-4/">40443-4</a>
                </td>
                <td>http://loinc.org</td>
                <td>Heart rate - resting</td>
              </tr>
            </table>
          </div>
        </text>
        <url value="https://johnmoehrke.github.io/MHV-PGHD/ValueSet/mhv-blood-pressure-positions"/>
        <version value="0.2.10-beta"/>
        <name value="MHVbloodPressurePositions"/>
        <title value="The methods of measurement for blood pressure that MHV supports"/>
        <status value="active"/>
        <experimental value="false"/>
        <date value="2023-12-06T12:46:33-06:00"/>
        <jurisdiction>
          <coding>
            <system value="urn:iso:std:iso:3166"/>
            <code value="US"/>
          </coding>
        </jurisdiction>
        <expansion>
          <identifier value="urn:uuid:5d2a03a6-3b40-4245-979a-f30cb96ec5f5"/>
          <timestamp value="2023-12-06T12:55:54-06:00"/>
          <total value="4"/>
          <parameter>
            <name value="excludeNested"/>
            <valueBoolean value="false"/>
          </parameter>
          <parameter>
            <name value="used-valueset"/>
            <valueUri value="null"/>
          </parameter>
          <parameter>
            <name value="limitedExpansion"/>
            <valueBoolean value="true"/>
          </parameter>
          <parameter>
            <name value="used-codesystem"/>
            <valueUri value="http://loinc.org|2.74"/>
          </parameter>
          <parameter>
            <name value="version"/>
            <valueUri value="http://loinc.org|2.74"/>
          </parameter>
          <contains>
            <system value="http://loinc.org"/>
            <code value="69000-8"/>
            <display value="Heart rate - sitting"/>
          </contains>
          <contains>
            <system value="http://loinc.org"/>
            <code value="69001-6"/>
            <display value="Heart rate - standing"/>
          </contains>
          <contains>
            <system value="http://loinc.org"/>
            <code value="68999-2"/>
            <display value="Heart rate - supine"/>
          </contains>
          <contains>
            <system value="http://loinc.org"/>
            <code value="40443-4"/>
            <display value="Heart rate - resting"/>
          </contains>
        </expansion>
      </ValueSet>
    </resource>
  </entry>
  <entry>
    <fullUrl value="https://johnmoehrke.github.io/MHV-PGHD/ValueSet/mhv-blood-sugar-methods-sites"/>
    <resource>
      <ValueSet>
        <text>
          <status value="generated"/>
          <div xmlns="http://www.w3.org/1999/xhtml">
            <div style="border: black 1px dotted; background-color: #EEEEEE; padding: 8px; margin-bottom: 8px">
              <p>Expansion based on: </p>
              <ul>
                <li>SNOMED CT International edition 01-Sep 2023</li>
                <li>SNOMED CT International edition 01-Sep 2023</li>
              </ul>
            </div>
            <p>This value set contains 4 concepts</p>
            <table class="codes">
              <tr>
                <td style="white-space:nowrap">
                  <b>Code</b>
                </td>
                <td>
                  <b>System</b>
                </td>
                <td>
                  <b>Display</b>
                </td>
              </tr>
              <tr>
                <td style="white-space:nowrap">
                  <a name="http---snomed.info-sct-15220000"> </a>  
                  <a href="http://snomed.info/id/15220000">15220000</a>
                </td>
                <td>http://snomed.info/sct</td>
                <td>Laboratory Test</td>
              </tr>
              <tr>
                <td style="white-space:nowrap">
                  <a name="http---snomed.info-sct-350810002"> </a>  
                  <a href="http://snomed.info/id/350810002">350810002</a>
                </td>
                <td>http://snomed.info/sct</td>
                <td>Lancet</td>
              </tr>
              <tr>
                <td style="white-space:nowrap">
                  <a name="http---snomed.info-sct-263902000"> </a>  
                  <a href="http://snomed.info/id/263902000">263902000</a>
                </td>
                <td>http://snomed.info/sct</td>
                <td>Transcutaneous method</td>
              </tr>
              <tr>
                <td style="white-space:nowrap">
                  <a name="http---snomed.info-sct-261373009"> </a>  
                  <a href="http://snomed.info/id/261373009">261373009</a>
                </td>
                <td>http://snomed.info/sct</td>
                <td>Implant technique</td>
              </tr>
            </table>
          </div>
        </text>
        <url value="https://johnmoehrke.github.io/MHV-PGHD/ValueSet/mhv-blood-sugar-methods-sites"/>
        <version value="0.2.10-beta"/>
        <name value="MHVbloodSugarMethods"/>
        <title value="The methods of measurement for blood sugar that MHV supports"/>
        <status value="active"/>
        <experimental value="false"/>
        <date value="2023-12-06T12:46:33-06:00"/>
        <jurisdiction>
          <coding>
            <system value="urn:iso:std:iso:3166"/>
            <code value="US"/>
          </coding>
        </jurisdiction>
        <expansion>
          <identifier value="urn:uuid:a594fae3-64bd-452f-84a9-a6cd5323111a"/>
          <timestamp value="2023-12-06T12:55:54-06:00"/>
          <total value="4"/>
          <parameter>
            <name value="excludeNested"/>
            <valueBoolean value="false"/>
          </parameter>
          <parameter>
            <name value="used-valueset"/>
            <valueUri value="null"/>
          </parameter>
          <parameter>
            <name value="limitedExpansion"/>
            <valueBoolean value="true"/>
          </parameter>
          <parameter>
            <name value="used-codesystem"/>
            <valueUri value="http://snomed.info/sct|http://snomed.info/sct/900000000000207008/version/20230901"/>
          </parameter>
          <parameter>
            <name value="version"/>
            <valueUri value="http://snomed.info/sct|http://snomed.info/sct/900000000000207008/version/20230901"/>
          </parameter>
          <contains>
            <system value="http://snomed.info/sct"/>
            <code value="15220000"/>
            <display value="Laboratory Test"/>
          </contains>
          <contains>
            <system value="http://snomed.info/sct"/>
            <code value="350810002"/>
            <display value="Lancet"/>
          </contains>
          <contains>
            <system value="http://snomed.info/sct"/>
            <code value="263902000"/>
            <display value="Transcutaneous method"/>
          </contains>
          <contains>
            <system value="http://snomed.info/sct"/>
            <code value="261373009"/>
            <display value="Implant technique"/>
          </contains>
        </expansion>
      </ValueSet>
    </resource>
  </entry>
  <entry>
    <fullUrl value="https://johnmoehrke.github.io/MHV-PGHD/ValueSet/mhv-body-temperature-sites"/>
    <resource>
      <ValueSet>
        <text>
          <status value="generated"/>
          <div xmlns="http://www.w3.org/1999/xhtml">
            <div style="border: black 1px dotted; background-color: #EEEEEE; padding: 8px; margin-bottom: 8px">
              <p>Expansion based on: </p>
              <ul>
                <li>SNOMED CT International edition 01-Sep 2023</li>
                <li>SNOMED CT International edition 01-Sep 2023</li>
              </ul>
            </div>
            <p>This value set contains 8 concepts</p>
            <table class="codes">
              <tr>
                <td style="white-space:nowrap">
                  <b>Code</b>
                </td>
                <td>
                  <b>System</b>
                </td>
                <td>
                  <b>Display</b>
                </td>
              </tr>
              <tr>
                <td style="white-space:nowrap">
                  <a name="http---snomed.info-sct-422005"> </a>  
                  <a href="http://snomed.info/id/422005">422005</a>
                </td>
                <td>http://snomed.info/sct</td>
                <td>Inferior surface of tongue</td>
              </tr>
              <tr>
                <td style="white-space:nowrap">
                  <a name="http---snomed.info-sct-362732006"> </a>  
                  <a href="http://snomed.info/id/362732006">362732006</a>
                </td>
                <td>http://snomed.info/sct</td>
                <td>Entire axillary region</td>
              </tr>
              <tr>
                <td style="white-space:nowrap">
                  <a name="http---snomed.info-sct-1910005"> </a>  
                  <a href="http://snomed.info/id/1910005">1910005</a>
                </td>
                <td>http://snomed.info/sct</td>
                <td>Entire ear</td>
              </tr>
              <tr>
                <td style="white-space:nowrap">
                  <a name="http---snomed.info-sct-21082005"> </a>  
                  <a href="http://snomed.info/id/21082005">21082005</a>
                </td>
                <td>http://snomed.info/sct</td>
                <td>Entire mouth region</td>
              </tr>
              <tr>
                <td style="white-space:nowrap">
                  <a name="http---snomed.info-sct-181261002"> </a>  
                  <a href="http://snomed.info/id/181261002">181261002</a>
                </td>
                <td>http://snomed.info/sct</td>
                <td>Entire rectum</td>
              </tr>
              <tr>
                <td style="white-space:nowrap">
                  <a name="http---snomed.info-sct-39937001"> </a>  
                  <a href="http://snomed.info/id/39937001">39937001</a>
                </td>
                <td>http://snomed.info/sct</td>
                <td>Skin structure</td>
              </tr>
              <tr>
                <td style="white-space:nowrap">
                  <a name="http---snomed.info-sct-362620003"> </a>  
                  <a href="http://snomed.info/id/362620003">362620003</a>
                </td>
                <td>http://snomed.info/sct</td>
                <td>Entire temporal region</td>
              </tr>
              <tr>
                <td style="white-space:nowrap">
                  <a name="http---snomed.info-sct-89837001"> </a>  
                  <a href="http://snomed.info/id/89837001">89837001</a>
                </td>
                <td>http://snomed.info/sct</td>
                <td>Urinary bladder structure</td>
              </tr>
            </table>
          </div>
        </text>
        <url value="https://johnmoehrke.github.io/MHV-PGHD/ValueSet/mhv-body-temperature-sites"/>
        <version value="0.2.10-beta"/>
        <name value="MHVbodyTemperatureSites"/>
        <title value="The body temperature measurement sites that MHV supports"/>
        <status value="active"/>
        <experimental value="false"/>
        <date value="2023-12-06T12:46:33-06:00"/>
        <jurisdiction>
          <coding>
            <system value="urn:iso:std:iso:3166"/>
            <code value="US"/>
          </coding>
        </jurisdiction>
        <expansion>
          <identifier value="urn:uuid:048fa770-9a03-4798-91ac-2e8f583faad2"/>
          <timestamp value="2023-12-06T12:55:54-06:00"/>
          <total value="8"/>
          <parameter>
            <name value="excludeNested"/>
            <valueBoolean value="false"/>
          </parameter>
          <parameter>
            <name value="used-valueset"/>
            <valueUri value="null"/>
          </parameter>
          <parameter>
            <name value="limitedExpansion"/>
            <valueBoolean value="true"/>
          </parameter>
          <parameter>
            <name value="used-codesystem"/>
            <valueUri value="http://snomed.info/sct|http://snomed.info/sct/900000000000207008/version/20230901"/>
          </parameter>
          <parameter>
            <name value="version"/>
            <valueUri value="http://snomed.info/sct|http://snomed.info/sct/900000000000207008/version/20230901"/>
          </parameter>
          <contains>
            <system value="http://snomed.info/sct"/>
            <code value="422005"/>
            <display value="Inferior surface of tongue"/>
          </contains>
          <contains>
            <system value="http://snomed.info/sct"/>
            <code value="362732006"/>
            <display value="Entire axillary region"/>
          </contains>
          <contains>
            <system value="http://snomed.info/sct"/>
            <code value="1910005"/>
            <display value="Entire ear"/>
          </contains>
          <contains>
            <system value="http://snomed.info/sct"/>
            <code value="21082005"/>
            <display value="Entire mouth region"/>
          </contains>
          <contains>
            <system value="http://snomed.info/sct"/>
            <code value="181261002"/>
            <display value="Entire rectum"/>
          </contains>
          <contains>
            <system value="http://snomed.info/sct"/>
            <code value="39937001"/>
            <display value="Skin structure"/>
          </contains>
          <contains>
            <system value="http://snomed.info/sct"/>
            <code value="362620003"/>
            <display value="Entire temporal region"/>
          </contains>
          <contains>
            <system value="http://snomed.info/sct"/>
            <code value="89837001"/>
            <display value="Urinary bladder structure"/>
          </contains>
        </expansion>
      </ValueSet>
    </resource>
  </entry>
  <entry>
    <fullUrl value="https://johnmoehrke.github.io/MHV-PGHD/ValueSet/mhv-body-temperatures"/>
    <resource>
      <ValueSet>
        <text>
          <status value="generated"/>
          <div xmlns="http://www.w3.org/1999/xhtml">
            <div style="border: black 1px dotted; background-color: #EEEEEE; padding: 8px; margin-bottom: 8px">
              <p>Expansion based on: </p>
              <ul>
                <li>codesystem UCUM version 2.0.1</li>
                <li>system UCUM version 2.0.1</li>
              </ul>
            </div>
            <p>This value set contains 2 concepts</p>
            <table class="codes">
              <tr>
                <td style="white-space:nowrap">
                  <b>Code</b>
                </td>
                <td>
                  <b>System</b>
                </td>
                <td>
                  <b>Display</b>
                </td>
              </tr>
              <tr>
                <td style="white-space:nowrap">
                  <a name="http---unitsofmeasure.org--degF-"> </a>  [degF]
                </td>
                <td>http://unitsofmeasure.org</td>
                <td>degree Fahrenheit</td>
              </tr>
              <tr>
                <td style="white-space:nowrap">
                  <a name="http---unitsofmeasure.org-Cel"> </a>  Cel
                </td>
                <td>http://unitsofmeasure.org</td>
                <td>degree Celsius</td>
              </tr>
            </table>
          </div>
        </text>
        <url value="https://johnmoehrke.github.io/MHV-PGHD/ValueSet/mhv-body-temperatures"/>
        <version value="0.2.10-beta"/>
        <name value="MHVbodyTemperatures"/>
        <title value="The body temperature measurement types that MHV supports"/>
        <status value="active"/>
        <experimental value="false"/>
        <date value="2023-12-06T12:46:33-06:00"/>
        <jurisdiction>
          <coding>
            <system value="urn:iso:std:iso:3166"/>
            <code value="US"/>
          </coding>
        </jurisdiction>
        <expansion>
          <identifier value="urn:uuid:e8648d5b-59ae-4acd-940a-20db297138f1"/>
          <timestamp value="2023-12-06T12:55:55-06:00"/>
          <total value="2"/>
          <parameter>
            <name value="excludeNested"/>
            <valueBoolean value="false"/>
          </parameter>
          <parameter>
            <name value="used-valueset"/>
            <valueUri value="null"/>
          </parameter>
          <parameter>
            <name value="limitedExpansion"/>
            <valueBoolean value="true"/>
          </parameter>
          <parameter>
            <name value="used-codesystem"/>
            <valueUri value="http://unitsofmeasure.org|2.0.1"/>
          </parameter>
          <parameter>
            <name value="version"/>
            <valueUri value="http://unitsofmeasure.org|2.0.1"/>
          </parameter>
          <contains>
            <system value="http://unitsofmeasure.org"/>
            <code value="[degF]"/>
            <display value="degree Fahrenheit"/>
          </contains>
          <contains>
            <system value="http://unitsofmeasure.org"/>
            <code value="Cel"/>
            <display value="degree Celsius"/>
          </contains>
        </expansion>
      </ValueSet>
    </resource>
  </entry>
  <entry>
    <fullUrl value="https://johnmoehrke.github.io/MHV-PGHD/ValueSet/mhv-body-weights"/>
    <resource>
      <ValueSet>
        <text>
          <status value="generated"/>
          <div xmlns="http://www.w3.org/1999/xhtml">
            <div style="border: black 1px dotted; background-color: #EEEEEE; padding: 8px; margin-bottom: 8px">
              <p>Expansion based on: </p>
              <ul>
                <li>codesystem UCUM version 2.0.1</li>
                <li>system UCUM version 2.0.1</li>
              </ul>
            </div>
            <p>This value set contains 2 concepts</p>
            <table class="codes">
              <tr>
                <td style="white-space:nowrap">
                  <b>Code</b>
                </td>
                <td>
                  <b>System</b>
                </td>
                <td>
                  <b>Display</b>
                </td>
              </tr>
              <tr>
                <td style="white-space:nowrap">
                  <a name="http---unitsofmeasure.org--lb-av-"> </a>  [lb_av]
                </td>
                <td>http://unitsofmeasure.org</td>
                <td>[lb_av]</td>
              </tr>
              <tr>
                <td style="white-space:nowrap">
                  <a name="http---unitsofmeasure.org-kg"> </a>  kg
                </td>
                <td>http://unitsofmeasure.org</td>
                <td>kg</td>
              </tr>
            </table>
          </div>
        </text>
        <url value="https://johnmoehrke.github.io/MHV-PGHD/ValueSet/mhv-body-weights"/>
        <version value="0.2.10-beta"/>
        <name value="MHVbodyWeights"/>
        <title value="The body weight measurement types that MHV supports"/>
        <status value="active"/>
        <experimental value="false"/>
        <date value="2023-12-06T12:46:33-06:00"/>
        <jurisdiction>
          <coding>
            <system value="urn:iso:std:iso:3166"/>
            <code value="US"/>
          </coding>
        </jurisdiction>
        <expansion>
          <identifier value="urn:uuid:1cc57acc-a656-4244-b6d8-d38290314f6d"/>
          <timestamp value="2023-12-06T12:55:55-06:00"/>
          <total value="2"/>
          <parameter>
            <name value="excludeNested"/>
            <valueBoolean value="false"/>
          </parameter>
          <parameter>
            <name value="used-valueset"/>
            <valueUri value="null"/>
          </parameter>
          <parameter>
            <name value="limitedExpansion"/>
            <valueBoolean value="true"/>
          </parameter>
          <parameter>
            <name value="used-codesystem"/>
            <valueUri value="http://unitsofmeasure.org|2.0.1"/>
          </parameter>
          <parameter>
            <name value="version"/>
            <valueUri value="http://unitsofmeasure.org|2.0.1"/>
          </parameter>
          <contains>
            <system value="http://unitsofmeasure.org"/>
            <code value="[lb_av]"/>
            <display value="[lb_av]"/>
          </contains>
          <contains>
            <system value="http://unitsofmeasure.org"/>
            <code value="kg"/>
            <display value="kg"/>
          </contains>
        </expansion>
      </ValueSet>
    </resource>
  </entry>
  <entry>
    <fullUrl value="https://johnmoehrke.github.io/MHV-PGHD/ValueSet/mhv-medication-routes"/>
    <resource>
      <ValueSet>
        <text>
          <status value="generated"/>
          <div xmlns="http://www.w3.org/1999/xhtml">
            <div style="border: black 1px dotted; background-color: #EEEEEE; padding: 8px; margin-bottom: 8px">
              <p>Expansion based on: </p>
              <ul>
                <li>SNOMED CT International edition 01-Sep 2023</li>
                <li>SNOMED CT International edition 01-Sep 2023</li>
              </ul>
            </div>
            <p>This value set contains 6 concepts</p>
            <table class="codes">
              <tr>
                <td style="white-space:nowrap">
                  <b>Code</b>
                </td>
                <td>
                  <b>System</b>
                </td>
                <td>
                  <b>Display</b>
                </td>
              </tr>
              <tr>
                <td style="white-space:nowrap">
                  <a name="http---snomed.info-sct-26643006"> </a>  
                  <a href="http://snomed.info/id/26643006">26643006</a>
                </td>
                <td>http://snomed.info/sct</td>
                <td>Oral use</td>
              </tr>
              <tr>
                <td style="white-space:nowrap">
                  <a name="http---snomed.info-sct-37161004"> </a>  
                  <a href="http://snomed.info/id/37161004">37161004</a>
                </td>
                <td>http://snomed.info/sct</td>
                <td>Rectal use</td>
              </tr>
              <tr>
                <td style="white-space:nowrap">
                  <a name="http---snomed.info-sct-45890007"> </a>  
                  <a href="http://snomed.info/id/45890007">45890007</a>
                </td>
                <td>http://snomed.info/sct</td>
                <td>Transdermal use</td>
              </tr>
              <tr>
                <td style="white-space:nowrap">
                  <a name="http---snomed.info-sct-6064005"> </a>  
                  <a href="http://snomed.info/id/6064005">6064005</a>
                </td>
                <td>http://snomed.info/sct</td>
                <td>Topical route</td>
              </tr>
              <tr>
                <td style="white-space:nowrap">
                  <a name="http---snomed.info-sct-78421000"> </a>  
                  <a href="http://snomed.info/id/78421000">78421000</a>
                </td>
                <td>http://snomed.info/sct</td>
                <td>Intramuscular use</td>
              </tr>
              <tr>
                <td style="white-space:nowrap">
                  <a name="http---snomed.info-sct-47625008"> </a>  
                  <a href="http://snomed.info/id/47625008">47625008</a>
                </td>
                <td>http://snomed.info/sct</td>
                <td>Intravenous use</td>
              </tr>
            </table>
          </div>
        </text>
        <url value="https://johnmoehrke.github.io/MHV-PGHD/ValueSet/mhv-medication-routes"/>
        <version value="0.2.10-beta"/>
        <name value="MHVmedicationRoutes"/>
        <title value="The routes of medication that MHV supports"/>
        <status value="active"/>
        <experimental value="false"/>
        <date value="2023-12-06T12:46:33-06:00"/>
        <jurisdiction>
          <coding>
            <system value="urn:iso:std:iso:3166"/>
            <code value="US"/>
          </coding>
        </jurisdiction>
        <expansion>
          <identifier value="urn:uuid:40f284ed-4270-40ec-9d2f-6a9f5e01d363"/>
          <timestamp value="2023-12-06T12:55:55-06:00"/>
          <total value="6"/>
          <parameter>
            <name value="excludeNested"/>
            <valueBoolean value="false"/>
          </parameter>
          <parameter>
            <name value="used-valueset"/>
            <valueUri value="null"/>
          </parameter>
          <parameter>
            <name value="limitedExpansion"/>
            <valueBoolean value="true"/>
          </parameter>
          <parameter>
            <name value="used-codesystem"/>
            <valueUri value="http://snomed.info/sct|http://snomed.info/sct/900000000000207008/version/20230901"/>
          </parameter>
          <parameter>
            <name value="version"/>
            <valueUri value="http://snomed.info/sct|http://snomed.info/sct/900000000000207008/version/20230901"/>
          </parameter>
          <contains>
            <system value="http://snomed.info/sct"/>
            <code value="26643006"/>
            <display value="Oral use"/>
          </contains>
          <contains>
            <system value="http://snomed.info/sct"/>
            <code value="37161004"/>
            <display value="Rectal use"/>
          </contains>
          <contains>
            <system value="http://snomed.info/sct"/>
            <code value="45890007"/>
            <display value="Transdermal use"/>
          </contains>
          <contains>
            <system value="http://snomed.info/sct"/>
            <code value="6064005"/>
            <display value="Topical route"/>
          </contains>
          <contains>
            <system value="http://snomed.info/sct"/>
            <code value="78421000"/>
            <display value="Intramuscular use"/>
          </contains>
          <contains>
            <system value="http://snomed.info/sct"/>
            <code value="47625008"/>
            <display value="Intravenous use"/>
          </contains>
        </expansion>
      </ValueSet>
    </resource>
  </entry>
</Bundle>