<?xml version="1.0" encoding="UTF-8"?>

<Bundle xmlns="http://hl7.org/fhir">
  <id value="d1d1020e-2641-4805-9c5d-e7149301d861"/>
  <meta>
    <lastUpdated value="2021-04-15T12:13:48.252-05:00"/>
  </meta>
  <type value="collection"/>
  <entry>
    <fullUrl value="https://johnmoehrke.github.io/MHV-PGHD/ValueSet/AllAppIdCodes"/>
    <resource>
      <ValueSet>
        <id value="AllAppIdCodes"/>
        <text>
          <status value="generated"/>
          <div xmlns="http://www.w3.org/1999/xhtml">
            <p>This value set contains 2 concepts</p>
            <div style="border: black 1px dotted; background-color: #EEEEEE; padding: 8px; margin-bottom: 8px">
              <p>Expansion based on: </p>
              <ul>
                <li>
                  <a href="CodeSystem-OnclC.html">PGD apps v0.2.4-beta (CodeSystem)</a>
                </li>
                <li>
                  <a href="CodeSystem-CPM.html">PGD other apps v0.2.4-beta (CodeSystem)</a>
                </li>
              </ul>
            </div>
            <table class="codes">
              <tr>
                <td style="white-space:nowrap">
                  <b>Code</b>
                </td>
                <td>
                  <b>System</b>
                </td>
                <td>
                  <b>Display</b>
                </td>
                <td>
                  <b>Definition</b>
                </td>
              </tr>
              <tr>
                <td style="white-space:nowrap">
                  <a name="https---wiki.mobilehealth.va.gov-x-Onc1C-2ce6d9aa-c068-4809-8dda-662bcb16d09a"> </a>
                  <a href="CodeSystem-OnclC.html#OnclC-2ce6d9aa-c068-4809-8dda-662bcb16d09a">2ce6d9aa-c068-4809-8dda-662bcb16d09a</a>
                </td>
                <td>https://wiki.mobilehealth.va.gov/x/Onc1C</td>
                <td>MyHealtheVet</td>
                <td/>
              </tr>
              <tr>
                <td style="white-space:nowrap">
                  <a name="https---wiki.mobilehealth.va.gov-display-PGDMS-Client-Provenance-Mapping-1e11b692-1898-4351-a7c5-428f61c91817-"> </a>
                  <a href="CodeSystem-CPM.html#CPM-1e11b692-1898-4351-a7c5-428f61c91817.34">1e11b692-1898-4351-a7c5-428f61c91817&quot;</a>
                </td>
                <td>https://wiki.mobilehealth.va.gov/display/PGDMS/Client+Provenance+Mapping</td>
                <td>MobileKidney</td>
                <td/>
              </tr>
            </table>
          </div>
        </text>
        <url value="https://johnmoehrke.github.io/MHV-PGHD/ValueSet/AllAppIdCodes"/>
        <version value="0.2.4-beta"/>
        <name value="AllAppIdCodes"/>
        <status value="active"/>
        <date value="2021-04-15T12:13:48-05:00"/>
        <contact>
          <name value="John Moehrke"/>
        </contact>
        <jurisdiction>
          <coding>
            <system value="http://unstats.un.org/unsd/methods/m49/m49.htm"/>
            <code value="001"/>
          </coding>
        </jurisdiction>
        <expansion>
          <identifier value="urn:uuid:d1de9814-3b89-4aaf-9ff2-1a8bba58df18"/>
          <timestamp value="2021-04-15T12:14:42-05:00"/>
          <total value="2"/>
          <parameter>
            <name value="excludeNested"/>
            <valueBoolean value="false"/>
          </parameter>
          <parameter>
            <name value="version"/>
            <valueUri value="https://wiki.mobilehealth.va.gov/x/Onc1C|0.2.4-beta"/>
          </parameter>
          <parameter>
            <name value="version"/>
            <valueUri value="https://wiki.mobilehealth.va.gov/display/PGDMS/Client+Provenance+Mapping|0.2.4-beta"/>
          </parameter>
          <contains>
            <system value="https://wiki.mobilehealth.va.gov/x/Onc1C"/>
            <code value="2ce6d9aa-c068-4809-8dda-662bcb16d09a"/>
            <display value="MyHealtheVet"/>
          </contains>
          <contains>
            <system value="https://wiki.mobilehealth.va.gov/display/PGDMS/Client+Provenance+Mapping"/>
            <code value="1e11b692-1898-4351-a7c5-428f61c91817&quot;"/>
            <display value="MobileKidney"/>
          </contains>
        </expansion>
      </ValueSet>
    </resource>
  </entry>
  <entry>
    <resource>
      <ValueSet>
        <text>
          <status value="generated"/>
          <div xmlns="http://www.w3.org/1999/xhtml">
            <p>This value set contains 4 concepts</p>
            <p style="border: black 1px dotted; background-color: #EEEEEE; padding: 8px; margin-bottom: 8px">Expansion based on Loinc v2.68</p>
            <p>All codes from system 
              <code>http://loinc.org</code>
            </p>
            <table class="codes">
              <tr>
                <td style="white-space:nowrap">
                  <b>Code</b>
                </td>
                <td>
                  <b>Display</b>
                </td>
              </tr>
              <tr>
                <td style="white-space:nowrap">
                  <a name="http---loinc.org-69000-8"> </a>
                  <a href="http://details.loinc.org/LOINC/69000-8.html">69000-8</a>
                </td>
                <td>Heart rate - sitting</td>
              </tr>
              <tr>
                <td style="white-space:nowrap">
                  <a name="http---loinc.org-69001-6"> </a>
                  <a href="http://details.loinc.org/LOINC/69001-6.html">69001-6</a>
                </td>
                <td>Heart rate - standing</td>
              </tr>
              <tr>
                <td style="white-space:nowrap">
                  <a name="http---loinc.org-68999-2"> </a>
                  <a href="http://details.loinc.org/LOINC/68999-2.html">68999-2</a>
                </td>
                <td>Heart rate - supine</td>
              </tr>
              <tr>
                <td style="white-space:nowrap">
                  <a name="http---loinc.org-40443-4"> </a>
                  <a href="http://details.loinc.org/LOINC/40443-4.html">40443-4</a>
                </td>
                <td>Heart rate - resting</td>
              </tr>
            </table>
          </div>
        </text>
        <status value="active"/>
        <expansion>
          <identifier value="urn:uuid:881e9a9e-b40d-49ce-ae9f-e68f81615f6b"/>
          <timestamp value="2021-04-15T14:43:21.286Z"/>
          <parameter>
            <name value="limitedExpansion"/>
            <valueBoolean value="true"/>
          </parameter>
          <parameter>
            <name value="version"/>
            <valueString value="http://loinc.org|2.68"/>
          </parameter>
          <contains>
            <system value="http://loinc.org"/>
            <code value="69000-8"/>
            <display value="Heart rate - sitting"/>
          </contains>
          <contains>
            <system value="http://loinc.org"/>
            <code value="69001-6"/>
            <display value="Heart rate - standing"/>
          </contains>
          <contains>
            <system value="http://loinc.org"/>
            <code value="68999-2"/>
            <display value="Heart rate - supine"/>
          </contains>
          <contains>
            <system value="http://loinc.org"/>
            <code value="40443-4"/>
            <display value="Heart rate - resting"/>
          </contains>
        </expansion>
      </ValueSet>
    </resource>
  </entry>
  <entry>
    <resource>
      <ValueSet>
        <text>
          <status value="generated"/>
          <div xmlns="http://www.w3.org/1999/xhtml">
            <p>This value set contains 4 concepts</p>
            <p style="border: black 1px dotted; background-color: #EEEEEE; padding: 8px; margin-bottom: 8px">Expansion based on SNOMED CT International edition 31-Jul 2020</p>
            <p>All codes from system 
              <a href="http://hl7.org/fhir/R4/codesystem-snomedct.html">
                <code>http://snomed.info/sct</code>
              </a>
            </p>
            <table class="codes">
              <tr>
                <td style="white-space:nowrap">
                  <b>Code</b>
                </td>
                <td>
                  <b>Display</b>
                </td>
                <td>
                  <b>Definition</b>
                </td>
              </tr>
              <tr>
                <td style="white-space:nowrap">
                  <a name="http---snomed.info-sct-15220000"> </a>
                  <a href="http://browser.ihtsdotools.org/?perspective=full&amp;conceptId1=15220000">15220000</a>
                </td>
                <td>Laboratory Test</td>
                <td/>
              </tr>
              <tr>
                <td style="white-space:nowrap">
                  <a name="http---snomed.info-sct-350810002"> </a>
                  <a href="http://browser.ihtsdotools.org/?perspective=full&amp;conceptId1=350810002">350810002</a>
                </td>
                <td>Lancet</td>
                <td/>
              </tr>
              <tr>
                <td style="white-space:nowrap">
                  <a name="http---snomed.info-sct-263902000"> </a>
                  <a href="http://browser.ihtsdotools.org/?perspective=full&amp;conceptId1=263902000">263902000</a>
                </td>
                <td>Transcutaneous method</td>
                <td/>
              </tr>
              <tr>
                <td style="white-space:nowrap">
                  <a name="http---snomed.info-sct-261373009"> </a>
                  <a href="http://browser.ihtsdotools.org/?perspective=full&amp;conceptId1=261373009">261373009</a>
                </td>
                <td>Implant technique</td>
                <td/>
              </tr>
            </table>
          </div>
        </text>
        <status value="active"/>
        <expansion>
          <identifier value="urn:uuid:d2257840-b95f-4414-aca5-b0f160c56e0f"/>
          <timestamp value="2021-02-08T20:08:36.116Z"/>
          <parameter>
            <name value="limitedExpansion"/>
            <valueBoolean value="true"/>
          </parameter>
          <parameter>
            <name value="version"/>
            <valueString value="http://snomed.info/sct|http://snomed.info/sct/900000000000207008/version/20200731"/>
          </parameter>
          <contains>
            <system value="http://snomed.info/sct"/>
            <code value="15220000"/>
            <display value="Laboratory Test"/>
          </contains>
          <contains>
            <system value="http://snomed.info/sct"/>
            <code value="350810002"/>
            <display value="Lancet"/>
          </contains>
          <contains>
            <system value="http://snomed.info/sct"/>
            <code value="263902000"/>
            <display value="Transcutaneous method"/>
          </contains>
          <contains>
            <system value="http://snomed.info/sct"/>
            <code value="261373009"/>
            <display value="Implant technique"/>
          </contains>
        </expansion>
      </ValueSet>
    </resource>
  </entry>
  <entry>
    <resource>
      <ValueSet>
        <text>
          <status value="generated"/>
          <div xmlns="http://www.w3.org/1999/xhtml">
            <p>This value set contains 7 concepts</p>
            <p style="border: black 1px dotted; background-color: #EEEEEE; padding: 8px; margin-bottom: 8px">Expansion based on SNOMED CT International edition 31-Jan 2021</p>
            <p>All codes from system 
              <a href="http://hl7.org/fhir/R4/codesystem-snomedct.html">
                <code>http://snomed.info/sct</code>
              </a>
            </p>
            <table class="codes">
              <tr>
                <td style="white-space:nowrap">
                  <b>Code</b>
                </td>
                <td>
                  <b>Display</b>
                </td>
                <td>
                  <b>Definition</b>
                </td>
              </tr>
              <tr>
                <td style="white-space:nowrap">
                  <a name="http---snomed.info-sct-362732006"> </a>
                  <a href="http://browser.ihtsdotools.org/?perspective=full&amp;conceptId1=362732006">362732006</a>
                </td>
                <td>Entire axillary region</td>
                <td/>
              </tr>
              <tr>
                <td style="white-space:nowrap">
                  <a name="http---snomed.info-sct-1910005"> </a>
                  <a href="http://browser.ihtsdotools.org/?perspective=full&amp;conceptId1=1910005">1910005</a>
                </td>
                <td>Entire ear</td>
                <td/>
              </tr>
              <tr>
                <td style="white-space:nowrap">
                  <a name="http---snomed.info-sct-21082005"> </a>
                  <a href="http://browser.ihtsdotools.org/?perspective=full&amp;conceptId1=21082005">21082005</a>
                </td>
                <td>Entire mouth region</td>
                <td/>
              </tr>
              <tr>
                <td style="white-space:nowrap">
                  <a name="http---snomed.info-sct-181261002"> </a>
                  <a href="http://browser.ihtsdotools.org/?perspective=full&amp;conceptId1=181261002">181261002</a>
                </td>
                <td>Entire rectum</td>
                <td/>
              </tr>
              <tr>
                <td style="white-space:nowrap">
                  <a name="http---snomed.info-sct-39937001"> </a>
                  <a href="http://browser.ihtsdotools.org/?perspective=full&amp;conceptId1=39937001">39937001</a>
                </td>
                <td>Skin structure</td>
                <td/>
              </tr>
              <tr>
                <td style="white-space:nowrap">
                  <a name="http---snomed.info-sct-362620003"> </a>
                  <a href="http://browser.ihtsdotools.org/?perspective=full&amp;conceptId1=362620003">362620003</a>
                </td>
                <td>Entire temporal region</td>
                <td/>
              </tr>
              <tr>
                <td style="white-space:nowrap">
                  <a name="http---snomed.info-sct-89837001"> </a>
                  <a href="http://browser.ihtsdotools.org/?perspective=full&amp;conceptId1=89837001">89837001</a>
                </td>
                <td>Urinary bladder structure</td>
                <td/>
              </tr>
            </table>
          </div>
        </text>
        <status value="active"/>
        <expansion>
          <identifier value="urn:uuid:2e60e905-b418-46ec-97f5-4034af1c7f8e"/>
          <timestamp value="2021-04-15T14:27:43.442Z"/>
          <parameter>
            <name value="limitedExpansion"/>
            <valueBoolean value="true"/>
          </parameter>
          <parameter>
            <name value="version"/>
            <valueString value="http://snomed.info/sct|http://snomed.info/sct/900000000000207008/version/20210131"/>
          </parameter>
          <contains>
            <system value="http://snomed.info/sct"/>
            <code value="362732006"/>
            <display value="Entire axillary region"/>
          </contains>
          <contains>
            <system value="http://snomed.info/sct"/>
            <code value="1910005"/>
            <display value="Entire ear"/>
          </contains>
          <contains>
            <system value="http://snomed.info/sct"/>
            <code value="21082005"/>
            <display value="Entire mouth region"/>
          </contains>
          <contains>
            <system value="http://snomed.info/sct"/>
            <code value="181261002"/>
            <display value="Entire rectum"/>
          </contains>
          <contains>
            <system value="http://snomed.info/sct"/>
            <code value="39937001"/>
            <display value="Skin structure"/>
          </contains>
          <contains>
            <system value="http://snomed.info/sct"/>
            <code value="362620003"/>
            <display value="Entire temporal region"/>
          </contains>
          <contains>
            <system value="http://snomed.info/sct"/>
            <code value="89837001"/>
            <display value="Urinary bladder structure"/>
          </contains>
        </expansion>
      </ValueSet>
    </resource>
  </entry>
  <entry>
    <resource>
      <ValueSet>
        <text>
          <status value="generated"/>
          <div xmlns="http://www.w3.org/1999/xhtml">
            <p>This value set contains 2 concepts</p>
            <p style="border: black 1px dotted; background-color: #EEEEEE; padding: 8px; margin-bottom: 8px">Expansion based on UCUM version 2.0.1</p>
            <p>All codes from system 
              <code>http://unitsofmeasure.org</code>
            </p>
            <table class="codes">
              <tr>
                <td style="white-space:nowrap">
                  <b>Code</b>
                </td>
                <td>
                  <b>Display</b>
                </td>
              </tr>
              <tr>
                <td style="white-space:nowrap">
                  <a name="http---unitsofmeasure.org--degF-"> </a>[degF]
                </td>
                <td>degree Fahrenheit</td>
              </tr>
              <tr>
                <td style="white-space:nowrap">
                  <a name="http---unitsofmeasure.org-Cel"> </a>Cel
                </td>
                <td>degree Celsius</td>
              </tr>
            </table>
          </div>
        </text>
        <status value="active"/>
        <expansion>
          <identifier value="urn:uuid:c8c7226f-dbb1-4655-a485-593ea465435d"/>
          <timestamp value="2021-04-15T14:43:22.099Z"/>
          <parameter>
            <name value="limitedExpansion"/>
            <valueBoolean value="true"/>
          </parameter>
          <parameter>
            <name value="version"/>
            <valueString value="http://unitsofmeasure.org|2.0.1"/>
          </parameter>
          <contains>
            <system value="http://unitsofmeasure.org"/>
            <code value="[degF]"/>
            <display value="degree Fahrenheit"/>
          </contains>
          <contains>
            <system value="http://unitsofmeasure.org"/>
            <code value="Cel"/>
            <display value="degree Celsius"/>
          </contains>
        </expansion>
      </ValueSet>
    </resource>
  </entry>
  <entry>
    <resource>
      <ValueSet>
        <text>
          <status value="generated"/>
          <div xmlns="http://www.w3.org/1999/xhtml">
            <p>This value set contains 2 concepts</p>
            <p style="border: black 1px dotted; background-color: #EEEEEE; padding: 8px; margin-bottom: 8px">Expansion based on UCUM version 2.0.1</p>
            <p>All codes from system 
              <code>http://unitsofmeasure.org</code>
            </p>
            <table class="codes">
              <tr>
                <td style="white-space:nowrap">
                  <b>Code</b>
                </td>
                <td>
                  <b>Display</b>
                </td>
              </tr>
              <tr>
                <td style="white-space:nowrap">
                  <a name="http---unitsofmeasure.org--lb-av-"> </a>[lb_av]
                </td>
                <td>pound (US and British)</td>
              </tr>
              <tr>
                <td style="white-space:nowrap">
                  <a name="http---unitsofmeasure.org-kg"> </a>kg
                </td>
                <td>kilogram</td>
              </tr>
            </table>
          </div>
        </text>
        <status value="active"/>
        <expansion>
          <identifier value="urn:uuid:9b7c898b-b41d-40bb-a433-c007bfeaf228"/>
          <timestamp value="2021-04-15T14:43:22.364Z"/>
          <parameter>
            <name value="limitedExpansion"/>
            <valueBoolean value="true"/>
          </parameter>
          <parameter>
            <name value="version"/>
            <valueString value="http://unitsofmeasure.org|2.0.1"/>
          </parameter>
          <contains>
            <system value="http://unitsofmeasure.org"/>
            <code value="[lb_av]"/>
            <display value="pound (US and British)"/>
          </contains>
          <contains>
            <system value="http://unitsofmeasure.org"/>
            <code value="kg"/>
            <display value="kilogram"/>
          </contains>
        </expansion>
      </ValueSet>
    </resource>
  </entry>
  <entry>
    <resource>
      <ValueSet>
        <text>
          <status value="generated"/>
          <div xmlns="http://www.w3.org/1999/xhtml">
            <p>This value set contains 6 concepts</p>
            <p style="border: black 1px dotted; background-color: #EEEEEE; padding: 8px; margin-bottom: 8px">Expansion based on SNOMED CT International edition 31-Jul 2020</p>
            <p>All codes from system 
              <a href="http://hl7.org/fhir/R4/codesystem-snomedct.html">
                <code>http://snomed.info/sct</code>
              </a>
            </p>
            <table class="codes">
              <tr>
                <td style="white-space:nowrap">
                  <b>Code</b>
                </td>
                <td>
                  <b>Display</b>
                </td>
                <td>
                  <b>Definition</b>
                </td>
              </tr>
              <tr>
                <td style="white-space:nowrap">
                  <a name="http---snomed.info-sct-26643006"> </a>
                  <a href="http://browser.ihtsdotools.org/?perspective=full&amp;conceptId1=26643006">26643006</a>
                </td>
                <td>Oral use</td>
                <td/>
              </tr>
              <tr>
                <td style="white-space:nowrap">
                  <a name="http---snomed.info-sct-37161004"> </a>
                  <a href="http://browser.ihtsdotools.org/?perspective=full&amp;conceptId1=37161004">37161004</a>
                </td>
                <td>Rectal use</td>
                <td/>
              </tr>
              <tr>
                <td style="white-space:nowrap">
                  <a name="http---snomed.info-sct-45890007"> </a>
                  <a href="http://browser.ihtsdotools.org/?perspective=full&amp;conceptId1=45890007">45890007</a>
                </td>
                <td>Transdermal use</td>
                <td/>
              </tr>
              <tr>
                <td style="white-space:nowrap">
                  <a name="http---snomed.info-sct-6064005"> </a>
                  <a href="http://browser.ihtsdotools.org/?perspective=full&amp;conceptId1=6064005">6064005</a>
                </td>
                <td>Topical route</td>
                <td/>
              </tr>
              <tr>
                <td style="white-space:nowrap">
                  <a name="http---snomed.info-sct-78421000"> </a>
                  <a href="http://browser.ihtsdotools.org/?perspective=full&amp;conceptId1=78421000">78421000</a>
                </td>
                <td>Intramuscular use</td>
                <td/>
              </tr>
              <tr>
                <td style="white-space:nowrap">
                  <a name="http---snomed.info-sct-47625008"> </a>
                  <a href="http://browser.ihtsdotools.org/?perspective=full&amp;conceptId1=47625008">47625008</a>
                </td>
                <td>Intravenous use</td>
                <td/>
              </tr>
            </table>
          </div>
        </text>
        <status value="active"/>
        <expansion>
          <identifier value="urn:uuid:2c3adfa5-4446-4c95-801b-6f5b9db05191"/>
          <timestamp value="2021-02-08T20:08:37.507Z"/>
          <parameter>
            <name value="limitedExpansion"/>
            <valueBoolean value="true"/>
          </parameter>
          <parameter>
            <name value="version"/>
            <valueString value="http://snomed.info/sct|http://snomed.info/sct/900000000000207008/version/20200731"/>
          </parameter>
          <contains>
            <system value="http://snomed.info/sct"/>
            <code value="26643006"/>
            <display value="Oral use"/>
          </contains>
          <contains>
            <system value="http://snomed.info/sct"/>
            <code value="37161004"/>
            <display value="Rectal use"/>
          </contains>
          <contains>
            <system value="http://snomed.info/sct"/>
            <code value="45890007"/>
            <display value="Transdermal use"/>
          </contains>
          <contains>
            <system value="http://snomed.info/sct"/>
            <code value="6064005"/>
            <display value="Topical route"/>
          </contains>
          <contains>
            <system value="http://snomed.info/sct"/>
            <code value="78421000"/>
            <display value="Intramuscular use"/>
          </contains>
          <contains>
            <system value="http://snomed.info/sct"/>
            <code value="47625008"/>
            <display value="Intravenous use"/>
          </contains>
        </expansion>
      </ValueSet>
    </resource>
  </entry>
</Bundle>