<?xml version="1.0" encoding="UTF-8"?>

<Bundle xmlns="http://hl7.org/fhir">
  <id value="94007724-7608-434e-aeea-09f884639ff6"/>
  <meta>
    <lastUpdated value="2020-11-24T13:52:22.219-06:00"/>
  </meta>
  <type value="collection"/>
  <entry>
    <resource>
      <ValueSet>
        <text>
          <status value="generated"/>
          <div xmlns="http://www.w3.org/1999/xhtml">
            <p>This value set contains 4 concepts</p>
            <p style="border: black 1px dotted; background-color: #EEEEEE; padding: 8px; margin-bottom: 8px">Expansion based on Loinc v2.68</p>
            <p>All codes from system 
              <code>http://loinc.org</code>
            </p>
            <table class="codes">
              <tr>
                <td style="white-space:nowrap">
                  <b>Code</b>
                </td>
                <td>
                  <b>Display</b>
                </td>
              </tr>
              <tr>
                <td style="white-space:nowrap">
                  <a name="http---loinc.org-69000-8"> </a>
                  <a href="http://details.loinc.org/LOINC/69000-8.html">69000-8</a>
                </td>
                <td>Heart rate - sitting</td>
              </tr>
              <tr>
                <td style="white-space:nowrap">
                  <a name="http---loinc.org-69001-6"> </a>
                  <a href="http://details.loinc.org/LOINC/69001-6.html">69001-6</a>
                </td>
                <td>Heart rate - standing</td>
              </tr>
              <tr>
                <td style="white-space:nowrap">
                  <a name="http---loinc.org-68999-2"> </a>
                  <a href="http://details.loinc.org/LOINC/68999-2.html">68999-2</a>
                </td>
                <td>Heart rate - supine</td>
              </tr>
              <tr>
                <td style="white-space:nowrap">
                  <a name="http---loinc.org-40443-4"> </a>
                  <a href="http://details.loinc.org/LOINC/40443-4.html">40443-4</a>
                </td>
                <td>Heart rate - resting</td>
              </tr>
            </table>
          </div>
        </text>
        <status value="active"/>
        <expansion>
          <identifier value="urn:uuid:4212a64a-2b69-42ac-93dd-f5acd8bca2cb"/>
          <timestamp value="2020-11-24T18:52:42.258Z"/>
          <parameter>
            <name value="limitedExpansion"/>
            <valueBoolean value="true"/>
          </parameter>
          <parameter>
            <name value="version"/>
            <valueString value="http://loinc.org|2.68"/>
          </parameter>
          <contains>
            <system value="http://loinc.org"/>
            <code value="69000-8"/>
            <display value="Heart rate - sitting"/>
          </contains>
          <contains>
            <system value="http://loinc.org"/>
            <code value="69001-6"/>
            <display value="Heart rate - standing"/>
          </contains>
          <contains>
            <system value="http://loinc.org"/>
            <code value="68999-2"/>
            <display value="Heart rate - supine"/>
          </contains>
          <contains>
            <system value="http://loinc.org"/>
            <code value="40443-4"/>
            <display value="Heart rate - resting"/>
          </contains>
        </expansion>
      </ValueSet>
    </resource>
  </entry>
  <entry>
    <resource>
      <ValueSet>
        <text>
          <status value="generated"/>
          <div xmlns="http://www.w3.org/1999/xhtml">
            <p>This value set contains 4 concepts</p>
            <p style="border: black 1px dotted; background-color: #EEEEEE; padding: 8px; margin-bottom: 8px">Expansion based on SNOMED CT International edition 31-Jul 2020</p>
            <p>All codes from system 
              <a href="http://hl7.org/fhir/R4/codesystem-snomedct.html">
                <code>http://snomed.info/sct</code>
              </a>
            </p>
            <table class="codes">
              <tr>
                <td style="white-space:nowrap">
                  <b>Code</b>
                </td>
                <td>
                  <b>Display</b>
                </td>
                <td>
                  <b>Definition</b>
                </td>
              </tr>
              <tr>
                <td style="white-space:nowrap">
                  <a name="http---snomed.info-sct-15220000"> </a>
                  <a href="http://browser.ihtsdotools.org/?perspective=full&amp;conceptId1=15220000">15220000</a>
                </td>
                <td>Laboratory Test</td>
                <td/>
              </tr>
              <tr>
                <td style="white-space:nowrap">
                  <a name="http---snomed.info-sct-350810002"> </a>
                  <a href="http://browser.ihtsdotools.org/?perspective=full&amp;conceptId1=350810002">350810002</a>
                </td>
                <td>Lancet</td>
                <td/>
              </tr>
              <tr>
                <td style="white-space:nowrap">
                  <a name="http---snomed.info-sct-263902000"> </a>
                  <a href="http://browser.ihtsdotools.org/?perspective=full&amp;conceptId1=263902000">263902000</a>
                </td>
                <td>Transcutaneous method</td>
                <td/>
              </tr>
              <tr>
                <td style="white-space:nowrap">
                  <a name="http---snomed.info-sct-261373009"> </a>
                  <a href="http://browser.ihtsdotools.org/?perspective=full&amp;conceptId1=261373009">261373009</a>
                </td>
                <td>Implant technique</td>
                <td/>
              </tr>
            </table>
          </div>
        </text>
        <status value="active"/>
        <expansion>
          <identifier value="urn:uuid:f3b81670-83b3-413e-964d-dc2269520059"/>
          <timestamp value="2020-11-24T18:52:43.164Z"/>
          <parameter>
            <name value="limitedExpansion"/>
            <valueBoolean value="true"/>
          </parameter>
          <parameter>
            <name value="version"/>
            <valueString value="http://snomed.info/sct|http://snomed.info/sct/900000000000207008/version/20200731"/>
          </parameter>
          <contains>
            <system value="http://snomed.info/sct"/>
            <code value="15220000"/>
            <display value="Laboratory Test"/>
          </contains>
          <contains>
            <system value="http://snomed.info/sct"/>
            <code value="350810002"/>
            <display value="Lancet"/>
          </contains>
          <contains>
            <system value="http://snomed.info/sct"/>
            <code value="263902000"/>
            <display value="Transcutaneous method"/>
          </contains>
          <contains>
            <system value="http://snomed.info/sct"/>
            <code value="261373009"/>
            <display value="Implant technique"/>
          </contains>
        </expansion>
      </ValueSet>
    </resource>
  </entry>
  <entry>
    <resource>
      <ValueSet>
        <text>
          <status value="generated"/>
          <div xmlns="http://www.w3.org/1999/xhtml">
            <p>This value set contains 5 concepts</p>
            <p style="border: black 1px dotted; background-color: #EEEEEE; padding: 8px; margin-bottom: 8px">Expansion based on SNOMED CT International edition 31-Jul 2020</p>
            <p>All codes from system 
              <a href="http://hl7.org/fhir/R4/codesystem-snomedct.html">
                <code>http://snomed.info/sct</code>
              </a>
            </p>
            <table class="codes">
              <tr>
                <td style="white-space:nowrap">
                  <b>Code</b>
                </td>
                <td>
                  <b>Display</b>
                </td>
                <td>
                  <b>Definition</b>
                </td>
              </tr>
              <tr>
                <td style="white-space:nowrap">
                  <a name="http---snomed.info-sct-422005"> </a>
                  <a href="http://browser.ihtsdotools.org/?perspective=full&amp;conceptId1=422005">422005</a>
                </td>
                <td>Inferior surface of tongue</td>
                <td/>
              </tr>
              <tr>
                <td style="white-space:nowrap">
                  <a name="http---snomed.info-sct-362732006"> </a>
                  <a href="http://browser.ihtsdotools.org/?perspective=full&amp;conceptId1=362732006">362732006</a>
                </td>
                <td>Entire axillary region</td>
                <td/>
              </tr>
              <tr>
                <td style="white-space:nowrap">
                  <a name="http---snomed.info-sct-1910005"> </a>
                  <a href="http://browser.ihtsdotools.org/?perspective=full&amp;conceptId1=1910005">1910005</a>
                </td>
                <td>Entire ear</td>
                <td/>
              </tr>
              <tr>
                <td style="white-space:nowrap">
                  <a name="http---snomed.info-sct-21082005"> </a>
                  <a href="http://browser.ihtsdotools.org/?perspective=full&amp;conceptId1=21082005">21082005</a>
                </td>
                <td>Entire mouth region</td>
                <td/>
              </tr>
              <tr>
                <td style="white-space:nowrap">
                  <a name="http---snomed.info-sct-181261002"> </a>
                  <a href="http://browser.ihtsdotools.org/?perspective=full&amp;conceptId1=181261002">181261002</a>
                </td>
                <td>Entire rectum</td>
                <td/>
              </tr>
            </table>
          </div>
        </text>
        <status value="active"/>
        <expansion>
          <identifier value="urn:uuid:6626bcfd-8083-42c9-b90a-e0dc8a450c5f"/>
          <timestamp value="2020-11-24T18:52:43.773Z"/>
          <parameter>
            <name value="limitedExpansion"/>
            <valueBoolean value="true"/>
          </parameter>
          <parameter>
            <name value="version"/>
            <valueString value="http://snomed.info/sct|http://snomed.info/sct/900000000000207008/version/20200731"/>
          </parameter>
          <contains>
            <system value="http://snomed.info/sct"/>
            <code value="422005"/>
            <display value="Inferior surface of tongue"/>
          </contains>
          <contains>
            <system value="http://snomed.info/sct"/>
            <code value="362732006"/>
            <display value="Entire axillary region"/>
          </contains>
          <contains>
            <system value="http://snomed.info/sct"/>
            <code value="1910005"/>
            <display value="Entire ear"/>
          </contains>
          <contains>
            <system value="http://snomed.info/sct"/>
            <code value="21082005"/>
            <display value="Entire mouth region"/>
          </contains>
          <contains>
            <system value="http://snomed.info/sct"/>
            <code value="181261002"/>
            <display value="Entire rectum"/>
          </contains>
        </expansion>
      </ValueSet>
    </resource>
  </entry>
  <entry>
    <resource>
      <ValueSet>
        <text>
          <status value="generated"/>
          <div xmlns="http://www.w3.org/1999/xhtml">
            <p>This value set contains 2 concepts</p>
            <p style="border: black 1px dotted; background-color: #EEEEEE; padding: 8px; margin-bottom: 8px">Expansion based on UCUM version 2.0.1</p>
            <p>All codes from system 
              <code>http://unitsofmeasure.org</code>
            </p>
            <table class="codes">
              <tr>
                <td style="white-space:nowrap">
                  <b>Code</b>
                </td>
                <td>
                  <b>Display</b>
                </td>
              </tr>
              <tr>
                <td style="white-space:nowrap">
                  <a name="http---unitsofmeasure.org--degF-"> </a>[degF]
                </td>
                <td>degree Fahrenheit</td>
              </tr>
              <tr>
                <td style="white-space:nowrap">
                  <a name="http---unitsofmeasure.org-Cel"> </a>Cel
                </td>
                <td>degree Celsius</td>
              </tr>
            </table>
          </div>
        </text>
        <status value="active"/>
        <expansion>
          <identifier value="urn:uuid:edfa39a5-368b-4e2d-a40e-faaaba808585"/>
          <timestamp value="2020-11-24T18:52:44.211Z"/>
          <parameter>
            <name value="limitedExpansion"/>
            <valueBoolean value="true"/>
          </parameter>
          <parameter>
            <name value="version"/>
            <valueString value="http://unitsofmeasure.org|2.0.1"/>
          </parameter>
          <contains>
            <system value="http://unitsofmeasure.org"/>
            <code value="[degF]"/>
            <display value="degree Fahrenheit"/>
          </contains>
          <contains>
            <system value="http://unitsofmeasure.org"/>
            <code value="Cel"/>
            <display value="degree Celsius"/>
          </contains>
        </expansion>
      </ValueSet>
    </resource>
  </entry>
  <entry>
    <resource>
      <ValueSet>
        <text>
          <status value="generated"/>
          <div xmlns="http://www.w3.org/1999/xhtml">
            <p>This value set contains 2 concepts</p>
            <p style="border: black 1px dotted; background-color: #EEEEEE; padding: 8px; margin-bottom: 8px">Expansion based on UCUM version 2.0.1</p>
            <p>All codes from system 
              <code>http://unitsofmeasure.org</code>
            </p>
            <table class="codes">
              <tr>
                <td style="white-space:nowrap">
                  <b>Code</b>
                </td>
                <td>
                  <b>Display</b>
                </td>
              </tr>
              <tr>
                <td style="white-space:nowrap">
                  <a name="http---unitsofmeasure.org--lb-av-"> </a>[lb_av]
                </td>
                <td>pound (US and British)</td>
              </tr>
              <tr>
                <td style="white-space:nowrap">
                  <a name="http---unitsofmeasure.org-kg"> </a>kg
                </td>
                <td>kilogram</td>
              </tr>
            </table>
          </div>
        </text>
        <status value="active"/>
        <expansion>
          <identifier value="urn:uuid:6d645a0a-72a0-49bf-9a97-40060ee36364"/>
          <timestamp value="2020-11-24T18:52:44.773Z"/>
          <parameter>
            <name value="limitedExpansion"/>
            <valueBoolean value="true"/>
          </parameter>
          <parameter>
            <name value="version"/>
            <valueString value="http://unitsofmeasure.org|2.0.1"/>
          </parameter>
          <contains>
            <system value="http://unitsofmeasure.org"/>
            <code value="[lb_av]"/>
            <display value="pound (US and British)"/>
          </contains>
          <contains>
            <system value="http://unitsofmeasure.org"/>
            <code value="kg"/>
            <display value="kilogram"/>
          </contains>
        </expansion>
      </ValueSet>
    </resource>
  </entry>
  <entry>
    <resource>
      <ValueSet>
        <text>
          <status value="generated"/>
          <div xmlns="http://www.w3.org/1999/xhtml">
            <p>This value set contains 6 concepts</p>
            <p style="border: black 1px dotted; background-color: #EEEEEE; padding: 8px; margin-bottom: 8px">Expansion based on SNOMED CT International edition 31-Jul 2020</p>
            <p>All codes from system 
              <a href="http://hl7.org/fhir/R4/codesystem-snomedct.html">
                <code>http://snomed.info/sct</code>
              </a>
            </p>
            <table class="codes">
              <tr>
                <td style="white-space:nowrap">
                  <b>Code</b>
                </td>
                <td>
                  <b>Display</b>
                </td>
                <td>
                  <b>Definition</b>
                </td>
              </tr>
              <tr>
                <td style="white-space:nowrap">
                  <a name="http---snomed.info-sct-26643006"> </a>
                  <a href="http://browser.ihtsdotools.org/?perspective=full&amp;conceptId1=26643006">26643006</a>
                </td>
                <td>Oral use</td>
                <td/>
              </tr>
              <tr>
                <td style="white-space:nowrap">
                  <a name="http---snomed.info-sct-37161004"> </a>
                  <a href="http://browser.ihtsdotools.org/?perspective=full&amp;conceptId1=37161004">37161004</a>
                </td>
                <td>Rectal use</td>
                <td/>
              </tr>
              <tr>
                <td style="white-space:nowrap">
                  <a name="http---snomed.info-sct-45890007"> </a>
                  <a href="http://browser.ihtsdotools.org/?perspective=full&amp;conceptId1=45890007">45890007</a>
                </td>
                <td>Transdermal use</td>
                <td/>
              </tr>
              <tr>
                <td style="white-space:nowrap">
                  <a name="http---snomed.info-sct-6064005"> </a>
                  <a href="http://browser.ihtsdotools.org/?perspective=full&amp;conceptId1=6064005">6064005</a>
                </td>
                <td>Topical route</td>
                <td/>
              </tr>
              <tr>
                <td style="white-space:nowrap">
                  <a name="http---snomed.info-sct-78421000"> </a>
                  <a href="http://browser.ihtsdotools.org/?perspective=full&amp;conceptId1=78421000">78421000</a>
                </td>
                <td>Intramuscular use</td>
                <td/>
              </tr>
              <tr>
                <td style="white-space:nowrap">
                  <a name="http---snomed.info-sct-47625008"> </a>
                  <a href="http://browser.ihtsdotools.org/?perspective=full&amp;conceptId1=47625008">47625008</a>
                </td>
                <td>Intravenous use</td>
                <td/>
              </tr>
            </table>
          </div>
        </text>
        <status value="active"/>
        <expansion>
          <identifier value="urn:uuid:5f626b55-532d-4f18-878e-38796f409586"/>
          <timestamp value="2020-11-24T18:52:45.352Z"/>
          <parameter>
            <name value="limitedExpansion"/>
            <valueBoolean value="true"/>
          </parameter>
          <parameter>
            <name value="version"/>
            <valueString value="http://snomed.info/sct|http://snomed.info/sct/900000000000207008/version/20200731"/>
          </parameter>
          <contains>
            <system value="http://snomed.info/sct"/>
            <code value="26643006"/>
            <display value="Oral use"/>
          </contains>
          <contains>
            <system value="http://snomed.info/sct"/>
            <code value="37161004"/>
            <display value="Rectal use"/>
          </contains>
          <contains>
            <system value="http://snomed.info/sct"/>
            <code value="45890007"/>
            <display value="Transdermal use"/>
          </contains>
          <contains>
            <system value="http://snomed.info/sct"/>
            <code value="6064005"/>
            <display value="Topical route"/>
          </contains>
          <contains>
            <system value="http://snomed.info/sct"/>
            <code value="78421000"/>
            <display value="Intramuscular use"/>
          </contains>
          <contains>
            <system value="http://snomed.info/sct"/>
            <code value="47625008"/>
            <display value="Intravenous use"/>
          </contains>
        </expansion>
      </ValueSet>
    </resource>
  </entry>
</Bundle>