<?xml version="1.0" encoding="UTF-8"?>

<Bundle xmlns="http://hl7.org/fhir">
  <id value="5e00e8ab-a80e-48f6-b021-1c1738512154"/>
  <meta>
    <lastUpdated value="2022-10-17T15:29:01.572-05:00"/>
  </meta>
  <type value="collection"/>
  <entry>
    <fullUrl value="https://johnmoehrke.github.io/MHV-PGHD/ValueSet/AgesVS"/>
    <resource>
      <ValueSet>
        <id value="AgesVS"/>
        <text>
          <status value="generated"/>
          <div xmlns="http://www.w3.org/1999/xhtml">
            <p>This value set contains 15 concepts</p>
            <p style="border: black 1px dotted; background-color: #EEEEEE; padding: 8px; margin-bottom: 8px">Expansion based on 
              <a href="CodeSystem-Ages.html">Ages in decades v0.2.8-beta (CodeSystem)</a>
            </p>
            <table class="codes">
              <tr>
                <td style="white-space:nowrap">
                  <b>Code</b>
                </td>
                <td>
                  <b>System</b>
                </td>
                <td>
                  <b>Display</b>
                </td>
              </tr>
              <tr>
                <td style="white-space:nowrap">
                  <a name="https---johnmoehrke.github.io-MHV-PGHD-CodeSystem-Ages-preBirth"> </a>  
                  <a href="CodeSystem-Ages.html#Ages-preBirth">preBirth</a>
                </td>
                <td>https://johnmoehrke.github.io/MHV-PGHD/CodeSystem/Ages</td>
                <td>Pre-Birth</td>
              </tr>
              <tr>
                <td style="white-space:nowrap">
                  <a name="https---johnmoehrke.github.io-MHV-PGHD-CodeSystem-Ages-newBorn"> </a>  
                  <a href="CodeSystem-Ages.html#Ages-newBorn">newBorn</a>
                </td>
                <td>https://johnmoehrke.github.io/MHV-PGHD/CodeSystem/Ages</td>
                <td>Newborn</td>
              </tr>
              <tr>
                <td style="white-space:nowrap">
                  <a name="https---johnmoehrke.github.io-MHV-PGHD-CodeSystem-Ages-infancy"> </a>  
                  <a href="CodeSystem-Ages.html#Ages-infancy">infancy</a>
                </td>
                <td>https://johnmoehrke.github.io/MHV-PGHD/CodeSystem/Ages</td>
                <td>In Infancy</td>
              </tr>
              <tr>
                <td style="white-space:nowrap">
                  <a name="https---johnmoehrke.github.io-MHV-PGHD-CodeSystem-Ages-childhood"> </a>  
                  <a href="CodeSystem-Ages.html#Ages-childhood">childhood</a>
                </td>
                <td>https://johnmoehrke.github.io/MHV-PGHD/CodeSystem/Ages</td>
                <td>In Childhood</td>
              </tr>
              <tr>
                <td style="white-space:nowrap">
                  <a name="https---johnmoehrke.github.io-MHV-PGHD-CodeSystem-Ages-adolecense"> </a>  
                  <a href="CodeSystem-Ages.html#Ages-adolecense">adolecense</a>
                </td>
                <td>https://johnmoehrke.github.io/MHV-PGHD/CodeSystem/Ages</td>
                <td>In Adolescence</td>
              </tr>
              <tr>
                <td style="white-space:nowrap">
                  <a name="https---johnmoehrke.github.io-MHV-PGHD-CodeSystem-Ages-twenties"> </a>  
                  <a href="CodeSystem-Ages.html#Ages-twenties">twenties</a>
                </td>
                <td>https://johnmoehrke.github.io/MHV-PGHD/CodeSystem/Ages</td>
                <td>20-29 years</td>
              </tr>
              <tr>
                <td style="white-space:nowrap">
                  <a name="https---johnmoehrke.github.io-MHV-PGHD-CodeSystem-Ages-thirties"> </a>  
                  <a href="CodeSystem-Ages.html#Ages-thirties">thirties</a>
                </td>
                <td>https://johnmoehrke.github.io/MHV-PGHD/CodeSystem/Ages</td>
                <td>30-39 years</td>
              </tr>
              <tr>
                <td style="white-space:nowrap">
                  <a name="https---johnmoehrke.github.io-MHV-PGHD-CodeSystem-Ages-fourties"> </a>  
                  <a href="CodeSystem-Ages.html#Ages-fourties">fourties</a>
                </td>
                <td>https://johnmoehrke.github.io/MHV-PGHD/CodeSystem/Ages</td>
                <td>40-49 years</td>
              </tr>
              <tr>
                <td style="white-space:nowrap">
                  <a name="https---johnmoehrke.github.io-MHV-PGHD-CodeSystem-Ages-fifties"> </a>  
                  <a href="CodeSystem-Ages.html#Ages-fifties">fifties</a>
                </td>
                <td>https://johnmoehrke.github.io/MHV-PGHD/CodeSystem/Ages</td>
                <td>50-59 years</td>
              </tr>
              <tr>
                <td style="white-space:nowrap">
                  <a name="https---johnmoehrke.github.io-MHV-PGHD-CodeSystem-Ages-sixties"> </a>  
                  <a href="CodeSystem-Ages.html#Ages-sixties">sixties</a>
                </td>
                <td>https://johnmoehrke.github.io/MHV-PGHD/CodeSystem/Ages</td>
                <td>60-69 years</td>
              </tr>
              <tr>
                <td style="white-space:nowrap">
                  <a name="https---johnmoehrke.github.io-MHV-PGHD-CodeSystem-Ages-seventies"> </a>  
                  <a href="CodeSystem-Ages.html#Ages-seventies">seventies</a>
                </td>
                <td>https://johnmoehrke.github.io/MHV-PGHD/CodeSystem/Ages</td>
                <td>70-79 years</td>
              </tr>
              <tr>
                <td style="white-space:nowrap">
                  <a name="https---johnmoehrke.github.io-MHV-PGHD-CodeSystem-Ages-eighties"> </a>  
                  <a href="CodeSystem-Ages.html#Ages-eighties">eighties</a>
                </td>
                <td>https://johnmoehrke.github.io/MHV-PGHD/CodeSystem/Ages</td>
                <td>80-89 years</td>
              </tr>
              <tr>
                <td style="white-space:nowrap">
                  <a name="https---johnmoehrke.github.io-MHV-PGHD-CodeSystem-Ages-ninties"> </a>  
                  <a href="CodeSystem-Ages.html#Ages-ninties">ninties</a>
                </td>
                <td>https://johnmoehrke.github.io/MHV-PGHD/CodeSystem/Ages</td>
                <td>90-99 years</td>
              </tr>
              <tr>
                <td style="white-space:nowrap">
                  <a name="https---johnmoehrke.github.io-MHV-PGHD-CodeSystem-Ages-centurian"> </a>  
                  <a href="CodeSystem-Ages.html#Ages-centurian">centurian</a>
                </td>
                <td>https://johnmoehrke.github.io/MHV-PGHD/CodeSystem/Ages</td>
                <td>100 plus years</td>
              </tr>
              <tr>
                <td style="white-space:nowrap">
                  <a name="https---johnmoehrke.github.io-MHV-PGHD-CodeSystem-Ages-unknown"> </a>  
                  <a href="CodeSystem-Ages.html#Ages-unknown">unknown</a>
                </td>
                <td>https://johnmoehrke.github.io/MHV-PGHD/CodeSystem/Ages</td>
                <td>unknown</td>
              </tr>
            </table>
          </div>
        </text>
        <url value="https://johnmoehrke.github.io/MHV-PGHD/ValueSet/AgesVS"/>
        <version value="0.2.8-beta"/>
        <name value="AgesVS"/>
        <title value="Ages ValueSet"/>
        <status value="active"/>
        <experimental value="false"/>
        <date value="2022-10-17T15:29:01-05:00"/>
        <publisher value="John Moehrke (himself)"/>
        <contact>
          <name value="John Moehrke (himself)"/>
          <telecom>
            <system value="url"/>
            <value value="http://healthcaresecprivacy.blogspot.com"/>
          </telecom>
          <telecom>
            <system value="email"/>
            <value value="JohnMoehrke@gmail.com"/>
          </telecom>
        </contact>
        <contact>
          <name value="John Moehrke (himself)"/>
          <telecom>
            <system value="email"/>
            <value value="JohnMoehrke@gmail.com"/>
          </telecom>
        </contact>
        <description value="ValueSet of the Ages allowed"/>
        <jurisdiction>
          <coding>
            <system value="http://unstats.un.org/unsd/methods/m49/m49.htm"/>
            <code value="001"/>
          </coding>
        </jurisdiction>
        <expansion>
          <identifier value="urn:uuid:dab8adbc-d9fd-473b-9e39-c4fdd890ff65"/>
          <timestamp value="2022-10-17T15:30:31-05:00"/>
          <total value="15"/>
          <parameter>
            <name value="excludeNested"/>
            <valueBoolean value="false"/>
          </parameter>
          <parameter>
            <name value="version"/>
            <valueUri value="https://johnmoehrke.github.io/MHV-PGHD/CodeSystem/Ages|0.2.8-beta"/>
          </parameter>
          <contains>
            <system value="https://johnmoehrke.github.io/MHV-PGHD/CodeSystem/Ages"/>
            <code value="preBirth"/>
            <display value="Pre-Birth"/>
          </contains>
          <contains>
            <system value="https://johnmoehrke.github.io/MHV-PGHD/CodeSystem/Ages"/>
            <code value="newBorn"/>
            <display value="Newborn"/>
          </contains>
          <contains>
            <system value="https://johnmoehrke.github.io/MHV-PGHD/CodeSystem/Ages"/>
            <code value="infancy"/>
            <display value="In Infancy"/>
          </contains>
          <contains>
            <system value="https://johnmoehrke.github.io/MHV-PGHD/CodeSystem/Ages"/>
            <code value="childhood"/>
            <display value="In Childhood"/>
          </contains>
          <contains>
            <system value="https://johnmoehrke.github.io/MHV-PGHD/CodeSystem/Ages"/>
            <code value="adolecense"/>
            <display value="In Adolescence"/>
          </contains>
          <contains>
            <system value="https://johnmoehrke.github.io/MHV-PGHD/CodeSystem/Ages"/>
            <code value="twenties"/>
            <display value="20-29 years"/>
          </contains>
          <contains>
            <system value="https://johnmoehrke.github.io/MHV-PGHD/CodeSystem/Ages"/>
            <code value="thirties"/>
            <display value="30-39 years"/>
          </contains>
          <contains>
            <system value="https://johnmoehrke.github.io/MHV-PGHD/CodeSystem/Ages"/>
            <code value="fourties"/>
            <display value="40-49 years"/>
          </contains>
          <contains>
            <system value="https://johnmoehrke.github.io/MHV-PGHD/CodeSystem/Ages"/>
            <code value="fifties"/>
            <display value="50-59 years"/>
          </contains>
          <contains>
            <system value="https://johnmoehrke.github.io/MHV-PGHD/CodeSystem/Ages"/>
            <code value="sixties"/>
            <display value="60-69 years"/>
          </contains>
          <contains>
            <system value="https://johnmoehrke.github.io/MHV-PGHD/CodeSystem/Ages"/>
            <code value="seventies"/>
            <display value="70-79 years"/>
          </contains>
          <contains>
            <system value="https://johnmoehrke.github.io/MHV-PGHD/CodeSystem/Ages"/>
            <code value="eighties"/>
            <display value="80-89 years"/>
          </contains>
          <contains>
            <system value="https://johnmoehrke.github.io/MHV-PGHD/CodeSystem/Ages"/>
            <code value="ninties"/>
            <display value="90-99 years"/>
          </contains>
          <contains>
            <system value="https://johnmoehrke.github.io/MHV-PGHD/CodeSystem/Ages"/>
            <code value="centurian"/>
            <display value="100 plus years"/>
          </contains>
          <contains>
            <system value="https://johnmoehrke.github.io/MHV-PGHD/CodeSystem/Ages"/>
            <code value="unknown"/>
            <display value="unknown"/>
          </contains>
        </expansion>
      </ValueSet>
    </resource>
  </entry>
  <entry>
    <fullUrl value="https://johnmoehrke.github.io/MHV-PGHD/ValueSet/AllAppIdCodes"/>
    <resource>
      <ValueSet>
        <id value="AllAppIdCodes"/>
        <text>
          <status value="generated"/>
          <div xmlns="http://www.w3.org/1999/xhtml">
            <p>This value set contains 2 concepts</p>
            <div style="border: black 1px dotted; background-color: #EEEEEE; padding: 8px; margin-bottom: 8px">
              <p>Expansion based on: </p>
              <ul>
                <li>
                  <a href="CodeSystem-OnclC.html">PGD apps v0.2.8-beta (CodeSystem)</a>
                </li>
                <li>
                  <a href="CodeSystem-CPM.html">PGD other apps v0.2.8-beta (CodeSystem)</a>
                </li>
              </ul>
            </div>
            <table class="codes">
              <tr>
                <td style="white-space:nowrap">
                  <b>Code</b>
                </td>
                <td>
                  <b>System</b>
                </td>
                <td>
                  <b>Display</b>
                </td>
              </tr>
              <tr>
                <td style="white-space:nowrap">
                  <a name="https---wiki.mobilehealth.va.gov-x-Onc1C-2ce6d9aa-c068-4809-8dda-662bcb16d09a"> </a>  
                  <a href="CodeSystem-OnclC.html#OnclC-2ce6d9aa-c068-4809-8dda-662bcb16d09a">2ce6d9aa-c068-4809-8dda-662bcb16d09a</a>
                </td>
                <td>https://wiki.mobilehealth.va.gov/x/Onc1C</td>
                <td>MyHealtheVet</td>
              </tr>
              <tr>
                <td style="white-space:nowrap">
                  <a name="https---wiki.mobilehealth.va.gov-display-PGDMS-Client-Provenance-Mapping-1e11b692-1898-4351-a7c5-428f61c91817-"> </a>  
                  <a href="CodeSystem-CPM.html#CPM-1e11b692-1898-4351-a7c5-428f61c91817.34">1e11b692-1898-4351-a7c5-428f61c91817&quot;</a>
                </td>
                <td>https://wiki.mobilehealth.va.gov/display/PGDMS/Client+Provenance+Mapping</td>
                <td>MobileKidney</td>
              </tr>
            </table>
          </div>
        </text>
        <url value="https://johnmoehrke.github.io/MHV-PGHD/ValueSet/AllAppIdCodes"/>
        <version value="0.2.8-beta"/>
        <name value="AllAppIdCodes"/>
        <title value="PGD App Id Codes"/>
        <status value="active"/>
        <experimental value="false"/>
        <date value="2022-10-17T15:29:01-05:00"/>
        <publisher value="John Moehrke (himself)"/>
        <contact>
          <name value="John Moehrke (himself)"/>
          <telecom>
            <system value="url"/>
            <value value="http://healthcaresecprivacy.blogspot.com"/>
          </telecom>
          <telecom>
            <system value="email"/>
            <value value="JohnMoehrke@gmail.com"/>
          </telecom>
        </contact>
        <contact>
          <name value="John Moehrke (himself)"/>
          <telecom>
            <system value="email"/>
            <value value="JohnMoehrke@gmail.com"/>
          </telecom>
        </contact>
        <description value="All valid App ID codes"/>
        <jurisdiction>
          <coding>
            <system value="http://unstats.un.org/unsd/methods/m49/m49.htm"/>
            <code value="001"/>
          </coding>
        </jurisdiction>
        <expansion>
          <identifier value="urn:uuid:65fa71dd-8956-4522-aec8-3fcf52f71c3e"/>
          <timestamp value="2022-10-17T15:30:32-05:00"/>
          <total value="2"/>
          <parameter>
            <name value="excludeNested"/>
            <valueBoolean value="false"/>
          </parameter>
          <parameter>
            <name value="version"/>
            <valueUri value="https://wiki.mobilehealth.va.gov/x/Onc1C|0.2.8-beta"/>
          </parameter>
          <parameter>
            <name value="version"/>
            <valueUri value="https://wiki.mobilehealth.va.gov/display/PGDMS/Client+Provenance+Mapping|0.2.8-beta"/>
          </parameter>
          <contains>
            <system value="https://wiki.mobilehealth.va.gov/x/Onc1C"/>
            <code value="2ce6d9aa-c068-4809-8dda-662bcb16d09a"/>
            <display value="MyHealtheVet"/>
          </contains>
          <contains>
            <system value="https://wiki.mobilehealth.va.gov/display/PGDMS/Client+Provenance+Mapping"/>
            <code value="1e11b692-1898-4351-a7c5-428f61c91817&quot;"/>
            <display value="MobileKidney"/>
          </contains>
        </expansion>
      </ValueSet>
    </resource>
  </entry>
  <entry>
    <fullUrl value="https://johnmoehrke.github.io/MHV-PGHD/ValueSet/mhv-blood-pressure-positions"/>
    <resource>
      <ValueSet>
        <id value="mhv-blood-pressure-positions"/>
        <text>
          <status value="generated"/>
          <div xmlns="http://www.w3.org/1999/xhtml">
            <p>This value set contains 4 concepts</p>
            <p style="border: black 1px dotted; background-color: #EEEEEE; padding: 8px; margin-bottom: 8px">Expansion based on Loinc v2.73</p>
            <table class="codes">
              <tr>
                <td style="white-space:nowrap">
                  <b>Code</b>
                </td>
                <td>
                  <b>System</b>
                </td>
                <td>
                  <b>Display</b>
                </td>
              </tr>
              <tr>
                <td style="white-space:nowrap">
                  <a name="http---loinc.org-69000-8"> </a>  
                  <a href="http://details.loinc.org/LOINC/69000-8.html">69000-8</a>
                </td>
                <td>http://loinc.org</td>
                <td>Heart rate - sitting</td>
              </tr>
              <tr>
                <td style="white-space:nowrap">
                  <a name="http---loinc.org-69001-6"> </a>  
                  <a href="http://details.loinc.org/LOINC/69001-6.html">69001-6</a>
                </td>
                <td>http://loinc.org</td>
                <td>Heart rate - standing</td>
              </tr>
              <tr>
                <td style="white-space:nowrap">
                  <a name="http---loinc.org-68999-2"> </a>  
                  <a href="http://details.loinc.org/LOINC/68999-2.html">68999-2</a>
                </td>
                <td>http://loinc.org</td>
                <td>Heart rate - supine</td>
              </tr>
              <tr>
                <td style="white-space:nowrap">
                  <a name="http---loinc.org-40443-4"> </a>  
                  <a href="http://details.loinc.org/LOINC/40443-4.html">40443-4</a>
                </td>
                <td>http://loinc.org</td>
                <td>Heart rate - resting</td>
              </tr>
            </table>
          </div>
        </text>
        <url value="https://johnmoehrke.github.io/MHV-PGHD/ValueSet/mhv-blood-pressure-positions"/>
        <version value="0.2.8-beta"/>
        <name value="MHVbloodPressurePositions"/>
        <title value="The methods of measurement for blood pressure that MHV supports"/>
        <status value="active"/>
        <experimental value="false"/>
        <date value="2022-10-17T15:29:01-05:00"/>
        <publisher value="John Moehrke (himself)"/>
        <contact>
          <name value="John Moehrke (himself)"/>
          <telecom>
            <system value="url"/>
            <value value="http://healthcaresecprivacy.blogspot.com"/>
          </telecom>
          <telecom>
            <system value="email"/>
            <value value="JohnMoehrke@gmail.com"/>
          </telecom>
        </contact>
        <contact>
          <name value="John Moehrke (himself)"/>
          <telecom>
            <system value="email"/>
            <value value="JohnMoehrke@gmail.com"/>
          </telecom>
        </contact>
        <description value="These are the loinc body positions that MHV supports on blood pressure."/>
        <jurisdiction>
          <coding>
            <system value="http://unstats.un.org/unsd/methods/m49/m49.htm"/>
            <code value="001"/>
          </coding>
        </jurisdiction>
        <expansion>
          <identifier value="urn:uuid:96262c30-0da5-4175-af1e-469468888f0d"/>
          <timestamp value="2022-10-17T15:30:32-05:00"/>
          <total value="4"/>
          <parameter>
            <name value="excludeNested"/>
            <valueBoolean value="false"/>
          </parameter>
          <parameter>
            <name value="limitedExpansion"/>
            <valueBoolean value="true"/>
          </parameter>
          <parameter>
            <name value="version"/>
            <valueUri value="http://loinc.org|2.73"/>
          </parameter>
          <contains>
            <system value="http://loinc.org"/>
            <code value="69000-8"/>
            <display value="Heart rate - sitting"/>
          </contains>
          <contains>
            <system value="http://loinc.org"/>
            <code value="69001-6"/>
            <display value="Heart rate - standing"/>
          </contains>
          <contains>
            <system value="http://loinc.org"/>
            <code value="68999-2"/>
            <display value="Heart rate - supine"/>
          </contains>
          <contains>
            <system value="http://loinc.org"/>
            <code value="40443-4"/>
            <display value="Heart rate - resting"/>
          </contains>
        </expansion>
      </ValueSet>
    </resource>
  </entry>
  <entry>
    <fullUrl value="https://johnmoehrke.github.io/MHV-PGHD/ValueSet/mhv-blood-sugar-methods-sites"/>
    <resource>
      <ValueSet>
        <id value="mhv-blood-sugar-methods-sites"/>
        <text>
          <status value="generated"/>
          <div xmlns="http://www.w3.org/1999/xhtml">
            <p>This value set contains 4 concepts</p>
            <p style="border: black 1px dotted; background-color: #EEEEEE; padding: 8px; margin-bottom: 8px">Expansion based on SNOMED CT International edition 31-Jul 2022</p>
            <table class="codes">
              <tr>
                <td style="white-space:nowrap">
                  <b>Code</b>
                </td>
                <td>
                  <b>System</b>
                </td>
                <td>
                  <b>Display</b>
                </td>
              </tr>
              <tr>
                <td style="white-space:nowrap">
                  <a name="http---snomed.info-sct-15220000"> </a>  
                  <a href="http://snomed.info/id/15220000">15220000</a>
                </td>
                <td>http://snomed.info/sct</td>
                <td>Laboratory Test</td>
              </tr>
              <tr>
                <td style="white-space:nowrap">
                  <a name="http---snomed.info-sct-350810002"> </a>  
                  <a href="http://snomed.info/id/350810002">350810002</a>
                </td>
                <td>http://snomed.info/sct</td>
                <td>Lancet</td>
              </tr>
              <tr>
                <td style="white-space:nowrap">
                  <a name="http---snomed.info-sct-263902000"> </a>  
                  <a href="http://snomed.info/id/263902000">263902000</a>
                </td>
                <td>http://snomed.info/sct</td>
                <td>Transcutaneous method</td>
              </tr>
              <tr>
                <td style="white-space:nowrap">
                  <a name="http---snomed.info-sct-261373009"> </a>  
                  <a href="http://snomed.info/id/261373009">261373009</a>
                </td>
                <td>http://snomed.info/sct</td>
                <td>Implant technique</td>
              </tr>
            </table>
          </div>
        </text>
        <url value="https://johnmoehrke.github.io/MHV-PGHD/ValueSet/mhv-blood-sugar-methods-sites"/>
        <version value="0.2.8-beta"/>
        <name value="MHVbloodSugarMethods"/>
        <title value="The methods of measurement for blood sugar that MHV supports"/>
        <status value="active"/>
        <experimental value="false"/>
        <date value="2022-10-17T15:29:01-05:00"/>
        <publisher value="John Moehrke (himself)"/>
        <contact>
          <name value="John Moehrke (himself)"/>
          <telecom>
            <system value="url"/>
            <value value="http://healthcaresecprivacy.blogspot.com"/>
          </telecom>
          <telecom>
            <system value="email"/>
            <value value="JohnMoehrke@gmail.com"/>
          </telecom>
        </contact>
        <contact>
          <name value="John Moehrke (himself)"/>
          <telecom>
            <system value="email"/>
            <value value="JohnMoehrke@gmail.com"/>
          </telecom>
        </contact>
        <description value="These are the SNOMED body sites that MHV supports."/>
        <jurisdiction>
          <coding>
            <system value="http://unstats.un.org/unsd/methods/m49/m49.htm"/>
            <code value="001"/>
          </coding>
        </jurisdiction>
        <expansion>
          <identifier value="urn:uuid:3ae22a88-7668-4ab7-8bbb-94fb79fc790d"/>
          <timestamp value="2022-10-17T15:30:32-05:00"/>
          <total value="4"/>
          <parameter>
            <name value="excludeNested"/>
            <valueBoolean value="false"/>
          </parameter>
          <parameter>
            <name value="limitedExpansion"/>
            <valueBoolean value="true"/>
          </parameter>
          <parameter>
            <name value="version"/>
            <valueUri value="http://snomed.info/sct|http://snomed.info/sct/900000000000207008/version/20220731"/>
          </parameter>
          <contains>
            <system value="http://snomed.info/sct"/>
            <code value="15220000"/>
            <display value="Laboratory Test"/>
          </contains>
          <contains>
            <system value="http://snomed.info/sct"/>
            <code value="350810002"/>
            <display value="Lancet"/>
          </contains>
          <contains>
            <system value="http://snomed.info/sct"/>
            <code value="263902000"/>
            <display value="Transcutaneous method"/>
          </contains>
          <contains>
            <system value="http://snomed.info/sct"/>
            <code value="261373009"/>
            <display value="Implant technique"/>
          </contains>
        </expansion>
      </ValueSet>
    </resource>
  </entry>
  <entry>
    <fullUrl value="https://johnmoehrke.github.io/MHV-PGHD/ValueSet/mhv-body-temperature-sites"/>
    <resource>
      <ValueSet>
        <id value="mhv-body-temperature-sites"/>
        <text>
          <status value="generated"/>
          <div xmlns="http://www.w3.org/1999/xhtml">
            <p>This value set contains 8 concepts</p>
            <p style="border: black 1px dotted; background-color: #EEEEEE; padding: 8px; margin-bottom: 8px">Expansion based on SNOMED CT International edition 31-Jul 2022</p>
            <table class="codes">
              <tr>
                <td style="white-space:nowrap">
                  <b>Code</b>
                </td>
                <td>
                  <b>System</b>
                </td>
                <td>
                  <b>Display</b>
                </td>
              </tr>
              <tr>
                <td style="white-space:nowrap">
                  <a name="http---snomed.info-sct-422005"> </a>  
                  <a href="http://snomed.info/id/422005">422005</a>
                </td>
                <td>http://snomed.info/sct</td>
                <td>Inferior surface of tongue</td>
              </tr>
              <tr>
                <td style="white-space:nowrap">
                  <a name="http---snomed.info-sct-362732006"> </a>  
                  <a href="http://snomed.info/id/362732006">362732006</a>
                </td>
                <td>http://snomed.info/sct</td>
                <td>Entire axillary region</td>
              </tr>
              <tr>
                <td style="white-space:nowrap">
                  <a name="http---snomed.info-sct-1910005"> </a>  
                  <a href="http://snomed.info/id/1910005">1910005</a>
                </td>
                <td>http://snomed.info/sct</td>
                <td>Entire ear</td>
              </tr>
              <tr>
                <td style="white-space:nowrap">
                  <a name="http---snomed.info-sct-21082005"> </a>  
                  <a href="http://snomed.info/id/21082005">21082005</a>
                </td>
                <td>http://snomed.info/sct</td>
                <td>Entire mouth region</td>
              </tr>
              <tr>
                <td style="white-space:nowrap">
                  <a name="http---snomed.info-sct-181261002"> </a>  
                  <a href="http://snomed.info/id/181261002">181261002</a>
                </td>
                <td>http://snomed.info/sct</td>
                <td>Entire rectum</td>
              </tr>
              <tr>
                <td style="white-space:nowrap">
                  <a name="http---snomed.info-sct-39937001"> </a>  
                  <a href="http://snomed.info/id/39937001">39937001</a>
                </td>
                <td>http://snomed.info/sct</td>
                <td>Skin structure</td>
              </tr>
              <tr>
                <td style="white-space:nowrap">
                  <a name="http---snomed.info-sct-362620003"> </a>  
                  <a href="http://snomed.info/id/362620003">362620003</a>
                </td>
                <td>http://snomed.info/sct</td>
                <td>Entire temporal region</td>
              </tr>
              <tr>
                <td style="white-space:nowrap">
                  <a name="http---snomed.info-sct-89837001"> </a>  
                  <a href="http://snomed.info/id/89837001">89837001</a>
                </td>
                <td>http://snomed.info/sct</td>
                <td>Urinary bladder structure</td>
              </tr>
            </table>
          </div>
        </text>
        <url value="https://johnmoehrke.github.io/MHV-PGHD/ValueSet/mhv-body-temperature-sites"/>
        <version value="0.2.8-beta"/>
        <name value="MHVbodyTemperatureSites"/>
        <title value="The body temperature measurement sites that MHV supports"/>
        <status value="active"/>
        <experimental value="false"/>
        <date value="2022-10-17T15:29:01-05:00"/>
        <publisher value="John Moehrke (himself)"/>
        <contact>
          <name value="John Moehrke (himself)"/>
          <telecom>
            <system value="url"/>
            <value value="http://healthcaresecprivacy.blogspot.com"/>
          </telecom>
          <telecom>
            <system value="email"/>
            <value value="JohnMoehrke@gmail.com"/>
          </telecom>
        </contact>
        <contact>
          <name value="John Moehrke (himself)"/>
          <telecom>
            <system value="email"/>
            <value value="JohnMoehrke@gmail.com"/>
          </telecom>
        </contact>
        <description value="These are the SNOMED body sites that MHV supports."/>
        <jurisdiction>
          <coding>
            <system value="http://unstats.un.org/unsd/methods/m49/m49.htm"/>
            <code value="001"/>
          </coding>
        </jurisdiction>
        <expansion>
          <identifier value="urn:uuid:35f8d10d-fd3d-4db3-bb62-eef9c4db6a63"/>
          <timestamp value="2022-10-17T15:30:32-05:00"/>
          <total value="8"/>
          <parameter>
            <name value="excludeNested"/>
            <valueBoolean value="false"/>
          </parameter>
          <parameter>
            <name value="limitedExpansion"/>
            <valueBoolean value="true"/>
          </parameter>
          <parameter>
            <name value="version"/>
            <valueUri value="http://snomed.info/sct|http://snomed.info/sct/900000000000207008/version/20220731"/>
          </parameter>
          <contains>
            <system value="http://snomed.info/sct"/>
            <code value="422005"/>
            <display value="Inferior surface of tongue"/>
          </contains>
          <contains>
            <system value="http://snomed.info/sct"/>
            <code value="362732006"/>
            <display value="Entire axillary region"/>
          </contains>
          <contains>
            <system value="http://snomed.info/sct"/>
            <code value="1910005"/>
            <display value="Entire ear"/>
          </contains>
          <contains>
            <system value="http://snomed.info/sct"/>
            <code value="21082005"/>
            <display value="Entire mouth region"/>
          </contains>
          <contains>
            <system value="http://snomed.info/sct"/>
            <code value="181261002"/>
            <display value="Entire rectum"/>
          </contains>
          <contains>
            <system value="http://snomed.info/sct"/>
            <code value="39937001"/>
            <display value="Skin structure"/>
          </contains>
          <contains>
            <system value="http://snomed.info/sct"/>
            <code value="362620003"/>
            <display value="Entire temporal region"/>
          </contains>
          <contains>
            <system value="http://snomed.info/sct"/>
            <code value="89837001"/>
            <display value="Urinary bladder structure"/>
          </contains>
        </expansion>
      </ValueSet>
    </resource>
  </entry>
  <entry>
    <fullUrl value="https://johnmoehrke.github.io/MHV-PGHD/ValueSet/mhv-body-temperatures"/>
    <resource>
      <ValueSet>
        <id value="mhv-body-temperatures"/>
        <text>
          <status value="generated"/>
          <div xmlns="http://www.w3.org/1999/xhtml">
            <p>This value set contains 2 concepts</p>
            <p style="border: black 1px dotted; background-color: #EEEEEE; padding: 8px; margin-bottom: 8px">Expansion based on UCUM version 2.0.1</p>
            <table class="codes">
              <tr>
                <td style="white-space:nowrap">
                  <b>Code</b>
                </td>
                <td>
                  <b>System</b>
                </td>
                <td>
                  <b>Display</b>
                </td>
              </tr>
              <tr>
                <td style="white-space:nowrap">
                  <a name="http---unitsofmeasure.org--degF-"> </a>  [degF]
                </td>
                <td>http://unitsofmeasure.org</td>
                <td>degree Fahrenheit</td>
              </tr>
              <tr>
                <td style="white-space:nowrap">
                  <a name="http---unitsofmeasure.org-Cel"> </a>  Cel
                </td>
                <td>http://unitsofmeasure.org</td>
                <td>degree Celsius</td>
              </tr>
            </table>
          </div>
        </text>
        <url value="https://johnmoehrke.github.io/MHV-PGHD/ValueSet/mhv-body-temperatures"/>
        <version value="0.2.8-beta"/>
        <name value="MHVbodyTemperatures"/>
        <title value="The body temperature measurement types that MHV supports"/>
        <status value="active"/>
        <experimental value="false"/>
        <date value="2022-10-17T15:29:01-05:00"/>
        <publisher value="John Moehrke (himself)"/>
        <contact>
          <name value="John Moehrke (himself)"/>
          <telecom>
            <system value="url"/>
            <value value="http://healthcaresecprivacy.blogspot.com"/>
          </telecom>
          <telecom>
            <system value="email"/>
            <value value="JohnMoehrke@gmail.com"/>
          </telecom>
        </contact>
        <contact>
          <name value="John Moehrke (himself)"/>
          <telecom>
            <system value="email"/>
            <value value="JohnMoehrke@gmail.com"/>
          </telecom>
        </contact>
        <description value="These are the UCUM types that MHV supports."/>
        <jurisdiction>
          <coding>
            <system value="http://unstats.un.org/unsd/methods/m49/m49.htm"/>
            <code value="001"/>
          </coding>
        </jurisdiction>
        <expansion>
          <identifier value="urn:uuid:8090295b-1ad5-4f2f-abc7-138dc25481ea"/>
          <timestamp value="2022-10-17T15:30:32-05:00"/>
          <total value="2"/>
          <parameter>
            <name value="excludeNested"/>
            <valueBoolean value="false"/>
          </parameter>
          <parameter>
            <name value="limitedExpansion"/>
            <valueBoolean value="true"/>
          </parameter>
          <parameter>
            <name value="version"/>
            <valueUri value="http://unitsofmeasure.org|2.0.1"/>
          </parameter>
          <contains>
            <system value="http://unitsofmeasure.org"/>
            <code value="[degF]"/>
            <display value="degree Fahrenheit"/>
          </contains>
          <contains>
            <system value="http://unitsofmeasure.org"/>
            <code value="Cel"/>
            <display value="degree Celsius"/>
          </contains>
        </expansion>
      </ValueSet>
    </resource>
  </entry>
  <entry>
    <fullUrl value="https://johnmoehrke.github.io/MHV-PGHD/ValueSet/mhv-body-weights"/>
    <resource>
      <ValueSet>
        <id value="mhv-body-weights"/>
        <text>
          <status value="generated"/>
          <div xmlns="http://www.w3.org/1999/xhtml">
            <p>This value set contains 2 concepts</p>
            <p style="border: black 1px dotted; background-color: #EEEEEE; padding: 8px; margin-bottom: 8px">Expansion based on UCUM version 2.0.1</p>
            <table class="codes">
              <tr>
                <td style="white-space:nowrap">
                  <b>Code</b>
                </td>
                <td>
                  <b>System</b>
                </td>
                <td>
                  <b>Display</b>
                </td>
              </tr>
              <tr>
                <td style="white-space:nowrap">
                  <a name="http---unitsofmeasure.org--lb-av-"> </a>  [lb_av]
                </td>
                <td>http://unitsofmeasure.org</td>
                <td>[lb_av]</td>
              </tr>
              <tr>
                <td style="white-space:nowrap">
                  <a name="http---unitsofmeasure.org-kg"> </a>  kg
                </td>
                <td>http://unitsofmeasure.org</td>
                <td>kg</td>
              </tr>
            </table>
          </div>
        </text>
        <url value="https://johnmoehrke.github.io/MHV-PGHD/ValueSet/mhv-body-weights"/>
        <version value="0.2.8-beta"/>
        <name value="MHVbodyWeights"/>
        <title value="The body weight measurement types that MHV supports"/>
        <status value="active"/>
        <experimental value="false"/>
        <date value="2022-10-17T15:29:01-05:00"/>
        <publisher value="John Moehrke (himself)"/>
        <contact>
          <name value="John Moehrke (himself)"/>
          <telecom>
            <system value="url"/>
            <value value="http://healthcaresecprivacy.blogspot.com"/>
          </telecom>
          <telecom>
            <system value="email"/>
            <value value="JohnMoehrke@gmail.com"/>
          </telecom>
        </contact>
        <contact>
          <name value="John Moehrke (himself)"/>
          <telecom>
            <system value="email"/>
            <value value="JohnMoehrke@gmail.com"/>
          </telecom>
        </contact>
        <description value="These are the UCUM types that MHV supports. This is a subset of the full bodyWeight types (which also brings in grams. Others might also include stone)."/>
        <jurisdiction>
          <coding>
            <system value="http://unstats.un.org/unsd/methods/m49/m49.htm"/>
            <code value="001"/>
          </coding>
        </jurisdiction>
        <expansion>
          <identifier value="urn:uuid:767b14c4-cd9f-4036-8b26-a07699e21e4f"/>
          <timestamp value="2022-10-17T15:30:33-05:00"/>
          <total value="2"/>
          <parameter>
            <name value="excludeNested"/>
            <valueBoolean value="false"/>
          </parameter>
          <parameter>
            <name value="limitedExpansion"/>
            <valueBoolean value="true"/>
          </parameter>
          <parameter>
            <name value="version"/>
            <valueUri value="http://unitsofmeasure.org|2.0.1"/>
          </parameter>
          <contains>
            <system value="http://unitsofmeasure.org"/>
            <code value="[lb_av]"/>
            <display value="[lb_av]"/>
          </contains>
          <contains>
            <system value="http://unitsofmeasure.org"/>
            <code value="kg"/>
            <display value="kg"/>
          </contains>
        </expansion>
      </ValueSet>
    </resource>
  </entry>
  <entry>
    <fullUrl value="https://johnmoehrke.github.io/MHV-PGHD/ValueSet/mhv-medication-routes"/>
    <resource>
      <ValueSet>
        <id value="mhv-medication-routes"/>
        <text>
          <status value="generated"/>
          <div xmlns="http://www.w3.org/1999/xhtml">
            <p>This value set contains 6 concepts</p>
            <p style="border: black 1px dotted; background-color: #EEEEEE; padding: 8px; margin-bottom: 8px">Expansion based on SNOMED CT International edition 31-Jul 2022</p>
            <table class="codes">
              <tr>
                <td style="white-space:nowrap">
                  <b>Code</b>
                </td>
                <td>
                  <b>System</b>
                </td>
                <td>
                  <b>Display</b>
                </td>
              </tr>
              <tr>
                <td style="white-space:nowrap">
                  <a name="http---snomed.info-sct-26643006"> </a>  
                  <a href="http://snomed.info/id/26643006">26643006</a>
                </td>
                <td>http://snomed.info/sct</td>
                <td>Oral use</td>
              </tr>
              <tr>
                <td style="white-space:nowrap">
                  <a name="http---snomed.info-sct-37161004"> </a>  
                  <a href="http://snomed.info/id/37161004">37161004</a>
                </td>
                <td>http://snomed.info/sct</td>
                <td>Rectal use</td>
              </tr>
              <tr>
                <td style="white-space:nowrap">
                  <a name="http---snomed.info-sct-45890007"> </a>  
                  <a href="http://snomed.info/id/45890007">45890007</a>
                </td>
                <td>http://snomed.info/sct</td>
                <td>Transdermal use</td>
              </tr>
              <tr>
                <td style="white-space:nowrap">
                  <a name="http---snomed.info-sct-6064005"> </a>  
                  <a href="http://snomed.info/id/6064005">6064005</a>
                </td>
                <td>http://snomed.info/sct</td>
                <td>Topical route</td>
              </tr>
              <tr>
                <td style="white-space:nowrap">
                  <a name="http---snomed.info-sct-78421000"> </a>  
                  <a href="http://snomed.info/id/78421000">78421000</a>
                </td>
                <td>http://snomed.info/sct</td>
                <td>Intramuscular use</td>
              </tr>
              <tr>
                <td style="white-space:nowrap">
                  <a name="http---snomed.info-sct-47625008"> </a>  
                  <a href="http://snomed.info/id/47625008">47625008</a>
                </td>
                <td>http://snomed.info/sct</td>
                <td>Intravenous use</td>
              </tr>
            </table>
          </div>
        </text>
        <url value="https://johnmoehrke.github.io/MHV-PGHD/ValueSet/mhv-medication-routes"/>
        <version value="0.2.8-beta"/>
        <name value="MHVmedicationRoutes"/>
        <title value="The routes of medication that MHV supports"/>
        <status value="active"/>
        <experimental value="false"/>
        <date value="2022-10-17T15:29:01-05:00"/>
        <publisher value="John Moehrke (himself)"/>
        <contact>
          <name value="John Moehrke (himself)"/>
          <telecom>
            <system value="url"/>
            <value value="http://healthcaresecprivacy.blogspot.com"/>
          </telecom>
          <telecom>
            <system value="email"/>
            <value value="JohnMoehrke@gmail.com"/>
          </telecom>
        </contact>
        <contact>
          <name value="John Moehrke (himself)"/>
          <telecom>
            <system value="email"/>
            <value value="JohnMoehrke@gmail.com"/>
          </telecom>
        </contact>
        <description value="These are the SNOMED-CT routes for medications that MHV supports."/>
        <jurisdiction>
          <coding>
            <system value="http://unstats.un.org/unsd/methods/m49/m49.htm"/>
            <code value="001"/>
          </coding>
        </jurisdiction>
        <expansion>
          <identifier value="urn:uuid:dab09b4e-423f-4a0b-90fa-8fb91f7d7568"/>
          <timestamp value="2022-10-17T15:30:33-05:00"/>
          <total value="6"/>
          <parameter>
            <name value="excludeNested"/>
            <valueBoolean value="false"/>
          </parameter>
          <parameter>
            <name value="limitedExpansion"/>
            <valueBoolean value="true"/>
          </parameter>
          <parameter>
            <name value="version"/>
            <valueUri value="http://snomed.info/sct|http://snomed.info/sct/900000000000207008/version/20220731"/>
          </parameter>
          <contains>
            <system value="http://snomed.info/sct"/>
            <code value="26643006"/>
            <display value="Oral use"/>
          </contains>
          <contains>
            <system value="http://snomed.info/sct"/>
            <code value="37161004"/>
            <display value="Rectal use"/>
          </contains>
          <contains>
            <system value="http://snomed.info/sct"/>
            <code value="45890007"/>
            <display value="Transdermal use"/>
          </contains>
          <contains>
            <system value="http://snomed.info/sct"/>
            <code value="6064005"/>
            <display value="Topical route"/>
          </contains>
          <contains>
            <system value="http://snomed.info/sct"/>
            <code value="78421000"/>
            <display value="Intramuscular use"/>
          </contains>
          <contains>
            <system value="http://snomed.info/sct"/>
            <code value="47625008"/>
            <display value="Intravenous use"/>
          </contains>
        </expansion>
      </ValueSet>
    </resource>
  </entry>
</Bundle>