{"resourceType":"CapabilityStatement","id":"MHVcapabilities","text":{"status":"extensions","div":"<div xmlns=\"http://www.w3.org/1999/xhtml\"><h2>MHV_uses_PGHD</h2><div><p>CapabilityStatement prototype for MHV as a FHIR Client</p>\n</div><table><tr><td>Mode</td><td>CLIENT</td></tr><tr><td>Description</td><td><div><p>MHV queries the PGHD endpoint.</p>\n</div></td></tr><tr><td>Transaction</td><td></td></tr><tr><td>System History</td><td></td></tr><tr><td>System Search</td><td>y</td></tr></table><table><tr><th><b>Resource Type</b></th><th><b>Profile</b></th><th><b title=\"GET a resource (read interaction)\">Read</b></th><th><b title=\"GET all set of resources of the type (search interaction)\">Search</b></th><th><b title=\"PUT a new resource version (update interaction)\">Update</b></th><th><b title=\"POST a new resource (create interaction)\">Create</b></th></tr><tr><td>Observation</td><td>Supported profiles:<br/>  <a href=\"https://johnmoehrke.github.io/MHV-PGHD/StructureDefinition/VA.MHV.bloodPressure\">https://johnmoehrke.github.io/MHV-PGHD/StructureDefinition/VA.MHV.bloodPressure</a><br/>  <a href=\"https://johnmoehrke.github.io/MHV-PGHD/StructureDefinition/VA.MHV.bloodSugar\">https://johnmoehrke.github.io/MHV-PGHD/StructureDefinition/VA.MHV.bloodSugar</a><br/>  <a href=\"https://johnmoehrke.github.io/MHV-PGHD/StructureDefinition/VA.MHV.bodyTemperature\">https://johnmoehrke.github.io/MHV-PGHD/StructureDefinition/VA.MHV.bodyTemperature</a><br/>  <a href=\"https://johnmoehrke.github.io/MHV-PGHD/StructureDefinition/VA.MHV.bodyWeight\">https://johnmoehrke.github.io/MHV-PGHD/StructureDefinition/VA.MHV.bodyWeight</a><br/>  <a href=\"https://johnmoehrke.github.io/MHV-PGHD/StructureDefinition/VA.MHV.heartRate\">https://johnmoehrke.github.io/MHV-PGHD/StructureDefinition/VA.MHV.heartRate</a><br/>  <a href=\"https://johnmoehrke.github.io/MHV-PGHD/StructureDefinition/VA.MHV.pain\">https://johnmoehrke.github.io/MHV-PGHD/StructureDefinition/VA.MHV.pain</a><br/>  <a href=\"https://johnmoehrke.github.io/MHV-PGHD/StructureDefinition/VA.MHV.bloodOxygenSat\">https://johnmoehrke.github.io/MHV-PGHD/StructureDefinition/VA.MHV.bloodOxygenSat</a><br/>  <a href=\"https://johnmoehrke.github.io/MHV-PGHD/StructureDefinition/VA.MHV.respirationRate\">https://johnmoehrke.github.io/MHV-PGHD/StructureDefinition/VA.MHV.respirationRate</a></td><td>y</td><td>y</td><td>y</td><td>y</td></tr></table></div>"},"extension":[{"url":"http://hl7.org/fhir/StructureDefinition/structuredefinition-fmm","valueInteger":2,"_valueInteger":{"extension":[{"url":"http://hl7.org/fhir/StructureDefinition/structuredefinition-conformance-derivedFrom","valueCanonical":"https://johnmoehrke.github.io/MHV-PGHD/ImplementationGuide/va.mhv.example"}]}},{"url":"http://hl7.org/fhir/StructureDefinition/structuredefinition-standards-status","valueCode":"trial-use","_valueCode":{"extension":[{"url":"http://hl7.org/fhir/StructureDefinition/structuredefinition-conformance-derivedFrom","valueCanonical":"https://johnmoehrke.github.io/MHV-PGHD/ImplementationGuide/va.mhv.example"}]}}],"url":"https://johnmoehrke.github.io/MHV-PGHD/CapabilityStatement/MHVcapabilities","version":"0.2.9-beta","name":"MHV_uses_PGHD","title":"This indicates how MHV uses PGHD","status":"active","experimental":false,"date":"2022-10-27","publisher":"John Moehrke (himself)","contact":[{"name":"John Moehrke (himself)","telecom":[{"system":"url","value":"http://healthcaresecprivacy.blogspot.com"},{"system":"email","value":"JohnMoehrke@gmail.com"}]},{"name":"John Moehrke (himself)","telecom":[{"system":"email","value":"JohnMoehrke@gmail.com"}]}],"description":"CapabilityStatement prototype for MHV as a FHIR Client","jurisdiction":[{"coding":[{"system":"urn:iso:std:iso:3166","code":"US"}]}],"kind":"instance","implementation":{"description":"MyHealtheVet","url":"https://www.myhealth.va.gov/"},"fhirVersion":"4.0.1","format":["application/fhir+json"],"rest":[{"mode":"client","documentation":"MHV queries the PGHD endpoint.","security":{"cors":false,"description":"Security is system level, PGHD presumes MHV properly handles user (as patient) rights"},"resource":[{"type":"Observation","supportedProfile":["https://johnmoehrke.github.io/MHV-PGHD/StructureDefinition/VA.MHV.bloodPressure","https://johnmoehrke.github.io/MHV-PGHD/StructureDefinition/VA.MHV.bloodSugar","https://johnmoehrke.github.io/MHV-PGHD/StructureDefinition/VA.MHV.bodyTemperature","https://johnmoehrke.github.io/MHV-PGHD/StructureDefinition/VA.MHV.bodyWeight","https://johnmoehrke.github.io/MHV-PGHD/StructureDefinition/VA.MHV.heartRate","https://johnmoehrke.github.io/MHV-PGHD/StructureDefinition/VA.MHV.pain","https://johnmoehrke.github.io/MHV-PGHD/StructureDefinition/VA.MHV.bloodOxygenSat","https://johnmoehrke.github.io/MHV-PGHD/StructureDefinition/VA.MHV.respirationRate"],"documentation":"MHV [PGHD use](https://johnmoehrke.github.io/MHV-PGHD/index.html)","interaction":[{"code":"search-type"},{"code":"read"},{"code":"create"},{"code":"update"}],"searchParam":[{"name":"patient.identifier","type":"token"},{"name":"code","type":"token"},{"name":"_sort","type":"string"},{"name":"_count","type":"number"},{"name":"_pretty","type":"string"},{"name":"_format","type":"uri"}]}],"interaction":[{"code":"search-system"}]}]}