{"resourceType":"CapabilityStatement","id":"MHVcapabilities","text":{"status":"extensions","div":"<div xmlns=\"http://www.w3.org/1999/xhtml\"><h2 id=\"title\">This indicates how MHV uses PGHD</h2><ul><li>Implementation Guide Version: 0.2.10-beta</li><li>FHIR Version: 4.0.1</li><li>Supported Formats: <code>application/fhir+json</code></li><li>Supported Patch Formats: </li><li>Published on: Thu Oct 27 00:00:00 CDT 2022</li><li>Published by: John Moehrke (himself)</li></ul><blockquote class=\"impl-note\"><p><strong>Note to Implementers: FHIR Capabilities</strong></p><p>Any FHIR capability may be 'allowed' by the system unless explicitly marked as &quot;SHALL NOT&quot;. A few items are marked as MAY in the Implementation Guide to highlight their potential relevance to the use case.</p></blockquote><h2 id=\"rest\">FHIR RESTful Capabilities</h2><div class=\"panel panel-default\"><div class=\"panel-heading\"><h3 id=\"mode1\" class=\"panel-title\">Mode: <code>client</code></h3></div><div class=\"panel-body\"><div><p>MHV queries the PGHD endpoint.</p>\n</div><div class=\"lead\"><em>Security</em></div><blockquote><div><p>Security is system level, PGHD presumes MHV properly handles user (as patient) rights</p>\n</div></blockquote><div class=\"lead\"><em>Summary of System-wide Interactions</em></div><ul><li>Supports the <code>search-system</code> interaction.</li></ul></div></div><h3 id=\"resourcesCap1\">Capabilities by Resource/Profile</h3><h4 id=\"resourcesSummary1\">Summary</h4><p>The summary table lists the resources that are part of this configuration, and for each resource it lists:</p><ul><li>The relevant profiles (if any)</li><li>The interactions supported by each resource (<b><span class=\"bg-info\">R</span></b>ead, <b><span class=\"bg-info\">S</span></b>earch, <b><span class=\"bg-info\">U</span></b>pdate, and <b><span class=\"bg-info\">C</span></b>reate, are always shown, while <b><span class=\"bg-info\">VR</span></b>ead, <b><span class=\"bg-info\">P</span></b>atch, <b><span class=\"bg-info\">D</span></b>elete, <b><span class=\"bg-info\">H</span></b>istory on <b><span class=\"bg-info\">I</span></b>nstance, or <b><span class=\"bg-info\">H</span></b>istory on <b><span class=\"bg-info\">T</span></b>ype are only present if at least one of the resources has support for them.</li><li><span>The required, recommended, and some optional search parameters (if any). </span></li><li>The linked resources enabled for <code>_include</code></li><li>The other resources enabled for <code>_revinclude</code></li><li>The operations on the resource (if any)</li></ul><div class=\"table-responsive\"><table class=\"table table-condensed table-hover\"><thead><tr><th><b>Resource Type</b></th><th><b>Profile</b></th><th class=\"text-center\"><b title=\"GET a resource (read interaction)\">R</b></th><th class=\"text-center\"><b title=\"GET all set of resources of the type (search interaction)\">S</b></th><th class=\"text-center\"><b title=\"PUT a new resource version (update interaction)\">U</b></th><th class=\"text-center\"><b title=\"POST a new resource (create interaction)\">C</b></th><th><b title=\"Required and recommended search parameters\">Searches</b></th><th><code><b>_include</b></code></th><th><code><b>_revinclude</b></code></th><th><b>Operations</b></th></tr></thead><tbody><tr><td><a href=\"#Observation1-1\">Observation</a></td><td>Supported profiles:<br/>\u00a0\u00a0<a href=\"StructureDefinition-VA.MHV.bloodPressure.html\">VA MHV Blood Pressure Observation</a><br/>\u00a0\u00a0<a href=\"StructureDefinition-VA.MHV.bloodSugar.html\">VA MHV Blood Sugar Observation</a><br/>\u00a0\u00a0<a href=\"StructureDefinition-VA.MHV.bodyTemperature.html\">VA MHV Body Temperature Observation</a><br/>\u00a0\u00a0<a href=\"StructureDefinition-VA.MHV.bodyWeight.html\">VA MHV BodyWeight Observation</a><br/>\u00a0\u00a0<a href=\"StructureDefinition-VA.MHV.heartRate.html\">VA MHV HeartRate Observation</a><br/>\u00a0\u00a0<a href=\"StructureDefinition-VA.MHV.pain.html\">VA MHV Pain Observation</a><br/>\u00a0\u00a0<a href=\"StructureDefinition-VA.MHV.bloodOxygenSat.html\">VA MHV Blood Oxygen Saturation Observation</a><br/>\u00a0\u00a0<a href=\"StructureDefinition-VA.MHV.respirationRate.html\">VA MHV Respiration Rate Observation</a></td><td>y</td><td class=\"text-center\">y</td><td class=\"text-center\"></td><td class=\"text-center\">y</td><td>patient.identifier, code, _sort, _count, _pretty, _format</td><td/><td/><td/></tr></tbody></table></div><hr/><div class=\"panel panel-default\"><div class=\"panel-heading\"><h4 id=\"Observation1-1\" class=\"panel-title\"><span style=\"float: right;\">Resource Conformance: supported</span>Observation</h4></div><div class=\"panel-body\"><div class=\"container\"><div class=\"row\"><div class=\"col-lg-4\"><span class=\"lead\">Core FHIR Resource</span><br/><a href=\"http://hl7.org/fhir/R4/observation.html\">Observation</a></div><div class=\"col-lg-4\"><span class=\"lead\">Reference Policy</span><br/></div><div class=\"col-lg-4\"><span class=\"lead\">Interaction summary</span><br/><ul><li>Supports <code>search-type</code>, <code>read</code>, <code>create</code>.</li></ul></div></div><p/><div class=\"row\"><div class=\"col-6\"><span class=\"lead\">Supported Profiles</span><p><a href=\"StructureDefinition-VA.MHV.bloodPressure.html\">https://johnmoehrke.github.io/MHV-PGHD/StructureDefinition/VA.MHV.bloodPressure</a><br/><a href=\"StructureDefinition-VA.MHV.bloodSugar.html\">https://johnmoehrke.github.io/MHV-PGHD/StructureDefinition/VA.MHV.bloodSugar</a><br/><a href=\"StructureDefinition-VA.MHV.bodyTemperature.html\">https://johnmoehrke.github.io/MHV-PGHD/StructureDefinition/VA.MHV.bodyTemperature</a><br/><a href=\"StructureDefinition-VA.MHV.bodyWeight.html\">https://johnmoehrke.github.io/MHV-PGHD/StructureDefinition/VA.MHV.bodyWeight</a><br/><a href=\"StructureDefinition-VA.MHV.heartRate.html\">https://johnmoehrke.github.io/MHV-PGHD/StructureDefinition/VA.MHV.heartRate</a><br/><a href=\"StructureDefinition-VA.MHV.pain.html\">https://johnmoehrke.github.io/MHV-PGHD/StructureDefinition/VA.MHV.pain</a><br/><a href=\"StructureDefinition-VA.MHV.bloodOxygenSat.html\">https://johnmoehrke.github.io/MHV-PGHD/StructureDefinition/VA.MHV.bloodOxygenSat</a><br/><a href=\"StructureDefinition-VA.MHV.respirationRate.html\">https://johnmoehrke.github.io/MHV-PGHD/StructureDefinition/VA.MHV.respirationRate</a></p></div></div><p/><div class=\"row\"><div class=\"col-12\"><span class=\"lead\">Documentation</span><blockquote><div><p>MHV <a href=\"https://johnmoehrke.github.io/MHV-PGHD/index.html\">PGHD use</a></p>\n</div></blockquote></div></div><div class=\"row\"><div class=\"col-lg-7\"><span class=\"lead\">Search Parameters</span><table class=\"table table-condensed table-hover\"><thead><tr><th>Conformance</th><th>Parameter</th><th>Type</th><th>Documentation</th></tr></thead><tbody><tr><td><b>SHALL</b></td><td>patient.identifier</td><td><code>token</code></td><td><div></div></td></tr><tr><td><b>SHALL</b></td><td>code</td><td><code>token</code></td><td><div></div></td></tr><tr><td><b>SHALL</b></td><td>_sort</td><td><code>string</code></td><td><div></div></td></tr><tr><td><b>SHALL</b></td><td>_count</td><td><code>number</code></td><td><div></div></td></tr><tr><td><b>SHALL</b></td><td>_pretty</td><td><code>string</code></td><td><div></div></td></tr><tr><td><b>SHALL</b></td><td>_format</td><td><code>uri</code></td><td><div></div></td></tr></tbody></table></div><div class=\"col-lg-5\">\u00a0</div></div></div></div></div></div>"},"extension":[{"url":"http://hl7.org/fhir/StructureDefinition/structuredefinition-fmm","valueInteger":2,"_valueInteger":{"extension":[{"url":"http://hl7.org/fhir/StructureDefinition/structuredefinition-conformance-derivedFrom","valueCanonical":"https://johnmoehrke.github.io/MHV-PGHD/ImplementationGuide/va.mhv.example"}]}},{"url":"http://hl7.org/fhir/StructureDefinition/structuredefinition-standards-status","valueCode":"trial-use","_valueCode":{"extension":[{"url":"http://hl7.org/fhir/StructureDefinition/structuredefinition-conformance-derivedFrom","valueCanonical":"https://johnmoehrke.github.io/MHV-PGHD/ImplementationGuide/va.mhv.example"}]}}],"url":"https://johnmoehrke.github.io/MHV-PGHD/CapabilityStatement/MHVcapabilities","version":"0.2.10-beta","name":"MHV_uses_PGHD","title":"This indicates how MHV uses PGHD","status":"active","experimental":false,"date":"2022-10-27","publisher":"John Moehrke (himself)","contact":[{"name":"John Moehrke (himself)","telecom":[{"system":"url","value":"http://healthcaresecprivacy.blogspot.com"},{"system":"email","value":"JohnMoehrke@gmail.com"}]},{"name":"John Moehrke (himself)","telecom":[{"system":"email","value":"JohnMoehrke@gmail.com"}]}],"description":"CapabilityStatement prototype for MHV as a FHIR Client","jurisdiction":[{"coding":[{"system":"urn:iso:std:iso:3166","code":"US"}]}],"kind":"instance","implementation":{"description":"MyHealtheVet","url":"https://www.myhealth.va.gov/"},"fhirVersion":"4.0.1","format":["application/fhir+json"],"rest":[{"mode":"client","documentation":"MHV queries the PGHD endpoint.","security":{"cors":false,"description":"Security is system level, PGHD presumes MHV properly handles user (as patient) rights"},"resource":[{"type":"Observation","supportedProfile":["https://johnmoehrke.github.io/MHV-PGHD/StructureDefinition/VA.MHV.bloodPressure","https://johnmoehrke.github.io/MHV-PGHD/StructureDefinition/VA.MHV.bloodSugar","https://johnmoehrke.github.io/MHV-PGHD/StructureDefinition/VA.MHV.bodyTemperature","https://johnmoehrke.github.io/MHV-PGHD/StructureDefinition/VA.MHV.bodyWeight","https://johnmoehrke.github.io/MHV-PGHD/StructureDefinition/VA.MHV.heartRate","https://johnmoehrke.github.io/MHV-PGHD/StructureDefinition/VA.MHV.pain","https://johnmoehrke.github.io/MHV-PGHD/StructureDefinition/VA.MHV.bloodOxygenSat","https://johnmoehrke.github.io/MHV-PGHD/StructureDefinition/VA.MHV.respirationRate"],"documentation":"MHV [PGHD use](https://johnmoehrke.github.io/MHV-PGHD/index.html)","interaction":[{"code":"search-type"},{"code":"read"},{"code":"create"}],"searchParam":[{"name":"patient.identifier","type":"token"},{"name":"code","type":"token"},{"name":"_sort","type":"string"},{"name":"_count","type":"number"},{"name":"_pretty","type":"string"},{"name":"_format","type":"uri"}]}],"interaction":[{"code":"search-system"}]}]}