{"resourceType":"CodeSystem","id":"OnclC","text":{"status":"generated","div":"<div xmlns=\"http://www.w3.org/1999/xhtml\"><p>This code system https://wiki.mobilehealth.va.gov/x/Onc1C defines the following codes:</p><table class=\"codes\"><tr><td style=\"white-space:nowrap\"><b>Code</b></td><td><b>Display</b></td></tr><tr><td style=\"white-space:nowrap\">2ce6d9aa-c068-4809-8dda-662bcb16d09a<a name=\"OnclC-2ce6d9aa-c068-4809-8dda-662bcb16d09a\"> </a></td><td>MyHealtheVet</td></tr></table></div>"},"url":"https://wiki.mobilehealth.va.gov/x/Onc1C","version":"0.2.3","name":"AppIdCodes","title":"PGD apps","status":"active","date":"2020-11-24T13:52:22-06:00","contact":[{"name":"John Moehrke"}],"description":"App identifiers for use with PGD","content":"complete","count":1,"concept":[{"code":"2ce6d9aa-c068-4809-8dda-662bcb16d09a","display":"MyHealtheVet"}]}