{"resourceType":"CodeSystem","id":"OnclC","text":{"status":"generated","div":"<div xmlns=\"http://www.w3.org/1999/xhtml\"><p>This code system <code>https://wiki.mobilehealth.va.gov/x/Onc1C</code> defines the following codes:</p><table class=\"codes\"><tr><td style=\"white-space:nowrap\"><b>Code</b></td><td><b>Display</b></td></tr><tr><td style=\"white-space:nowrap\">2ce6d9aa-c068-4809-8dda-662bcb16d09a<a name=\"OnclC-2ce6d9aa-c068-4809-8dda-662bcb16d09a\"> </a></td><td>MyHealtheVet</td></tr></table></div>"},"url":"https://wiki.mobilehealth.va.gov/x/Onc1C","version":"0.2.9-beta","name":"AppIdCodes","title":"PGD apps","status":"active","experimental":false,"date":"2022-10-25T15:39:47-05:00","publisher":"John Moehrke (himself)","contact":[{"name":"John Moehrke (himself)","telecom":[{"system":"url","value":"http://healthcaresecprivacy.blogspot.com"},{"system":"email","value":"JohnMoehrke@gmail.com"}]},{"name":"John Moehrke (himself)","telecom":[{"system":"email","value":"JohnMoehrke@gmail.com"}]}],"description":"App identifiers for use with PGD","jurisdiction":[{"coding":[{"system":"urn:iso:std:iso:3166","code":"US"}]}],"caseSensitive":true,"content":"complete","count":1,"concept":[{"code":"2ce6d9aa-c068-4809-8dda-662bcb16d09a","display":"MyHealtheVet"}]}