{"resourceType":"CodeSystem","id":"OnclC","text":{"status":"generated","div":"<div xmlns=\"http://www.w3.org/1999/xhtml\"><p>This case-sensitive code system <code>https://wiki.mobilehealth.va.gov/x/Onc1C</code> defines the following codes:</p><table class=\"codes\"><tr><td style=\"white-space:nowrap\"><b>Code</b></td><td><b>Display</b></td></tr><tr><td style=\"white-space:nowrap\">2ce6d9aa-c068-4809-8dda-662bcb16d09a<a name=\"OnclC-2ce6d9aa-c068-4809-8dda-662bcb16d09a\"> </a></td><td>MyHealtheVet</td></tr><tr><td style=\"white-space:nowrap\">49d985b4-6f9d-47e3-bbc9-a56c840ba4a6<a name=\"OnclC-49d985b4-6f9d-47e3-bbc9-a56c840ba4a6\"> </a></td><td>Sync My Health Data</td></tr></table></div>"},"extension":[{"url":"http://hl7.org/fhir/StructureDefinition/structuredefinition-fmm","valueInteger":2,"_valueInteger":{"extension":[{"url":"http://hl7.org/fhir/StructureDefinition/structuredefinition-conformance-derivedFrom","valueCanonical":"https://johnmoehrke.github.io/MHV-PGHD/ImplementationGuide/va.mhv.example"}]}},{"url":"http://hl7.org/fhir/StructureDefinition/structuredefinition-standards-status","valueCode":"trial-use","_valueCode":{"extension":[{"url":"http://hl7.org/fhir/StructureDefinition/structuredefinition-conformance-derivedFrom","valueCanonical":"https://johnmoehrke.github.io/MHV-PGHD/ImplementationGuide/va.mhv.example"}]}}],"url":"https://wiki.mobilehealth.va.gov/x/Onc1C","version":"0.2.10-beta","name":"AppIdCodes","title":"PGD apps","status":"active","experimental":false,"date":"2023-12-07T18:51:33-06:00","publisher":"John Moehrke (himself)","contact":[{"name":"John Moehrke (himself)","telecom":[{"system":"url","value":"http://healthcaresecprivacy.blogspot.com"},{"system":"email","value":"JohnMoehrke@gmail.com"}]},{"name":"John Moehrke (himself)","telecom":[{"system":"email","value":"JohnMoehrke@gmail.com"}]}],"description":"App identifiers for use with PGD","jurisdiction":[{"coding":[{"system":"urn:iso:std:iso:3166","code":"US"}]}],"caseSensitive":true,"content":"complete","count":2,"concept":[{"code":"2ce6d9aa-c068-4809-8dda-662bcb16d09a","display":"MyHealtheVet"},{"code":"49d985b4-6f9d-47e3-bbc9-a56c840ba4a6","display":"Sync My Health Data"}]}