{"resourceType":"ImplementationGuide","id":"va.mhv.example","text":{"status":"extensions","div":"<div xmlns=\"http://www.w3.org/1999/xhtml\"><h2>MHVtoPGHD_Example</h2><p>The official URL for this implementation guide is: </p><pre>https://johnmoehrke.github.io/MHV-PGHD/ImplementationGuide/va.mhv.example</pre><div><p>Testing Plan for VA MyHealtheVet use of PGHD.</p>\n</div></div>"},"url":"https://johnmoehrke.github.io/MHV-PGHD/ImplementationGuide/va.mhv.example","version":"0.2.5-beta","name":"MHVtoPGHD_Example","status":"draft","experimental":false,"date":"2021-04-19","contact":[{"name":"John Moehrke"}],"description":"Testing Plan for VA MyHealtheVet use of PGHD.","jurisdiction":[{"coding":[{"system":"http://unstats.un.org/unsd/methods/m49/m49.htm","code":"001"}]}],"packageId":"va.mhv.example","license":"CC0-1.0","fhirVersion":["4.0.1"],"dependsOn":[{"id":"uscore","uri":"http://hl7.org/fhir/us/core/ImplementationGuide/hl7.fhir.us.core","packageId":"hl7.fhir.us.core","version":"3.1.1"}],"definition":{"extension":[{"extension":[{"url":"code","valueString":"releaselabel"},{"url":"value","valueString":"CI Build"}],"url":"http://hl7.org/fhir/tools/StructureDefinition/ig-parameter"},{"extension":[{"url":"code","valueString":"copyrightyear"},{"url":"value","valueString":"2019+"}],"url":"http://hl7.org/fhir/tools/StructureDefinition/ig-parameter"},{"extension":[{"url":"code","valueString":"special-url"},{"url":"value","valueString":"https://wiki.mobilehealth.va.gov/display/PGDMS/Client+Provenance+Mapping"}],"url":"http://hl7.org/fhir/tools/StructureDefinition/ig-parameter"},{"extension":[{"url":"code","valueString":"special-url"},{"url":"value","valueString":"https://wiki.mobilehealth.va.gov/x/Onc1C"}],"url":"http://hl7.org/fhir/tools/StructureDefinition/ig-parameter"},{"extension":[{"url":"code","valueString":"autoload-resources"},{"url":"value","valueString":"true"}],"url":"http://hl7.org/fhir/tools/StructureDefinition/ig-parameter"},{"extension":[{"url":"code","valueString":"path-liquid"},{"url":"value","valueString":"template/liquid"}],"url":"http://hl7.org/fhir/tools/StructureDefinition/ig-parameter"},{"extension":[{"url":"code","valueString":"path-liquid"},{"url":"value","valueString":"input/liquid"}],"url":"http://hl7.org/fhir/tools/StructureDefinition/ig-parameter"},{"extension":[{"url":"code","valueString":"path-qa"},{"url":"value","valueString":"temp/qa"}],"url":"http://hl7.org/fhir/tools/StructureDefinition/ig-parameter"},{"extension":[{"url":"code","valueString":"path-temp"},{"url":"value","valueString":"temp/pages"}],"url":"http://hl7.org/fhir/tools/StructureDefinition/ig-parameter"},{"extension":[{"url":"code","valueString":"path-output"},{"url":"value","valueString":"output"}],"url":"http://hl7.org/fhir/tools/StructureDefinition/ig-parameter"},{"extension":[{"url":"code","valueString":"path-suppressed-warnings"},{"url":"value","valueString":"input/ignoreWarnings.txt"}],"url":"http://hl7.org/fhir/tools/StructureDefinition/ig-parameter"},{"extension":[{"url":"code","valueString":"path-history"},{"url":"value","valueString":"https://johnmoehrke.github.io/MHV-PGHD/history.html"}],"url":"http://hl7.org/fhir/tools/StructureDefinition/ig-parameter"},{"extension":[{"url":"code","valueString":"template-html"},{"url":"value","valueString":"template-page.html"}],"url":"http://hl7.org/fhir/tools/StructureDefinition/ig-parameter"},{"extension":[{"url":"code","valueString":"template-md"},{"url":"value","valueString":"template-page-md.html"}],"url":"http://hl7.org/fhir/tools/StructureDefinition/ig-parameter"},{"extension":[{"url":"code","valueString":"apply-contact"},{"url":"value","valueString":"true"}],"url":"http://hl7.org/fhir/tools/StructureDefinition/ig-parameter"},{"extension":[{"url":"code","valueString":"apply-context"},{"url":"value","valueString":"true"}],"url":"http://hl7.org/fhir/tools/StructureDefinition/ig-parameter"},{"extension":[{"url":"code","valueString":"apply-copyright"},{"url":"value","valueString":"true"}],"url":"http://hl7.org/fhir/tools/StructureDefinition/ig-parameter"},{"extension":[{"url":"code","valueString":"apply-jurisdiction"},{"url":"value","valueString":"true"}],"url":"http://hl7.org/fhir/tools/StructureDefinition/ig-parameter"},{"extension":[{"url":"code","valueString":"apply-license"},{"url":"value","valueString":"true"}],"url":"http://hl7.org/fhir/tools/StructureDefinition/ig-parameter"},{"extension":[{"url":"code","valueString":"apply-publisher"},{"url":"value","valueString":"true"}],"url":"http://hl7.org/fhir/tools/StructureDefinition/ig-parameter"},{"extension":[{"url":"code","valueString":"apply-version"},{"url":"value","valueString":"true"}],"url":"http://hl7.org/fhir/tools/StructureDefinition/ig-parameter"},{"extension":[{"url":"code","valueString":"active-tables"},{"url":"value","valueString":"true"}],"url":"http://hl7.org/fhir/tools/StructureDefinition/ig-parameter"}],"grouping":[{"id":"_str_profile","name":"Structures: Resource Profiles","description":"These define constraints on FHIR resources for systems conforming to this implementation guide"},{"id":"_term_valueset","name":"Terminology: Value Sets","description":"These define sets of codes used by systems conforming to this implementation guide"},{"id":"_term_codesystem","name":"Terminology: Code Systems","description":"These define new code systems used by systems conforming to this implementation guide"},{"id":"_ex_example","name":"Example: Example Instances","description":"These are example instances that show what data produced and consumed by systems conforming with this implementation guide might look like"},{"id":"_other","name":"Other","description":"These are resources that are used within this implementation guide that do not fit into one of the other categories"}],"resource":[{"extension":[{"url":"http://hl7.org/fhir/StructureDefinition/implementationguide-page","valueUri":"Observation-blood-pressure.html"}],"reference":{"reference":"Observation/blood-pressure"},"groupingId":"_other"},{"extension":[{"url":"http://hl7.org/fhir/StructureDefinition/implementationguide-page","valueUri":"Observation-f001.html"}],"reference":{"reference":"Observation/f001"},"groupingId":"_other"},{"extension":[{"url":"http://hl7.org/fhir/StructureDefinition/implementationguide-page","valueUri":"Observation-body-temperature.html"}],"reference":{"reference":"Observation/body-temperature"},"groupingId":"_other"},{"extension":[{"url":"http://hl7.org/fhir/StructureDefinition/implementationguide-page","valueUri":"Observation-heart-rate.html"}],"reference":{"reference":"Observation/heart-rate"},"groupingId":"_other"},{"extension":[{"url":"http://hl7.org/fhir/StructureDefinition/implementationguide-page","valueUri":"Observation-example.html"}],"reference":{"reference":"Observation/example"},"groupingId":"_other"},{"extension":[{"url":"http://hl7.org/fhir/StructureDefinition/implementationguide-page","valueUri":"Observation-632210f2-1866-4c01-a8c5-4abe37c0f6b7.html"}],"reference":{"reference":"Observation/632210f2-1866-4c01-a8c5-4abe37c0f6b7"},"name":"Example Observation - 632210f2-1866-4c01-a8c5-4abe37c0f6b7","exampleCanonical":"https://johnmoehrke.github.io/MHV-PGHD/StructureDefinition/VA.MHV.bloodPressure","groupingId":"_ex_example"},{"extension":[{"url":"http://hl7.org/fhir/StructureDefinition/implementationguide-page","valueUri":"Observation-ad38c881-b73d-4b7a-b4ec-55980f4a21b0.html"}],"reference":{"reference":"Observation/ad38c881-b73d-4b7a-b4ec-55980f4a21b0"},"groupingId":"_other"},{"extension":[{"url":"http://hl7.org/fhir/StructureDefinition/implementationguide-page","valueUri":"Observation-blood-glucose.html"}],"reference":{"reference":"Observation/blood-glucose"},"groupingId":"_other"},{"extension":[{"url":"http://hl7.org/fhir/StructureDefinition/implementationguide-page","valueUri":"AllergyIntolerance-ex-MHV-allergy-0.html"}],"reference":{"reference":"AllergyIntolerance/ex-MHV-allergy-0"},"name":"Example AllergyIntolerance - ex-MHV-allergy-0","exampleCanonical":"https://johnmoehrke.github.io/MHV-PGHD/StructureDefinition/VA.MHV.allergy","groupingId":"_ex_example"},{"extension":[{"url":"http://hl7.org/fhir/StructureDefinition/implementationguide-page","valueUri":"CodeSystem-CPM.html"}],"reference":{"reference":"CodeSystem/CPM"},"name":"PGD other apps","description":"Seems to be used by Mobile Kidney","groupingId":"_term_codesystem"},{"extension":[{"url":"http://hl7.org/fhir/StructureDefinition/implementationguide-page","valueUri":"CodeSystem-OnclC.html"}],"reference":{"reference":"CodeSystem/OnclC"},"name":"PGD apps","description":"App identifiers for use with PGD","groupingId":"_term_codesystem"},{"extension":[{"url":"http://hl7.org/fhir/StructureDefinition/implementationguide-page","valueUri":"Composition-ex-MHV-Composition-0.html"}],"reference":{"reference":"Composition/ex-MHV-Composition-0"},"name":"All Vital-Signs entered in past 60 days","exampleCanonical":"https://johnmoehrke.github.io/MHV-PGHD/StructureDefinition/VA.MHV.BlueComposition","groupingId":"_ex_example"},{"extension":[{"url":"http://hl7.org/fhir/StructureDefinition/implementationguide-page","valueUri":"Encounter-ex-encounter.html"}],"reference":{"reference":"Encounter/ex-encounter"},"groupingId":"_other"},{"extension":[{"url":"http://hl7.org/fhir/StructureDefinition/implementationguide-page","valueUri":"Immunization-ex-MHV-immunization-0.html"}],"reference":{"reference":"Immunization/ex-MHV-immunization-0"},"name":"Example Immunization - ex-MHV-immunization-0","exampleCanonical":"https://johnmoehrke.github.io/MHV-PGHD/StructureDefinition/VA.MHV.immunization","groupingId":"_ex_example"},{"extension":[{"url":"http://hl7.org/fhir/StructureDefinition/implementationguide-page","valueUri":"MedicationStatement-ex-MHV-medication-0.html"}],"reference":{"reference":"MedicationStatement/ex-MHV-medication-0"},"name":"Example MedicationStatement - ex-MHV-medication-0","exampleCanonical":"https://johnmoehrke.github.io/MHV-PGHD/StructureDefinition/VA.MHV.medication","groupingId":"_ex_example"},{"extension":[{"url":"http://hl7.org/fhir/StructureDefinition/implementationguide-page","valueUri":"Observation-ex-bloodSugar-100.html"}],"reference":{"reference":"Observation/ex-bloodSugar-100"},"groupingId":"_other"},{"extension":[{"url":"http://hl7.org/fhir/StructureDefinition/implementationguide-page","valueUri":"Observation-ex-bloodSugar-101.html"}],"reference":{"reference":"Observation/ex-bloodSugar-101"},"groupingId":"_other"},{"extension":[{"url":"http://hl7.org/fhir/StructureDefinition/implementationguide-page","valueUri":"Observation-ex-bloodSugar-102.html"}],"reference":{"reference":"Observation/ex-bloodSugar-102"},"groupingId":"_other"},{"extension":[{"url":"http://hl7.org/fhir/StructureDefinition/implementationguide-page","valueUri":"Observation-ex-bloodSugar-103.html"}],"reference":{"reference":"Observation/ex-bloodSugar-103"},"groupingId":"_other"},{"extension":[{"url":"http://hl7.org/fhir/StructureDefinition/implementationguide-page","valueUri":"Observation-ex-bloodSugar-104.html"}],"reference":{"reference":"Observation/ex-bloodSugar-104"},"groupingId":"_other"},{"extension":[{"url":"http://hl7.org/fhir/StructureDefinition/implementationguide-page","valueUri":"Observation-ex-bloodSugar-105.html"}],"reference":{"reference":"Observation/ex-bloodSugar-105"},"groupingId":"_other"},{"extension":[{"url":"http://hl7.org/fhir/StructureDefinition/implementationguide-page","valueUri":"Observation-ex-bloodSugar-106.html"}],"reference":{"reference":"Observation/ex-bloodSugar-106"},"groupingId":"_other"},{"extension":[{"url":"http://hl7.org/fhir/StructureDefinition/implementationguide-page","valueUri":"Observation-ex-bloodSugarB-106100.html"}],"reference":{"reference":"Observation/ex-bloodSugarB-106100"},"groupingId":"_other"},{"extension":[{"url":"http://hl7.org/fhir/StructureDefinition/implementationguide-page","valueUri":"Observation-ex-bloodSugarB-106101.html"}],"reference":{"reference":"Observation/ex-bloodSugarB-106101"},"groupingId":"_other"},{"extension":[{"url":"http://hl7.org/fhir/StructureDefinition/implementationguide-page","valueUri":"Observation-ex-bloodSugarB-106102.html"}],"reference":{"reference":"Observation/ex-bloodSugarB-106102"},"groupingId":"_other"},{"extension":[{"url":"http://hl7.org/fhir/StructureDefinition/implementationguide-page","valueUri":"Observation-ex-bloodSugarB-106103.html"}],"reference":{"reference":"Observation/ex-bloodSugarB-106103"},"groupingId":"_other"},{"extension":[{"url":"http://hl7.org/fhir/StructureDefinition/implementationguide-page","valueUri":"Observation-ex-bloodSugarB-106104.html"}],"reference":{"reference":"Observation/ex-bloodSugarB-106104"},"groupingId":"_other"},{"extension":[{"url":"http://hl7.org/fhir/StructureDefinition/implementationguide-page","valueUri":"Observation-ex-bloodSugarB-106105.html"}],"reference":{"reference":"Observation/ex-bloodSugarB-106105"},"groupingId":"_other"},{"extension":[{"url":"http://hl7.org/fhir/StructureDefinition/implementationguide-page","valueUri":"Observation-ex-bloodSugarB-106106.html"}],"reference":{"reference":"Observation/ex-bloodSugarB-106106"},"groupingId":"_other"},{"extension":[{"url":"http://hl7.org/fhir/StructureDefinition/implementationguide-page","valueUri":"Observation-ex-MHV-bloodPressure-0.html"}],"reference":{"reference":"Observation/ex-MHV-bloodPressure-0"},"name":"Example Observation - ex-MHV-bloodPressure-0","exampleCanonical":"https://johnmoehrke.github.io/MHV-PGHD/StructureDefinition/VA.MHV.bloodPressure","groupingId":"_ex_example"},{"extension":[{"url":"http://hl7.org/fhir/StructureDefinition/implementationguide-page","valueUri":"Observation-ex-MHV-bloodSugar-0.html"}],"reference":{"reference":"Observation/ex-MHV-bloodSugar-0"},"name":"Example Observation - ex-MHV-bloodSugar-0","exampleCanonical":"https://johnmoehrke.github.io/MHV-PGHD/StructureDefinition/VA.MHV.bloodSugar","groupingId":"_ex_example"},{"extension":[{"url":"http://hl7.org/fhir/StructureDefinition/implementationguide-page","valueUri":"Observation-ex-MHV-bloodSugar-1.html"}],"reference":{"reference":"Observation/ex-MHV-bloodSugar-1"},"name":"Example Observation - ex-MHV-bloodSugar-1","exampleCanonical":"https://johnmoehrke.github.io/MHV-PGHD/StructureDefinition/VA.MHV.bloodSugar","groupingId":"_ex_example"},{"extension":[{"url":"http://hl7.org/fhir/StructureDefinition/implementationguide-page","valueUri":"Observation-ex-MHV-bloodSugar-2.html"}],"reference":{"reference":"Observation/ex-MHV-bloodSugar-2"},"name":"Example Observation - ex-MHV-bloodSugar-2","exampleCanonical":"https://johnmoehrke.github.io/MHV-PGHD/StructureDefinition/VA.MHV.bloodSugar","groupingId":"_ex_example"},{"extension":[{"url":"http://hl7.org/fhir/StructureDefinition/implementationguide-page","valueUri":"Observation-ex-MHV-bloodSugar-3.html"}],"reference":{"reference":"Observation/ex-MHV-bloodSugar-3"},"name":"Example Observation - ex-MHV-bloodSugar-3","exampleCanonical":"https://johnmoehrke.github.io/MHV-PGHD/StructureDefinition/VA.MHV.bloodSugar","groupingId":"_ex_example"},{"extension":[{"url":"http://hl7.org/fhir/StructureDefinition/implementationguide-page","valueUri":"Observation-ex-MHV-bloodSugar-4.html"}],"reference":{"reference":"Observation/ex-MHV-bloodSugar-4"},"name":"Example Observation - ex-MHV-bloodSugar-4","exampleCanonical":"https://johnmoehrke.github.io/MHV-PGHD/StructureDefinition/VA.MHV.bloodSugar","groupingId":"_ex_example"},{"extension":[{"url":"http://hl7.org/fhir/StructureDefinition/implementationguide-page","valueUri":"Observation-ex-MHV-bloodSugar-5.html"}],"reference":{"reference":"Observation/ex-MHV-bloodSugar-5"},"name":"Example Observation - ex-MHV-bloodSugar-5","exampleCanonical":"https://johnmoehrke.github.io/MHV-PGHD/StructureDefinition/VA.MHV.bloodSugar","groupingId":"_ex_example"},{"extension":[{"url":"http://hl7.org/fhir/StructureDefinition/implementationguide-page","valueUri":"Observation-ex-MHV-bloodSugar-6.html"}],"reference":{"reference":"Observation/ex-MHV-bloodSugar-6"},"name":"Example Observation - ex-MHV-bloodSugar-6","exampleCanonical":"https://johnmoehrke.github.io/MHV-PGHD/StructureDefinition/VA.MHV.bloodSugar","groupingId":"_ex_example"},{"extension":[{"url":"http://hl7.org/fhir/StructureDefinition/implementationguide-page","valueUri":"Observation-ex-MHV-bloodSugar-7.html"}],"reference":{"reference":"Observation/ex-MHV-bloodSugar-7"},"name":"Example Observation - ex-MHV-bloodSugar-7","exampleCanonical":"https://johnmoehrke.github.io/MHV-PGHD/StructureDefinition/VA.MHV.bloodSugar","groupingId":"_ex_example"},{"extension":[{"url":"http://hl7.org/fhir/StructureDefinition/implementationguide-page","valueUri":"Observation-ex-MHV-bloodSugar-8.html"}],"reference":{"reference":"Observation/ex-MHV-bloodSugar-8"},"name":"Example Observation - ex-MHV-bloodSugar-8","exampleCanonical":"https://johnmoehrke.github.io/MHV-PGHD/StructureDefinition/VA.MHV.bloodSugar","groupingId":"_ex_example"},{"extension":[{"url":"http://hl7.org/fhir/StructureDefinition/implementationguide-page","valueUri":"Observation-ex-MHV-bloodSugarB-0.html"}],"reference":{"reference":"Observation/ex-MHV-bloodSugarB-0"},"name":"Example Observation - ex-MHV-bloodSugarB-0","exampleCanonical":"https://johnmoehrke.github.io/MHV-PGHD/StructureDefinition/VA.MHV.bloodSugarB","groupingId":"_ex_example"},{"extension":[{"url":"http://hl7.org/fhir/StructureDefinition/implementationguide-page","valueUri":"Observation-ex-MHV-bloodSugarB-1.html"}],"reference":{"reference":"Observation/ex-MHV-bloodSugarB-1"},"name":"Example Observation - ex-MHV-bloodSugarB-1","exampleCanonical":"https://johnmoehrke.github.io/MHV-PGHD/StructureDefinition/VA.MHV.bloodSugarB","groupingId":"_ex_example"},{"extension":[{"url":"http://hl7.org/fhir/StructureDefinition/implementationguide-page","valueUri":"Observation-ex-MHV-bloodSugarB-2.html"}],"reference":{"reference":"Observation/ex-MHV-bloodSugarB-2"},"name":"Example Observation - ex-MHV-bloodSugarB-2","exampleCanonical":"https://johnmoehrke.github.io/MHV-PGHD/StructureDefinition/VA.MHV.bloodSugarB","groupingId":"_ex_example"},{"extension":[{"url":"http://hl7.org/fhir/StructureDefinition/implementationguide-page","valueUri":"Observation-ex-MHV-bloodSugarB-3.html"}],"reference":{"reference":"Observation/ex-MHV-bloodSugarB-3"},"name":"Example Observation - ex-MHV-bloodSugarB-3","exampleCanonical":"https://johnmoehrke.github.io/MHV-PGHD/StructureDefinition/VA.MHV.bloodSugarB","groupingId":"_ex_example"},{"extension":[{"url":"http://hl7.org/fhir/StructureDefinition/implementationguide-page","valueUri":"Observation-ex-MHV-bloodSugarB-4.html"}],"reference":{"reference":"Observation/ex-MHV-bloodSugarB-4"},"name":"Example Observation - ex-MHV-bloodSugarB-4","exampleCanonical":"https://johnmoehrke.github.io/MHV-PGHD/StructureDefinition/VA.MHV.bloodSugarB","groupingId":"_ex_example"},{"extension":[{"url":"http://hl7.org/fhir/StructureDefinition/implementationguide-page","valueUri":"Observation-ex-MHV-bloodSugarB-5.html"}],"reference":{"reference":"Observation/ex-MHV-bloodSugarB-5"},"name":"Example Observation - ex-MHV-bloodSugarB-5","exampleCanonical":"https://johnmoehrke.github.io/MHV-PGHD/StructureDefinition/VA.MHV.bloodSugarB","groupingId":"_ex_example"},{"extension":[{"url":"http://hl7.org/fhir/StructureDefinition/implementationguide-page","valueUri":"Observation-ex-MHV-bloodSugarB-6.html"}],"reference":{"reference":"Observation/ex-MHV-bloodSugarB-6"},"name":"Example Observation - ex-MHV-bloodSugarB-6","exampleCanonical":"https://johnmoehrke.github.io/MHV-PGHD/StructureDefinition/VA.MHV.bloodSugarB","groupingId":"_ex_example"},{"extension":[{"url":"http://hl7.org/fhir/StructureDefinition/implementationguide-page","valueUri":"Observation-ex-MHV-bloodSugarB-7.html"}],"reference":{"reference":"Observation/ex-MHV-bloodSugarB-7"},"name":"Example Observation - ex-MHV-bloodSugarB-7","exampleCanonical":"https://johnmoehrke.github.io/MHV-PGHD/StructureDefinition/VA.MHV.bloodSugarB","groupingId":"_ex_example"},{"extension":[{"url":"http://hl7.org/fhir/StructureDefinition/implementationguide-page","valueUri":"Observation-ex-MHV-bloodSugarB-8.html"}],"reference":{"reference":"Observation/ex-MHV-bloodSugarB-8"},"name":"Example Observation - ex-MHV-bloodSugarB-8","exampleCanonical":"https://johnmoehrke.github.io/MHV-PGHD/StructureDefinition/VA.MHV.bloodSugarB","groupingId":"_ex_example"},{"extension":[{"url":"http://hl7.org/fhir/StructureDefinition/implementationguide-page","valueUri":"Observation-ex-MHV-heartRate-1.html"}],"reference":{"reference":"Observation/ex-MHV-heartRate-1"},"name":"Example Observation - ex-MHV-heartRate-1","exampleCanonical":"https://johnmoehrke.github.io/MHV-PGHD/StructureDefinition/VA.MHV.heartRate","groupingId":"_ex_example"},{"extension":[{"url":"http://hl7.org/fhir/StructureDefinition/implementationguide-page","valueUri":"Observation-ex-MHV-heartRate-2.html"}],"reference":{"reference":"Observation/ex-MHV-heartRate-2"},"name":"Example Observation - ex-MHV-heartRate-2","exampleCanonical":"https://johnmoehrke.github.io/MHV-PGHD/StructureDefinition/VA.MHV.heartRate","groupingId":"_ex_example"},{"extension":[{"url":"http://hl7.org/fhir/StructureDefinition/implementationguide-page","valueUri":"Observation-ex-MHV-heartRate-3.html"}],"reference":{"reference":"Observation/ex-MHV-heartRate-3"},"name":"Example Observation - ex-MHV-heartRate-3","exampleCanonical":"https://johnmoehrke.github.io/MHV-PGHD/StructureDefinition/VA.MHV.heartRate","groupingId":"_ex_example"},{"extension":[{"url":"http://hl7.org/fhir/StructureDefinition/implementationguide-page","valueUri":"Observation-ex-MHV-oxygenSat-1.html"}],"reference":{"reference":"Observation/ex-MHV-oxygenSat-1"},"name":"Example Observation - ex-MHV-oxygenSat-1","exampleCanonical":"https://johnmoehrke.github.io/MHV-PGHD/StructureDefinition/VA.MHV.bloodOxygenSat","groupingId":"_ex_example"},{"extension":[{"url":"http://hl7.org/fhir/StructureDefinition/implementationguide-page","valueUri":"Observation-ex-MHV-oxygenSat-2.html"}],"reference":{"reference":"Observation/ex-MHV-oxygenSat-2"},"name":"Example Observation - ex-MHV-oxygenSat-2","exampleCanonical":"https://johnmoehrke.github.io/MHV-PGHD/StructureDefinition/VA.MHV.bloodOxygenSat","groupingId":"_ex_example"},{"extension":[{"url":"http://hl7.org/fhir/StructureDefinition/implementationguide-page","valueUri":"Observation-ex-MHV-oxygenSat-3.html"}],"reference":{"reference":"Observation/ex-MHV-oxygenSat-3"},"name":"Example Observation - ex-MHV-oxygenSat-3","exampleCanonical":"https://johnmoehrke.github.io/MHV-PGHD/StructureDefinition/VA.MHV.bloodOxygenSat","groupingId":"_ex_example"},{"extension":[{"url":"http://hl7.org/fhir/StructureDefinition/implementationguide-page","valueUri":"Observation-ex-MHV-pain-0.html"}],"reference":{"reference":"Observation/ex-MHV-pain-0"},"name":"Example Observation - ex-MHV-pain-0","exampleCanonical":"https://johnmoehrke.github.io/MHV-PGHD/StructureDefinition/VA.MHV.pain","groupingId":"_ex_example"},{"extension":[{"url":"http://hl7.org/fhir/StructureDefinition/implementationguide-page","valueUri":"Observation-ex-MHV-pain-1.html"}],"reference":{"reference":"Observation/ex-MHV-pain-1"},"name":"Example Observation - ex-MHV-pain-1","exampleCanonical":"https://johnmoehrke.github.io/MHV-PGHD/StructureDefinition/VA.MHV.pain","groupingId":"_ex_example"},{"extension":[{"url":"http://hl7.org/fhir/StructureDefinition/implementationguide-page","valueUri":"Observation-ex-MHV-pain-10.html"}],"reference":{"reference":"Observation/ex-MHV-pain-10"},"name":"Example Observation - ex-MHV-pain-10","exampleCanonical":"https://johnmoehrke.github.io/MHV-PGHD/StructureDefinition/VA.MHV.pain","groupingId":"_ex_example"},{"extension":[{"url":"http://hl7.org/fhir/StructureDefinition/implementationguide-page","valueUri":"Observation-ex-MHV-pain-14.html"}],"reference":{"reference":"Observation/ex-MHV-pain-14"},"groupingId":"_other"},{"extension":[{"url":"http://hl7.org/fhir/StructureDefinition/implementationguide-page","valueUri":"Observation-ex-MHV-pain-2.html"}],"reference":{"reference":"Observation/ex-MHV-pain-2"},"name":"Example Observation - ex-MHV-pain-2","exampleCanonical":"https://johnmoehrke.github.io/MHV-PGHD/StructureDefinition/VA.MHV.pain","groupingId":"_ex_example"},{"extension":[{"url":"http://hl7.org/fhir/StructureDefinition/implementationguide-page","valueUri":"Observation-ex-MHV-pain-3.html"}],"reference":{"reference":"Observation/ex-MHV-pain-3"},"name":"Example Observation - ex-MHV-pain-3","exampleCanonical":"https://johnmoehrke.github.io/MHV-PGHD/StructureDefinition/VA.MHV.pain","groupingId":"_ex_example"},{"extension":[{"url":"http://hl7.org/fhir/StructureDefinition/implementationguide-page","valueUri":"Observation-ex-MHV-pain-4.html"}],"reference":{"reference":"Observation/ex-MHV-pain-4"},"name":"Example Observation - ex-MHV-pain-4","exampleCanonical":"https://johnmoehrke.github.io/MHV-PGHD/StructureDefinition/VA.MHV.pain","groupingId":"_ex_example"},{"extension":[{"url":"http://hl7.org/fhir/StructureDefinition/implementationguide-page","valueUri":"Observation-ex-MHV-pain-5.html"}],"reference":{"reference":"Observation/ex-MHV-pain-5"},"name":"Example Observation - ex-MHV-pain-5","exampleCanonical":"https://johnmoehrke.github.io/MHV-PGHD/StructureDefinition/VA.MHV.pain","groupingId":"_ex_example"},{"extension":[{"url":"http://hl7.org/fhir/StructureDefinition/implementationguide-page","valueUri":"Observation-ex-MHV-pain-6.html"}],"reference":{"reference":"Observation/ex-MHV-pain-6"},"name":"Example Observation - ex-MHV-pain-6","exampleCanonical":"https://johnmoehrke.github.io/MHV-PGHD/StructureDefinition/VA.MHV.pain","groupingId":"_ex_example"},{"extension":[{"url":"http://hl7.org/fhir/StructureDefinition/implementationguide-page","valueUri":"Observation-ex-MHV-pain-7.html"}],"reference":{"reference":"Observation/ex-MHV-pain-7"},"name":"Example Observation - ex-MHV-pain-7","exampleCanonical":"https://johnmoehrke.github.io/MHV-PGHD/StructureDefinition/VA.MHV.pain","groupingId":"_ex_example"},{"extension":[{"url":"http://hl7.org/fhir/StructureDefinition/implementationguide-page","valueUri":"Observation-ex-MHV-pain-8.html"}],"reference":{"reference":"Observation/ex-MHV-pain-8"},"name":"Example Observation - ex-MHV-pain-8","exampleCanonical":"https://johnmoehrke.github.io/MHV-PGHD/StructureDefinition/VA.MHV.pain","groupingId":"_ex_example"},{"extension":[{"url":"http://hl7.org/fhir/StructureDefinition/implementationguide-page","valueUri":"Observation-ex-MHV-pain-9.html"}],"reference":{"reference":"Observation/ex-MHV-pain-9"},"name":"Example Observation - ex-MHV-pain-9","exampleCanonical":"https://johnmoehrke.github.io/MHV-PGHD/StructureDefinition/VA.MHV.pain","groupingId":"_ex_example"},{"extension":[{"url":"http://hl7.org/fhir/StructureDefinition/implementationguide-page","valueUri":"Observation-ex-MHV-temperature-0.html"}],"reference":{"reference":"Observation/ex-MHV-temperature-0"},"name":"Example Observation - ex-MHV-temperature-0","exampleCanonical":"https://johnmoehrke.github.io/MHV-PGHD/StructureDefinition/VA.MHV.bodyTemperature","groupingId":"_ex_example"},{"extension":[{"url":"http://hl7.org/fhir/StructureDefinition/implementationguide-page","valueUri":"Observation-ex-MHV-temperature-1.html"}],"reference":{"reference":"Observation/ex-MHV-temperature-1"},"name":"Example Observation - ex-MHV-temperature-1","exampleCanonical":"https://johnmoehrke.github.io/MHV-PGHD/StructureDefinition/VA.MHV.bodyTemperature","groupingId":"_ex_example"},{"extension":[{"url":"http://hl7.org/fhir/StructureDefinition/implementationguide-page","valueUri":"Observation-ex-MHV-temperature-2.html"}],"reference":{"reference":"Observation/ex-MHV-temperature-2"},"name":"Example Observation - ex-MHV-temperature-2","exampleCanonical":"https://johnmoehrke.github.io/MHV-PGHD/StructureDefinition/VA.MHV.bodyTemperature","groupingId":"_ex_example"},{"extension":[{"url":"http://hl7.org/fhir/StructureDefinition/implementationguide-page","valueUri":"Observation-ex-MHV-temperature-3.html"}],"reference":{"reference":"Observation/ex-MHV-temperature-3"},"name":"Example Observation - ex-MHV-temperature-3","exampleCanonical":"https://johnmoehrke.github.io/MHV-PGHD/StructureDefinition/VA.MHV.bodyTemperature","groupingId":"_ex_example"},{"extension":[{"url":"http://hl7.org/fhir/StructureDefinition/implementationguide-page","valueUri":"Observation-ex-MHV-temperature-4.html"}],"reference":{"reference":"Observation/ex-MHV-temperature-4"},"name":"Example Observation - ex-MHV-temperature-4","exampleCanonical":"https://johnmoehrke.github.io/MHV-PGHD/StructureDefinition/VA.MHV.bodyTemperature","groupingId":"_ex_example"},{"extension":[{"url":"http://hl7.org/fhir/StructureDefinition/implementationguide-page","valueUri":"Observation-ex-MHV-temperature-5.html"}],"reference":{"reference":"Observation/ex-MHV-temperature-5"},"name":"Example Observation - ex-MHV-temperature-5","exampleCanonical":"https://johnmoehrke.github.io/MHV-PGHD/StructureDefinition/VA.MHV.bodyTemperature","groupingId":"_ex_example"},{"extension":[{"url":"http://hl7.org/fhir/StructureDefinition/implementationguide-page","valueUri":"Observation-ex-MHV-temperature-6.html"}],"reference":{"reference":"Observation/ex-MHV-temperature-6"},"name":"Example Observation - ex-MHV-temperature-6","exampleCanonical":"https://johnmoehrke.github.io/MHV-PGHD/StructureDefinition/VA.MHV.bodyTemperature","groupingId":"_ex_example"},{"extension":[{"url":"http://hl7.org/fhir/StructureDefinition/implementationguide-page","valueUri":"Observation-ex-MHV-temperature-7.html"}],"reference":{"reference":"Observation/ex-MHV-temperature-7"},"groupingId":"_other"},{"extension":[{"url":"http://hl7.org/fhir/StructureDefinition/implementationguide-page","valueUri":"Observation-ex-MHV-weight.html"}],"reference":{"reference":"Observation/ex-MHV-weight"},"name":"Example Observation - ex-MHV-weight","exampleCanonical":"https://johnmoehrke.github.io/MHV-PGHD/StructureDefinition/VA.MHV.bodyWeight","groupingId":"_ex_example"},{"extension":[{"url":"http://hl7.org/fhir/StructureDefinition/implementationguide-page","valueUri":"Observation-ex-other-oxygenSat-4.html"}],"reference":{"reference":"Observation/ex-other-oxygenSat-4"},"groupingId":"_other"},{"extension":[{"url":"http://hl7.org/fhir/StructureDefinition/implementationguide-page","valueUri":"Observation-ex-pain-11.html"}],"reference":{"reference":"Observation/ex-pain-11"},"name":"Example Observation - ex-pain-11","exampleCanonical":"https://johnmoehrke.github.io/MHV-PGHD/StructureDefinition/VA.MHV.pain","groupingId":"_ex_example"},{"extension":[{"url":"http://hl7.org/fhir/StructureDefinition/implementationguide-page","valueUri":"Observation-ex-pain-12.html"}],"reference":{"reference":"Observation/ex-pain-12"},"groupingId":"_other"},{"extension":[{"url":"http://hl7.org/fhir/StructureDefinition/implementationguide-page","valueUri":"Observation-ex-pain-13.html"}],"reference":{"reference":"Observation/ex-pain-13"},"groupingId":"_other"},{"extension":[{"url":"http://hl7.org/fhir/StructureDefinition/implementationguide-page","valueUri":"Observation-ex-pain-14.html"}],"reference":{"reference":"Observation/ex-pain-14"},"groupingId":"_other"},{"extension":[{"url":"http://hl7.org/fhir/StructureDefinition/implementationguide-page","valueUri":"Observation-ex-pain-15.html"}],"reference":{"reference":"Observation/ex-pain-15"},"groupingId":"_other"},{"extension":[{"url":"http://hl7.org/fhir/StructureDefinition/implementationguide-page","valueUri":"Observation-ex-temperature-10.html"}],"reference":{"reference":"Observation/ex-temperature-10"},"groupingId":"_other"},{"extension":[{"url":"http://hl7.org/fhir/StructureDefinition/implementationguide-page","valueUri":"Observation-ex-temperature-8.html"}],"reference":{"reference":"Observation/ex-temperature-8"},"groupingId":"_other"},{"extension":[{"url":"http://hl7.org/fhir/StructureDefinition/implementationguide-page","valueUri":"Observation-ex-temperature-9.html"}],"reference":{"reference":"Observation/ex-temperature-9"},"groupingId":"_other"},{"extension":[{"url":"http://hl7.org/fhir/StructureDefinition/implementationguide-page","valueUri":"Observation-ex-weight-core.html"}],"reference":{"reference":"Observation/ex-weight-core"},"groupingId":"_other"},{"extension":[{"url":"http://hl7.org/fhir/StructureDefinition/implementationguide-page","valueUri":"Observation-ex-weight-stone.html"}],"reference":{"reference":"Observation/ex-weight-stone"},"groupingId":"_other"},{"extension":[{"url":"http://hl7.org/fhir/StructureDefinition/implementationguide-page","valueUri":"Patient-ex-patient.html"}],"reference":{"reference":"Patient/ex-patient"},"groupingId":"_other"},{"extension":[{"url":"http://hl7.org/fhir/StructureDefinition/implementationguide-page","valueUri":"Practitioner-ex-practitioner.html"}],"reference":{"reference":"Practitioner/ex-practitioner"},"groupingId":"_other"},{"extension":[{"url":"http://hl7.org/fhir/StructureDefinition/implementationguide-page","valueUri":"StructureDefinition-VA.MHV.allergy.html"}],"reference":{"reference":"StructureDefinition/VA.MHV.allergy"},"name":"VA MHV Allergy or Intolerance","description":"A profile on the AllergyIntolerance that declares how MHV will Create/Update in PGHD for allergy or intolerance.\r\n\r\nGiven that MyHealtheVet has access to the medical record (Vista and Cerner), there should be logic keeping a patient from entering a duplicate allergy or intolerance. \r\n\r\n* Derived off of US-Core Allergy\r\n* must be marked with MHV app tag\r\n* must point at the patient\r\n* must indicate patient is the asserter\r\n* may have recorder be the user (e.g. delegate)\r\n* must have clinicalStatus of active\r\n* may have type set to allergy or intolerance (default blank)\r\n* must have a recordedDate of the date entered\r\n* must have a onsetDateTime from the UI\r\n* must have a code.text or code.coding from a valueset from the UI\r\n* may have a category from the UI\r\n* may have a severity from the UI\r\n* must have a reaction.note or reaction.manifestation from the UI\r\n* may have a comments note from the UI\r\n* once created will or might have an id, versionId, lastUpdated, text, and identifier\r\n* DSTU2 uses slightly different element names (e.g., substance and onset)","groupingId":"_str_profile"},{"extension":[{"url":"http://hl7.org/fhir/StructureDefinition/implementationguide-page","valueUri":"StructureDefinition-VA.MHV.bloodOxygenSat.html"}],"reference":{"reference":"StructureDefinition/VA.MHV.bloodOxygenSat"},"name":"VA MHV Blood Oxygen Saturation Observation","description":"A profile on the Observation that declares how MHV will Read (future Create/Update/Delete) in PGHD for blood Oxygen Saturation measurements.\r\n\r\nThis profile is consistent with FHIR Vital-Signs for Oxygen Saturation\r\n\r\n* must be marked with MHV app tag\r\n* must have vital-signs category\r\n* must have LOINC#59408-5 code AND LOINC#2708-6\r\n* must have effectiveDateTime\r\n* must have a valueQuantity with UCUM '%' units\r\n* must have status at final\r\n* must point at the patient\r\n* may have a note (comment)\r\n* once created will or might have an id, versionId, lastUpdated, text, and identifier\r\n* DSTU2 use comment rather than note","groupingId":"_str_profile"},{"extension":[{"url":"http://hl7.org/fhir/StructureDefinition/implementationguide-page","valueUri":"StructureDefinition-VA.MHV.bloodPressure.html"}],"reference":{"reference":"StructureDefinition/VA.MHV.bloodPressure"},"name":"VA MHV Blood Pressure Observation","description":"A profile on the Observation that declares how MHV will Create/Update in PGHD for blood pressure measurements.\r\n\r\nNote that Blood Pressure is not FHIR core Vital-Signs compliant as that requires 85354-9. This was not agreed by Mobile.\r\n\r\n* must be marked with MHV app tag\r\n* must have vital-signs category\r\n* must have LOINC#55284-4 code AND LOINC#8716-3\r\n* must have effectiveDateTime\r\n* must not have a value[x]\r\n* must have two components\r\n* must have systolic and diastolic component values in mm[Hg]\r\n* may have a heart-rate component\r\n* may have a position component\r\n* must have status at final\r\n* must point at the patient\r\n* may have a note (comment)\r\n* once created will or might have an id, versionId, lastUpdated, text, and identifier\r\n* DSTU2 use comment rather than note","groupingId":"_str_profile"},{"extension":[{"url":"http://hl7.org/fhir/StructureDefinition/implementationguide-page","valueUri":"StructureDefinition-VA.MHV.bloodSugar.html"}],"reference":{"reference":"StructureDefinition/VA.MHV.bloodSugar"},"name":"VA MHV Blood Sugar Observation","description":"A profile on the Observation that declares how MHV will Create/Update in PGHD for blood sugar measurements. Eating routine is indicated as a component.\r\n\r\nNote that Blood Sugar is not part of FHIR core vital-signs.\r\n\r\n* must be marked with MHV app tag\r\n* must have vital-signs category\r\n* must have LOINC#2339-0 code AND LOINC#2345-7\r\n* must have effectiveDateTime\r\n* must have valueQuantity with units only of mg/dL\r\n* must have status at final\r\n* must point at the patient\r\n* may have a method of clinical lab test, sterile lancet, transcutaneous, implant, or other\r\n* may have a eating routine component with string of fasting, after meal, or unknown\r\n* may have a note (comment)\r\n* once created will or might have an id, versionId, lastUpdated, text, and identifier\r\n* DSTU2 use comment rather than note","groupingId":"_str_profile"},{"extension":[{"url":"http://hl7.org/fhir/StructureDefinition/implementationguide-page","valueUri":"StructureDefinition-VA.MHV.bloodSugarB.html"}],"reference":{"reference":"StructureDefinition/VA.MHV.bloodSugarB"},"name":"VA MHV Blood Sugar Observation alternative B","description":"A profile on the Observation that declares how MHV will Create/Update in PGHD for blood sugar measurements. Indicate fasting status as a code.\r\n\r\nNote that Blood Sugar is not part of FHIR core vital-signs.\r\n\r\n* must be marked with MHV app tag\r\n* must have vital-signs category\r\n* must have LOINC#2339-0 code AND LOINC#2345-7\r\n* may have indication of fasting (LOINC#1556-0), or 2-hours after meal (LOINC#6689-4)\r\n* must have effectiveDateTime\r\n* must have valueQuantity with units only of mg/dL\r\n* must have status at final\r\n* must point at the patient\r\n* may have a method of clinical lab test, sterile lancet, transcutaneous, implant, or other\r\n* may have a note (comment)\r\n* once created will or might have an id, versionId, lastUpdated, text, and identifier\r\n* DSTU2 use comment rather than note","groupingId":"_str_profile"},{"extension":[{"url":"http://hl7.org/fhir/StructureDefinition/implementationguide-page","valueUri":"StructureDefinition-VA.MHV.BlueBundle.html"}],"reference":{"reference":"StructureDefinition/VA.MHV.BlueBundle"},"name":"VA MHV BlueButton Bundle","description":"A profile on the Bundle that declares how MHV will Create/Update in PGHD for BlueButton report.\r\n\r\nThis is a work in progress. It is not agreed to, and it is not ready for review.\r\n\r\n* must be a document type Bundle\r\n* must have a timestamp of when this was created\r\n* must have a MHV Bluebutton type of a Composition \r\n* must include Patient Resource\r\n* must include all Resources referenced by Composition \r\n* DSTU2 use comment rather than note","groupingId":"_str_profile"},{"extension":[{"url":"http://hl7.org/fhir/StructureDefinition/implementationguide-page","valueUri":"StructureDefinition-VA.MHV.BlueComposition.html"}],"reference":{"reference":"StructureDefinition/VA.MHV.BlueComposition"},"name":"VA MHV BlueButton Composition","description":"A profile on the Composition that declares how MHV will Create/Update in PGHD for BlueButton report.\r\n\r\nThis is a work in progress. It is not agreed to, and it is not ready for review.\r\n\r\n* must be marked with MHV app tag\r\n* must be status final\r\n* must have a title explaining the content - for example: all vital-signs from past 60 days\r\n* must have date stamp of when created (now)\r\n* must be LOINC 55188-7 Patient data Document\r\n* must point at the patient for both subject and author\r\n* DSTU2 use comment rather than note","groupingId":"_str_profile"},{"extension":[{"url":"http://hl7.org/fhir/StructureDefinition/implementationguide-page","valueUri":"StructureDefinition-VA.MHV.bodyTemperature.html"}],"reference":{"reference":"StructureDefinition/VA.MHV.bodyTemperature"},"name":"VA MHV Body Temperature Observation","description":"A profile on the Observation that declares how MHV will Create/Update in PGHD for body temperature measurements.\r\n\r\nNote this is compliant with FHIR core vital-signs.\r\n\r\n* must be marked with MHV app tag\r\n* must have vital-signs category\r\n* must have LOINC#8310-5 code\r\n* must have effectiveDateTime\r\n* must have valueQuantity with units from the MHV body temperatures (F and C)\r\n* must have status at final\r\n* must point at the patient\r\n* may have a bodySite from MHV body temperature sites (tongue, underarm, ear, mouth, or rectum)\r\n* may have a note (comment)\r\n* once created will or might have an id, versionId, lastUpdated, text, and identifier\r\n* DSTU2 use comment rather than note","groupingId":"_str_profile"},{"extension":[{"url":"http://hl7.org/fhir/StructureDefinition/implementationguide-page","valueUri":"StructureDefinition-VA.MHV.bodyWeight.html"}],"reference":{"reference":"StructureDefinition/VA.MHV.bodyWeight"},"name":"VA MHV BodyWeight Observation","description":"A profile on the Observation that declares how MHV will Create/Update in PGHD for body weight measurements.\r\n\r\nNote this is compliant with FHIR core vital-signs.\r\n\r\n* must be marked with MHV app tag\r\n* must have vital-signs category\r\n* must have LOINC#29463-7 code\r\n* must have effectiveDateTime\r\n* must have valueQuantity with units from the MHV body weights (lbs and kg)\r\n* must have status at final\r\n* must point at the patient\r\n* may have a note (comment)\r\n* once created will or might have an id, versionId, lastUpdated, text, and identifier\r\n* DSTU2 use comment rather than note","groupingId":"_str_profile"},{"extension":[{"url":"http://hl7.org/fhir/StructureDefinition/implementationguide-page","valueUri":"StructureDefinition-VA.MHV.heartRate.html"}],"reference":{"reference":"StructureDefinition/VA.MHV.heartRate"},"name":"VA MHV HeartRate Observation","description":"A profile on the Observation that declares how MHV will Create/Update in PGHD for heart rate measurements.\r\n\r\nNote this is compliant with FHIR core vital-signs.\r\n\r\n* must be marked with MHV app tag\r\n* must have vital-signs category\r\n* must have LOINC#8867-4 code\r\n* must have effectiveDateTime\r\n* must have valueQuantity with units only of beats per minute\r\n* must have status at final\r\n* must point at the patient\r\n* may have a note (comment)\r\n* once created will or might have an id, versionId, lastUpdated, text, and identifier\r\n* DSTU2 use comment rather than note","groupingId":"_str_profile"},{"extension":[{"url":"http://hl7.org/fhir/StructureDefinition/implementationguide-page","valueUri":"StructureDefinition-VA.MHV.immunization.html"}],"reference":{"reference":"StructureDefinition/VA.MHV.immunization"},"name":"VA MHV Immunization","description":"A profile on the Immunization that declares how MHV will Create/Update in PGHD for an immunization.\r\n\r\nGiven that MyHealtheVet has access to medical record (Vista and Cerner) of immunizations, there should be logic keeping a patient from entering a duplicate immunization.\r\n\r\n* Derived off of US-Core Immunization\r\n* must be marked with MHV app tag\r\n* must point at the patient\r\n* must have status of completed (can not enter not-done or entered-in-error)\r\n* must have a code.text or code.coding from a valueset from the UI\r\n  * codes from given valueSet\r\n* must have a date (occuranceDateTime) the vaccine was administered from the UI\r\n* must indicate the date this record is being recorded into PGHD \r\n* must be indicated this data are not official record (primarySource=false)\r\n* must indicate this is being recorded from patient recollection\r\n* any reaction is recorded as a contained observation\r\n* may have a comment note\r\n* once created will or might have an id, versionId, lastUpdated, text, and identifier\r\n* DSTU2 uses slightly different element names (e.g., substance and onset)","groupingId":"_str_profile"},{"extension":[{"url":"http://hl7.org/fhir/StructureDefinition/implementationguide-page","valueUri":"StructureDefinition-VA.MHV.medication.html"}],"reference":{"reference":"StructureDefinition/VA.MHV.medication"},"name":"VA MHV Medication","description":"A profile on the MedicationStatement that declares how MHV will Create/Update in PGHD.\r\n\r\n* NOT Derived off of US-Core as there is no MedicationStatement in US-Core\r\n* must be marked with MHV app tag\r\n* must have a medication name\r\n* must have a strength per dose\r\n* must have a reason for use\r\n* must have effectiveDateTime\r\n* must have status at final, stopped, or complete\r\n* must point at the patient\r\n* may have a note \r\n* may have quantity\r\n* may have frequency\r\n* may have method of taking\r\n* may have a rx number\r\n* may indicate where it was filled\r\n* may indicate who prescribed\r\n* may indicate if side affects or none\r\n* once created will or might have an id, versionId, lastUpdated, text, and identifier","groupingId":"_str_profile"},{"extension":[{"url":"http://hl7.org/fhir/StructureDefinition/implementationguide-page","valueUri":"StructureDefinition-VA.MHV.pain.html"}],"reference":{"reference":"StructureDefinition/VA.MHV.pain"},"name":"VA MHV Pain Observation","description":"A profile on the Observation that declares how MHV will Create/Update in PGHD for pain measurements.\r\n\r\nNote that Pain is not part of FHIR core vital-signs.\r\n\r\n* must be marked with MHV app tag\r\n* must have vital-signs category\r\n* must have both LOINC#72514-3 and SCT#225908003 code\r\n* must have effectiveDateTime\r\n* must have integer between 0-10\r\n* must have status at final\r\n* must point at the patient\r\n* may have a note (comment)\r\n* once created will or might have an id, versionId, lastUpdated, text, and identifier\r\n* DSTU2 will need to change to valueQuantity vs valueInteger\r\n* DSTU2 use comment rather than note","groupingId":"_str_profile"},{"extension":[{"url":"http://hl7.org/fhir/StructureDefinition/implementationguide-page","valueUri":"ValueSet-AllAppIdCodes.html"}],"reference":{"reference":"ValueSet/AllAppIdCodes"},"groupingId":"_term_valueset"},{"extension":[{"url":"http://hl7.org/fhir/StructureDefinition/implementationguide-page","valueUri":"ValueSet-mhv-blood-pressure-positions.html"}],"reference":{"reference":"ValueSet/mhv-blood-pressure-positions"},"name":"The methods of measurement for blood pressure that MHV supports","description":"These are the loinc body positions that MHV supports on blood pressure.","groupingId":"_term_valueset"},{"extension":[{"url":"http://hl7.org/fhir/StructureDefinition/implementationguide-page","valueUri":"ValueSet-mhv-blood-sugar-methods-sites.html"}],"reference":{"reference":"ValueSet/mhv-blood-sugar-methods-sites"},"name":"The methods of measurement for blood sugar that MHV supports","description":"These are the SNOMED body sites that MHV supports.","groupingId":"_term_valueset"},{"extension":[{"url":"http://hl7.org/fhir/StructureDefinition/implementationguide-page","valueUri":"ValueSet-mhv-body-temperature-sites.html"}],"reference":{"reference":"ValueSet/mhv-body-temperature-sites"},"name":"The body temperature measurement sites that MHV supports","description":"These are the SNOMED body sites that MHV supports.","groupingId":"_term_valueset"},{"extension":[{"url":"http://hl7.org/fhir/StructureDefinition/implementationguide-page","valueUri":"ValueSet-mhv-body-temperatures.html"}],"reference":{"reference":"ValueSet/mhv-body-temperatures"},"name":"The body temperature measurement types that MHV supports","description":"These are the UCUM types that MHV supports.","groupingId":"_term_valueset"},{"extension":[{"url":"http://hl7.org/fhir/StructureDefinition/implementationguide-page","valueUri":"ValueSet-mhv-body-weights.html"}],"reference":{"reference":"ValueSet/mhv-body-weights"},"name":"The body weight measurement types that MHV supports","description":"These are the UCUM types that MHV supports. This is a subset of the full bodyWeight types (which also brings in grams. Others might also include stone).","groupingId":"_term_valueset"},{"extension":[{"url":"http://hl7.org/fhir/StructureDefinition/implementationguide-page","valueUri":"ValueSet-mhv-medication-routes.html"}],"reference":{"reference":"ValueSet/mhv-medication-routes"},"name":"The routes of medication that MHV supports","description":"These are the SNOMED-CT routes for medications that MHV supports.","groupingId":"_term_valueset"}],"page":{"nameUrl":"toc.html","title":"Table of Contents","generation":"html","page":[{"nameUrl":"index.html","title":"MyIG Home Page","generation":"html"},{"nameUrl":"background.html","title":"Background","generation":"markdown"},{"nameUrl":"downloads.html","title":"Useful Downloads","generation":"html"},{"nameUrl":"changes.html","title":"IG Change History","generation":"html"},{"nameUrl":"artifacts.html","title":"Artifacts Summary","generation":"html","page":[{"nameUrl":"StructureDefinition-VA.MHV.allergy.html","title":"VA MHV Allergy or Intolerance","generation":"generated"},{"nameUrl":"StructureDefinition-VA.MHV.bloodOxygenSat.html","title":"VA MHV Blood Oxygen Saturation Observation","generation":"generated"},{"nameUrl":"StructureDefinition-VA.MHV.bloodPressure.html","title":"VA MHV Blood Pressure Observation","generation":"generated"},{"nameUrl":"StructureDefinition-VA.MHV.bloodSugar.html","title":"VA MHV Blood Sugar Observation","generation":"generated"},{"nameUrl":"StructureDefinition-VA.MHV.bloodSugarB.html","title":"VA MHV Blood Sugar Observation alternative B","generation":"generated"},{"nameUrl":"StructureDefinition-VA.MHV.BlueBundle.html","title":"VA MHV BlueButton Bundle","generation":"generated"},{"nameUrl":"StructureDefinition-VA.MHV.BlueComposition.html","title":"VA MHV BlueButton Composition","generation":"generated"},{"nameUrl":"StructureDefinition-VA.MHV.bodyTemperature.html","title":"VA MHV Body Temperature Observation","generation":"generated"},{"nameUrl":"StructureDefinition-VA.MHV.bodyWeight.html","title":"VA MHV BodyWeight Observation","generation":"generated"},{"nameUrl":"StructureDefinition-VA.MHV.heartRate.html","title":"VA MHV HeartRate Observation","generation":"generated"},{"nameUrl":"StructureDefinition-VA.MHV.immunization.html","title":"VA MHV Immunization","generation":"generated"},{"nameUrl":"StructureDefinition-VA.MHV.medication.html","title":"VA MHV Medication","generation":"generated"},{"nameUrl":"StructureDefinition-VA.MHV.pain.html","title":"VA MHV Pain Observation","generation":"generated"},{"nameUrl":"ValueSet-AllAppIdCodes.html","generation":"generated"},{"nameUrl":"ValueSet-mhv-blood-pressure-positions.html","title":"The methods of measurement for blood pressure that MHV supports","generation":"generated"},{"nameUrl":"ValueSet-mhv-blood-sugar-methods-sites.html","title":"The methods of measurement for blood sugar that MHV supports","generation":"generated"},{"nameUrl":"ValueSet-mhv-body-temperature-sites.html","title":"The body temperature measurement sites that MHV supports","generation":"generated"},{"nameUrl":"ValueSet-mhv-body-temperatures.html","title":"The body temperature measurement types that MHV supports","generation":"generated"},{"nameUrl":"ValueSet-mhv-body-weights.html","title":"The body weight measurement types that MHV supports","generation":"generated"},{"nameUrl":"ValueSet-mhv-medication-routes.html","title":"The routes of medication that MHV supports","generation":"generated"},{"nameUrl":"CodeSystem-CPM.html","title":"PGD other apps","generation":"generated"},{"nameUrl":"CodeSystem-OnclC.html","title":"PGD apps","generation":"generated"},{"nameUrl":"Observation-632210f2-1866-4c01-a8c5-4abe37c0f6b7.html","title":"Example Observation - 632210f2-1866-4c01-a8c5-4abe37c0f6b7","generation":"generated"},{"nameUrl":"AllergyIntolerance-ex-MHV-allergy-0.html","title":"Example AllergyIntolerance - ex-MHV-allergy-0","generation":"generated"},{"nameUrl":"Composition-ex-MHV-Composition-0.html","title":"All Vital-Signs entered in past 60 days","generation":"generated"},{"nameUrl":"Immunization-ex-MHV-immunization-0.html","title":"Example Immunization - ex-MHV-immunization-0","generation":"generated"},{"nameUrl":"MedicationStatement-ex-MHV-medication-0.html","title":"Example MedicationStatement - ex-MHV-medication-0","generation":"generated"},{"nameUrl":"Observation-ex-MHV-bloodPressure-0.html","title":"Example Observation - ex-MHV-bloodPressure-0","generation":"generated"},{"nameUrl":"Observation-ex-MHV-bloodSugar-0.html","title":"Example Observation - ex-MHV-bloodSugar-0","generation":"generated"},{"nameUrl":"Observation-ex-MHV-bloodSugar-1.html","title":"Example Observation - ex-MHV-bloodSugar-1","generation":"generated"},{"nameUrl":"Observation-ex-MHV-bloodSugar-2.html","title":"Example Observation - ex-MHV-bloodSugar-2","generation":"generated"},{"nameUrl":"Observation-ex-MHV-bloodSugar-3.html","title":"Example Observation - ex-MHV-bloodSugar-3","generation":"generated"},{"nameUrl":"Observation-ex-MHV-bloodSugar-4.html","title":"Example Observation - ex-MHV-bloodSugar-4","generation":"generated"},{"nameUrl":"Observation-ex-MHV-bloodSugar-5.html","title":"Example Observation - ex-MHV-bloodSugar-5","generation":"generated"},{"nameUrl":"Observation-ex-MHV-bloodSugar-6.html","title":"Example Observation - ex-MHV-bloodSugar-6","generation":"generated"},{"nameUrl":"Observation-ex-MHV-bloodSugar-7.html","title":"Example Observation - ex-MHV-bloodSugar-7","generation":"generated"},{"nameUrl":"Observation-ex-MHV-bloodSugar-8.html","title":"Example Observation - ex-MHV-bloodSugar-8","generation":"generated"},{"nameUrl":"Observation-ex-MHV-bloodSugarB-0.html","title":"Example Observation - ex-MHV-bloodSugarB-0","generation":"generated"},{"nameUrl":"Observation-ex-MHV-bloodSugarB-1.html","title":"Example Observation - ex-MHV-bloodSugarB-1","generation":"generated"},{"nameUrl":"Observation-ex-MHV-bloodSugarB-2.html","title":"Example Observation - ex-MHV-bloodSugarB-2","generation":"generated"},{"nameUrl":"Observation-ex-MHV-bloodSugarB-3.html","title":"Example Observation - ex-MHV-bloodSugarB-3","generation":"generated"},{"nameUrl":"Observation-ex-MHV-bloodSugarB-4.html","title":"Example Observation - ex-MHV-bloodSugarB-4","generation":"generated"},{"nameUrl":"Observation-ex-MHV-bloodSugarB-5.html","title":"Example Observation - ex-MHV-bloodSugarB-5","generation":"generated"},{"nameUrl":"Observation-ex-MHV-bloodSugarB-6.html","title":"Example Observation - ex-MHV-bloodSugarB-6","generation":"generated"},{"nameUrl":"Observation-ex-MHV-bloodSugarB-7.html","title":"Example Observation - ex-MHV-bloodSugarB-7","generation":"generated"},{"nameUrl":"Observation-ex-MHV-bloodSugarB-8.html","title":"Example Observation - ex-MHV-bloodSugarB-8","generation":"generated"},{"nameUrl":"Observation-ex-MHV-heartRate-1.html","title":"Example Observation - ex-MHV-heartRate-1","generation":"generated"},{"nameUrl":"Observation-ex-MHV-heartRate-2.html","title":"Example Observation - ex-MHV-heartRate-2","generation":"generated"},{"nameUrl":"Observation-ex-MHV-heartRate-3.html","title":"Example Observation - ex-MHV-heartRate-3","generation":"generated"},{"nameUrl":"Observation-ex-MHV-oxygenSat-1.html","title":"Example Observation - ex-MHV-oxygenSat-1","generation":"generated"},{"nameUrl":"Observation-ex-MHV-oxygenSat-2.html","title":"Example Observation - ex-MHV-oxygenSat-2","generation":"generated"},{"nameUrl":"Observation-ex-MHV-oxygenSat-3.html","title":"Example Observation - ex-MHV-oxygenSat-3","generation":"generated"},{"nameUrl":"Observation-ex-MHV-pain-0.html","title":"Example Observation - ex-MHV-pain-0","generation":"generated"},{"nameUrl":"Observation-ex-MHV-pain-1.html","title":"Example Observation - ex-MHV-pain-1","generation":"generated"},{"nameUrl":"Observation-ex-MHV-pain-10.html","title":"Example Observation - ex-MHV-pain-10","generation":"generated"},{"nameUrl":"Observation-ex-MHV-pain-2.html","title":"Example Observation - ex-MHV-pain-2","generation":"generated"},{"nameUrl":"Observation-ex-MHV-pain-3.html","title":"Example Observation - ex-MHV-pain-3","generation":"generated"},{"nameUrl":"Observation-ex-MHV-pain-4.html","title":"Example Observation - ex-MHV-pain-4","generation":"generated"},{"nameUrl":"Observation-ex-MHV-pain-5.html","title":"Example Observation - ex-MHV-pain-5","generation":"generated"},{"nameUrl":"Observation-ex-MHV-pain-6.html","title":"Example Observation - ex-MHV-pain-6","generation":"generated"},{"nameUrl":"Observation-ex-MHV-pain-7.html","title":"Example Observation - ex-MHV-pain-7","generation":"generated"},{"nameUrl":"Observation-ex-MHV-pain-8.html","title":"Example Observation - ex-MHV-pain-8","generation":"generated"},{"nameUrl":"Observation-ex-MHV-pain-9.html","title":"Example Observation - ex-MHV-pain-9","generation":"generated"},{"nameUrl":"Observation-ex-MHV-temperature-0.html","title":"Example Observation - ex-MHV-temperature-0","generation":"generated"},{"nameUrl":"Observation-ex-MHV-temperature-1.html","title":"Example Observation - ex-MHV-temperature-1","generation":"generated"},{"nameUrl":"Observation-ex-MHV-temperature-2.html","title":"Example Observation - ex-MHV-temperature-2","generation":"generated"},{"nameUrl":"Observation-ex-MHV-temperature-3.html","title":"Example Observation - ex-MHV-temperature-3","generation":"generated"},{"nameUrl":"Observation-ex-MHV-temperature-4.html","title":"Example Observation - ex-MHV-temperature-4","generation":"generated"},{"nameUrl":"Observation-ex-MHV-temperature-5.html","title":"Example Observation - ex-MHV-temperature-5","generation":"generated"},{"nameUrl":"Observation-ex-MHV-temperature-6.html","title":"Example Observation - ex-MHV-temperature-6","generation":"generated"},{"nameUrl":"Observation-ex-MHV-weight.html","title":"Example Observation - ex-MHV-weight","generation":"generated"},{"nameUrl":"Observation-ex-pain-11.html","title":"Example Observation - ex-pain-11","generation":"generated"},{"nameUrl":"Observation-blood-pressure.html","generation":"generated"},{"nameUrl":"Observation-f001.html","generation":"generated"},{"nameUrl":"Observation-body-temperature.html","generation":"generated"},{"nameUrl":"Observation-heart-rate.html","generation":"generated"},{"nameUrl":"Observation-example.html","generation":"generated"},{"nameUrl":"Observation-ad38c881-b73d-4b7a-b4ec-55980f4a21b0.html","generation":"generated"},{"nameUrl":"Observation-blood-glucose.html","generation":"generated"},{"nameUrl":"Encounter-ex-encounter.html","generation":"generated"},{"nameUrl":"Observation-ex-bloodSugar-100.html","generation":"generated"},{"nameUrl":"Observation-ex-bloodSugar-101.html","generation":"generated"},{"nameUrl":"Observation-ex-bloodSugar-102.html","generation":"generated"},{"nameUrl":"Observation-ex-bloodSugar-103.html","generation":"generated"},{"nameUrl":"Observation-ex-bloodSugar-104.html","generation":"generated"},{"nameUrl":"Observation-ex-bloodSugar-105.html","generation":"generated"},{"nameUrl":"Observation-ex-bloodSugar-106.html","generation":"generated"},{"nameUrl":"Observation-ex-bloodSugarB-106100.html","generation":"generated"},{"nameUrl":"Observation-ex-bloodSugarB-106101.html","generation":"generated"},{"nameUrl":"Observation-ex-bloodSugarB-106102.html","generation":"generated"},{"nameUrl":"Observation-ex-bloodSugarB-106103.html","generation":"generated"},{"nameUrl":"Observation-ex-bloodSugarB-106104.html","generation":"generated"},{"nameUrl":"Observation-ex-bloodSugarB-106105.html","generation":"generated"},{"nameUrl":"Observation-ex-bloodSugarB-106106.html","generation":"generated"},{"nameUrl":"Observation-ex-MHV-pain-14.html","generation":"generated"},{"nameUrl":"Observation-ex-MHV-temperature-7.html","generation":"generated"},{"nameUrl":"Observation-ex-other-oxygenSat-4.html","generation":"generated"},{"nameUrl":"Observation-ex-pain-12.html","generation":"generated"},{"nameUrl":"Observation-ex-pain-13.html","generation":"generated"},{"nameUrl":"Observation-ex-pain-14.html","generation":"generated"},{"nameUrl":"Observation-ex-pain-15.html","generation":"generated"},{"nameUrl":"Observation-ex-temperature-10.html","generation":"generated"},{"nameUrl":"Observation-ex-temperature-8.html","generation":"generated"},{"nameUrl":"Observation-ex-temperature-9.html","generation":"generated"},{"nameUrl":"Observation-ex-weight-core.html","generation":"generated"},{"nameUrl":"Observation-ex-weight-stone.html","generation":"generated"},{"nameUrl":"Patient-ex-patient.html","generation":"generated"},{"nameUrl":"Practitioner-ex-practitioner.html","generation":"generated"}]}]},"parameter":[{"code":"path-resource","value":"input/capabilities"},{"code":"path-resource","value":"input/examples"},{"code":"path-resource","value":"input/extensions"},{"code":"path-resource","value":"input/models"},{"code":"path-resource","value":"input/operations"},{"code":"path-resource","value":"input/profiles"},{"code":"path-resource","value":"input/resources"},{"code":"path-resource","value":"input/vocabulary"},{"code":"path-resource","value":"input/maps"},{"code":"path-resource","value":"input/testing"},{"code":"path-resource","value":"input/history"},{"code":"path-resource","value":"fsh-generated/resources"},{"code":"path-pages","value":"template/config"},{"code":"path-pages","value":"input/images"},{"code":"path-tx-cache","value":"input-cache/txcache"}]}}