{"resourceType":"ImplementationGuide","id":"va.mhv.example","text":{"status":"extensions","div":"<div xmlns=\"http://www.w3.org/1999/xhtml\"><h2>MHVtoPGHD_Example</h2><p>The official URL for this implementation guide is: </p><pre>https://johnmoehrke.github.io/MHV-PGHD/ImplementationGuide/va.mhv.example</pre><div><p>Testing Plan for VA MyHealtheVet use of PGHD.</p>\n</div></div>"},"url":"https://johnmoehrke.github.io/MHV-PGHD/ImplementationGuide/va.mhv.example","version":"0.2.2","name":"MHVtoPGHD_Example","status":"draft","experimental":false,"date":"2020-11-20","contact":[{"name":"John Moehrke"}],"description":"Testing Plan for VA MyHealtheVet use of PGHD.","packageId":"va.mhv.example","license":"CC0-1.0","fhirVersion":["4.0.1"],"definition":{"extension":[{"extension":[{"url":"code","valueString":"releaselabel"},{"url":"value","valueString":"CI Build"}],"url":"http://hl7.org/fhir/tools/StructureDefinition/ig-parameter"},{"extension":[{"url":"code","valueString":"copyrightyear"},{"url":"value","valueString":"2019+"}],"url":"http://hl7.org/fhir/tools/StructureDefinition/ig-parameter"},{"extension":[{"url":"code","valueString":"special-url"},{"url":"value","valueString":"https://wiki.mobilehealth.va.gov/x/Onc1C"}],"url":"http://hl7.org/fhir/tools/StructureDefinition/ig-parameter"},{"extension":[{"url":"code","valueString":"autoload-resources"},{"url":"value","valueString":"true"}],"url":"http://hl7.org/fhir/tools/StructureDefinition/ig-parameter"},{"extension":[{"url":"code","valueString":"path-liquid"},{"url":"value","valueString":"template/liquid"}],"url":"http://hl7.org/fhir/tools/StructureDefinition/ig-parameter"},{"extension":[{"url":"code","valueString":"path-liquid"},{"url":"value","valueString":"input/liquid"}],"url":"http://hl7.org/fhir/tools/StructureDefinition/ig-parameter"},{"extension":[{"url":"code","valueString":"path-qa"},{"url":"value","valueString":"temp/qa"}],"url":"http://hl7.org/fhir/tools/StructureDefinition/ig-parameter"},{"extension":[{"url":"code","valueString":"path-temp"},{"url":"value","valueString":"temp/pages"}],"url":"http://hl7.org/fhir/tools/StructureDefinition/ig-parameter"},{"extension":[{"url":"code","valueString":"path-output"},{"url":"value","valueString":"output"}],"url":"http://hl7.org/fhir/tools/StructureDefinition/ig-parameter"},{"extension":[{"url":"code","valueString":"path-suppressed-warnings"},{"url":"value","valueString":"input/ignoreWarnings.txt"}],"url":"http://hl7.org/fhir/tools/StructureDefinition/ig-parameter"},{"extension":[{"url":"code","valueString":"path-history"},{"url":"value","valueString":"https://johnmoehrke.github.io/MHV-PGHD/history.html"}],"url":"http://hl7.org/fhir/tools/StructureDefinition/ig-parameter"},{"extension":[{"url":"code","valueString":"template-html"},{"url":"value","valueString":"template-page.html"}],"url":"http://hl7.org/fhir/tools/StructureDefinition/ig-parameter"},{"extension":[{"url":"code","valueString":"template-md"},{"url":"value","valueString":"template-page-md.html"}],"url":"http://hl7.org/fhir/tools/StructureDefinition/ig-parameter"},{"extension":[{"url":"code","valueString":"apply-contact"},{"url":"value","valueString":"true"}],"url":"http://hl7.org/fhir/tools/StructureDefinition/ig-parameter"},{"extension":[{"url":"code","valueString":"apply-context"},{"url":"value","valueString":"true"}],"url":"http://hl7.org/fhir/tools/StructureDefinition/ig-parameter"},{"extension":[{"url":"code","valueString":"apply-copyright"},{"url":"value","valueString":"true"}],"url":"http://hl7.org/fhir/tools/StructureDefinition/ig-parameter"},{"extension":[{"url":"code","valueString":"apply-jurisdiction"},{"url":"value","valueString":"true"}],"url":"http://hl7.org/fhir/tools/StructureDefinition/ig-parameter"},{"extension":[{"url":"code","valueString":"apply-license"},{"url":"value","valueString":"true"}],"url":"http://hl7.org/fhir/tools/StructureDefinition/ig-parameter"},{"extension":[{"url":"code","valueString":"apply-publisher"},{"url":"value","valueString":"true"}],"url":"http://hl7.org/fhir/tools/StructureDefinition/ig-parameter"},{"extension":[{"url":"code","valueString":"apply-version"},{"url":"value","valueString":"true"}],"url":"http://hl7.org/fhir/tools/StructureDefinition/ig-parameter"},{"extension":[{"url":"code","valueString":"active-tables"},{"url":"value","valueString":"true"}],"url":"http://hl7.org/fhir/tools/StructureDefinition/ig-parameter"}],"grouping":[{"id":"_str_profile","name":"Structures: Resource Profiles","description":"These define constraints on FHIR resources for systems conforming to this implementation guide"},{"id":"_term_valueset","name":"Terminology: Value Sets","description":"These define sets of codes used by systems conforming to this implementation guide"},{"id":"_term_codesystem","name":"Terminology: Code Systems","description":"These define new code systems used by systems conforming to this implementation guide"},{"id":"_ex_example","name":"Example: Example Instances","description":"These are example instances that show what data produced and consumed by systems conforming with this implementation guide might look like"},{"id":"_other","name":"Other","description":"These are resources that are used within this implementation guide that do not fit into one of the other categories"}],"resource":[{"extension":[{"url":"http://hl7.org/fhir/StructureDefinition/implementationguide-page","valueUri":"Patient-example.html"}],"reference":{"reference":"Patient/example"},"groupingId":"_other"},{"extension":[{"url":"http://hl7.org/fhir/StructureDefinition/implementationguide-page","valueUri":"CodeSystem-OnclC.html"}],"reference":{"reference":"CodeSystem/OnclC"},"name":"PGD apps","description":"App identifiers for use with PGD","groupingId":"_term_codesystem"},{"extension":[{"url":"http://hl7.org/fhir/StructureDefinition/implementationguide-page","valueUri":"Encounter-example.html"}],"reference":{"reference":"Encounter/example"},"groupingId":"_other"},{"extension":[{"url":"http://hl7.org/fhir/StructureDefinition/implementationguide-page","valueUri":"Observation-ex-MHV-heartRate-1.html"}],"reference":{"reference":"Observation/ex-MHV-heartRate-1"},"name":"Example Observation - ex-MHV-heartRate-1","exampleCanonical":"https://johnmoehrke.github.io/MHV-PGHD/StructureDefinition/VA.MHV.heartRate","groupingId":"_ex_example"},{"extension":[{"url":"http://hl7.org/fhir/StructureDefinition/implementationguide-page","valueUri":"Observation-ex-MHV-heartRate-2.html"}],"reference":{"reference":"Observation/ex-MHV-heartRate-2"},"name":"Example Observation - ex-MHV-heartRate-2","exampleCanonical":"https://johnmoehrke.github.io/MHV-PGHD/StructureDefinition/VA.MHV.heartRate","groupingId":"_ex_example"},{"extension":[{"url":"http://hl7.org/fhir/StructureDefinition/implementationguide-page","valueUri":"Observation-ex-MHV-heartRate-3.html"}],"reference":{"reference":"Observation/ex-MHV-heartRate-3"},"name":"Example Observation - ex-MHV-heartRate-3","exampleCanonical":"https://johnmoehrke.github.io/MHV-PGHD/StructureDefinition/VA.MHV.heartRate","groupingId":"_ex_example"},{"extension":[{"url":"http://hl7.org/fhir/StructureDefinition/implementationguide-page","valueUri":"Observation-ex-MHV-pain-0.html"}],"reference":{"reference":"Observation/ex-MHV-pain-0"},"name":"Example Observation - ex-MHV-pain-0","exampleCanonical":"https://johnmoehrke.github.io/MHV-PGHD/StructureDefinition/VA.MHV.pain","groupingId":"_ex_example"},{"extension":[{"url":"http://hl7.org/fhir/StructureDefinition/implementationguide-page","valueUri":"Observation-ex-MHV-pain-1.html"}],"reference":{"reference":"Observation/ex-MHV-pain-1"},"name":"Example Observation - ex-MHV-pain-1","exampleCanonical":"https://johnmoehrke.github.io/MHV-PGHD/StructureDefinition/VA.MHV.pain","groupingId":"_ex_example"},{"extension":[{"url":"http://hl7.org/fhir/StructureDefinition/implementationguide-page","valueUri":"Observation-ex-MHV-pain-10.html"}],"reference":{"reference":"Observation/ex-MHV-pain-10"},"name":"Example Observation - ex-MHV-pain-10","exampleCanonical":"https://johnmoehrke.github.io/MHV-PGHD/StructureDefinition/VA.MHV.pain","groupingId":"_ex_example"},{"extension":[{"url":"http://hl7.org/fhir/StructureDefinition/implementationguide-page","valueUri":"Observation-ex-MHV-pain-14.html"}],"reference":{"reference":"Observation/ex-MHV-pain-14"},"groupingId":"_other"},{"extension":[{"url":"http://hl7.org/fhir/StructureDefinition/implementationguide-page","valueUri":"Observation-ex-MHV-pain-2.html"}],"reference":{"reference":"Observation/ex-MHV-pain-2"},"name":"Example Observation - ex-MHV-pain-2","exampleCanonical":"https://johnmoehrke.github.io/MHV-PGHD/StructureDefinition/VA.MHV.pain","groupingId":"_ex_example"},{"extension":[{"url":"http://hl7.org/fhir/StructureDefinition/implementationguide-page","valueUri":"Observation-ex-MHV-pain-3.html"}],"reference":{"reference":"Observation/ex-MHV-pain-3"},"name":"Example Observation - ex-MHV-pain-3","exampleCanonical":"https://johnmoehrke.github.io/MHV-PGHD/StructureDefinition/VA.MHV.pain","groupingId":"_ex_example"},{"extension":[{"url":"http://hl7.org/fhir/StructureDefinition/implementationguide-page","valueUri":"Observation-ex-MHV-pain-4.html"}],"reference":{"reference":"Observation/ex-MHV-pain-4"},"name":"Example Observation - ex-MHV-pain-4","exampleCanonical":"https://johnmoehrke.github.io/MHV-PGHD/StructureDefinition/VA.MHV.pain","groupingId":"_ex_example"},{"extension":[{"url":"http://hl7.org/fhir/StructureDefinition/implementationguide-page","valueUri":"Observation-ex-MHV-pain-5.html"}],"reference":{"reference":"Observation/ex-MHV-pain-5"},"name":"Example Observation - ex-MHV-pain-5","exampleCanonical":"https://johnmoehrke.github.io/MHV-PGHD/StructureDefinition/VA.MHV.pain","groupingId":"_ex_example"},{"extension":[{"url":"http://hl7.org/fhir/StructureDefinition/implementationguide-page","valueUri":"Observation-ex-MHV-pain-6.html"}],"reference":{"reference":"Observation/ex-MHV-pain-6"},"name":"Example Observation - ex-MHV-pain-6","exampleCanonical":"https://johnmoehrke.github.io/MHV-PGHD/StructureDefinition/VA.MHV.pain","groupingId":"_ex_example"},{"extension":[{"url":"http://hl7.org/fhir/StructureDefinition/implementationguide-page","valueUri":"Observation-ex-MHV-pain-7.html"}],"reference":{"reference":"Observation/ex-MHV-pain-7"},"name":"Example Observation - ex-MHV-pain-7","exampleCanonical":"https://johnmoehrke.github.io/MHV-PGHD/StructureDefinition/VA.MHV.pain","groupingId":"_ex_example"},{"extension":[{"url":"http://hl7.org/fhir/StructureDefinition/implementationguide-page","valueUri":"Observation-ex-MHV-pain-8.html"}],"reference":{"reference":"Observation/ex-MHV-pain-8"},"name":"Example Observation - ex-MHV-pain-8","exampleCanonical":"https://johnmoehrke.github.io/MHV-PGHD/StructureDefinition/VA.MHV.pain","groupingId":"_ex_example"},{"extension":[{"url":"http://hl7.org/fhir/StructureDefinition/implementationguide-page","valueUri":"Observation-ex-MHV-pain-9.html"}],"reference":{"reference":"Observation/ex-MHV-pain-9"},"name":"Example Observation - ex-MHV-pain-9","exampleCanonical":"https://johnmoehrke.github.io/MHV-PGHD/StructureDefinition/VA.MHV.pain","groupingId":"_ex_example"},{"extension":[{"url":"http://hl7.org/fhir/StructureDefinition/implementationguide-page","valueUri":"Observation-ex-MHV-temperature-0.html"}],"reference":{"reference":"Observation/ex-MHV-temperature-0"},"name":"Example Observation - ex-MHV-temperature-0","exampleCanonical":"https://johnmoehrke.github.io/MHV-PGHD/StructureDefinition/VA.MHV.bodyTemperature","groupingId":"_ex_example"},{"extension":[{"url":"http://hl7.org/fhir/StructureDefinition/implementationguide-page","valueUri":"Observation-ex-MHV-temperature-1.html"}],"reference":{"reference":"Observation/ex-MHV-temperature-1"},"name":"Example Observation - ex-MHV-temperature-1","exampleCanonical":"https://johnmoehrke.github.io/MHV-PGHD/StructureDefinition/VA.MHV.bodyTemperature","groupingId":"_ex_example"},{"extension":[{"url":"http://hl7.org/fhir/StructureDefinition/implementationguide-page","valueUri":"Observation-ex-MHV-temperature-2.html"}],"reference":{"reference":"Observation/ex-MHV-temperature-2"},"name":"Example Observation - ex-MHV-temperature-2","exampleCanonical":"https://johnmoehrke.github.io/MHV-PGHD/StructureDefinition/VA.MHV.bodyTemperature","groupingId":"_ex_example"},{"extension":[{"url":"http://hl7.org/fhir/StructureDefinition/implementationguide-page","valueUri":"Observation-ex-MHV-temperature-3.html"}],"reference":{"reference":"Observation/ex-MHV-temperature-3"},"name":"Example Observation - ex-MHV-temperature-3","exampleCanonical":"https://johnmoehrke.github.io/MHV-PGHD/StructureDefinition/VA.MHV.bodyTemperature","groupingId":"_ex_example"},{"extension":[{"url":"http://hl7.org/fhir/StructureDefinition/implementationguide-page","valueUri":"Observation-ex-MHV-temperature-4.html"}],"reference":{"reference":"Observation/ex-MHV-temperature-4"},"name":"Example Observation - ex-MHV-temperature-4","exampleCanonical":"https://johnmoehrke.github.io/MHV-PGHD/StructureDefinition/VA.MHV.bodyTemperature","groupingId":"_ex_example"},{"extension":[{"url":"http://hl7.org/fhir/StructureDefinition/implementationguide-page","valueUri":"Observation-ex-MHV-temperature-5.html"}],"reference":{"reference":"Observation/ex-MHV-temperature-5"},"name":"Example Observation - ex-MHV-temperature-5","exampleCanonical":"https://johnmoehrke.github.io/MHV-PGHD/StructureDefinition/VA.MHV.bodyTemperature","groupingId":"_ex_example"},{"extension":[{"url":"http://hl7.org/fhir/StructureDefinition/implementationguide-page","valueUri":"Observation-ex-MHV-temperature-6.html"}],"reference":{"reference":"Observation/ex-MHV-temperature-6"},"name":"Example Observation - ex-MHV-temperature-6","exampleCanonical":"https://johnmoehrke.github.io/MHV-PGHD/StructureDefinition/VA.MHV.bodyTemperature","groupingId":"_ex_example"},{"extension":[{"url":"http://hl7.org/fhir/StructureDefinition/implementationguide-page","valueUri":"Observation-ex-MHV-temperature-7.html"}],"reference":{"reference":"Observation/ex-MHV-temperature-7"},"groupingId":"_other"},{"extension":[{"url":"http://hl7.org/fhir/StructureDefinition/implementationguide-page","valueUri":"Observation-ex-MHV-weight-core.html"}],"reference":{"reference":"Observation/ex-MHV-weight-core"},"groupingId":"_other"},{"extension":[{"url":"http://hl7.org/fhir/StructureDefinition/implementationguide-page","valueUri":"Observation-ex-MHV-weight-stone.html"}],"reference":{"reference":"Observation/ex-MHV-weight-stone"},"groupingId":"_other"},{"extension":[{"url":"http://hl7.org/fhir/StructureDefinition/implementationguide-page","valueUri":"Observation-ex-MHV-weight.html"}],"reference":{"reference":"Observation/ex-MHV-weight"},"name":"Example Observation - ex-MHV-weight","exampleCanonical":"https://johnmoehrke.github.io/MHV-PGHD/StructureDefinition/VA.MHV.bodyWeight","groupingId":"_ex_example"},{"extension":[{"url":"http://hl7.org/fhir/StructureDefinition/implementationguide-page","valueUri":"Observation-ex-pain-11.html"}],"reference":{"reference":"Observation/ex-pain-11"},"name":"Example Observation - ex-pain-11","exampleCanonical":"https://johnmoehrke.github.io/MHV-PGHD/StructureDefinition/VA.MHV.pain","groupingId":"_ex_example"},{"extension":[{"url":"http://hl7.org/fhir/StructureDefinition/implementationguide-page","valueUri":"Observation-ex-pain-12.html"}],"reference":{"reference":"Observation/ex-pain-12"},"groupingId":"_other"},{"extension":[{"url":"http://hl7.org/fhir/StructureDefinition/implementationguide-page","valueUri":"Observation-ex-pain-13.html"}],"reference":{"reference":"Observation/ex-pain-13"},"groupingId":"_other"},{"extension":[{"url":"http://hl7.org/fhir/StructureDefinition/implementationguide-page","valueUri":"Observation-ex-pain-14.html"}],"reference":{"reference":"Observation/ex-pain-14"},"groupingId":"_other"},{"extension":[{"url":"http://hl7.org/fhir/StructureDefinition/implementationguide-page","valueUri":"Observation-ex-pain-15.html"}],"reference":{"reference":"Observation/ex-pain-15"},"groupingId":"_other"},{"extension":[{"url":"http://hl7.org/fhir/StructureDefinition/implementationguide-page","valueUri":"Observation-ex-temperature-10.html"}],"reference":{"reference":"Observation/ex-temperature-10"},"groupingId":"_other"},{"extension":[{"url":"http://hl7.org/fhir/StructureDefinition/implementationguide-page","valueUri":"Observation-ex-temperature-8.html"}],"reference":{"reference":"Observation/ex-temperature-8"},"groupingId":"_other"},{"extension":[{"url":"http://hl7.org/fhir/StructureDefinition/implementationguide-page","valueUri":"Observation-ex-temperature-9.html"}],"reference":{"reference":"Observation/ex-temperature-9"},"groupingId":"_other"},{"extension":[{"url":"http://hl7.org/fhir/StructureDefinition/implementationguide-page","valueUri":"StructureDefinition-VA.MHV.bodyTemperature.html"}],"reference":{"reference":"StructureDefinition/VA.MHV.bodyTemperature"},"name":"VA MHV Body Temperature Observation","description":"A profile on the Observation that declares how MHV will Create/Update in PGHD for body temperature measurements.\r\n* must be marked with MHV app tag\r\n* must have vital-signs category\r\n* must have LOINC#8310-5 code\r\n* must have effectiveDateTime\r\n* must have valueQuantity with units from the MHV body temperatures (F and C)\r\n* must have status at final\r\n* must point at the patient\r\n* may have a bodySite from MHV body temperature sites (tongue, underarm, ear, mouth, or rectum)\r\n* may have a note (comment)\r\n* once created will or might have an id, versionId, lastUpdated, text, and identifier\r\n* DSTU2 use comment rather than note","groupingId":"_str_profile"},{"extension":[{"url":"http://hl7.org/fhir/StructureDefinition/implementationguide-page","valueUri":"StructureDefinition-VA.MHV.bodyWeight.html"}],"reference":{"reference":"StructureDefinition/VA.MHV.bodyWeight"},"name":"VA MHV BodyWeight Observation","description":"A profile on the Observation that declares how MHV will Create/Update in PGHD for body weight measurements.\r\n* must be marked with MHV app tag\r\n* must have vital-signs category\r\n* must have LOINC#29463-7 code\r\n* must have effectiveDateTime\r\n* must have valueQuantity with units from the MHV body weights (lbs and kg)\r\n* must have status at final\r\n* must point at the patient\r\n* may have a note (comment)\r\n* once created will or might have an id, versionId, lastUpdated, text, and identifier\r\n* DSTU2 use comment rather than note","groupingId":"_str_profile"},{"extension":[{"url":"http://hl7.org/fhir/StructureDefinition/implementationguide-page","valueUri":"StructureDefinition-VA.MHV.heartRate.html"}],"reference":{"reference":"StructureDefinition/VA.MHV.heartRate"},"name":"VA MHV HeartRate Observation","description":"A profile on the Observation that declares how MHV will Create/Update in PGHD for heart rate measurements.\r\n* must be marked with MHV app tag\r\n* must have vital-signs category\r\n* must have LOINC#8867-4 code\r\n* must have effectiveDateTime\r\n* must have valueQuantity with units only of beats per minute\r\n* must have status at final\r\n* must point at the patient\r\n* may have a note (comment)\r\n* once created will or might have an id, versionId, lastUpdated, text, and identifier\r\n* DSTU2 use comment rather than note","groupingId":"_str_profile"},{"extension":[{"url":"http://hl7.org/fhir/StructureDefinition/implementationguide-page","valueUri":"StructureDefinition-VA.MHV.pain.html"}],"reference":{"reference":"StructureDefinition/VA.MHV.pain"},"name":"VA MHV Pain Observation","description":"A profile on the Observation that declares how MHV will Create/Update in PGHD for pain measurements.\r\n* must be marked with MHV app tag\r\n* must have vital-signs category\r\n* must have both LOINC#72514-3 and SNO#225908003 code\r\n* must have effectiveDateTime\r\n* must have integer between 0-10\r\n* must have status at final\r\n* must point at the patient\r\n* may have a note (comment)\r\n* once created will or might have an id, versionId, lastUpdated, text, and identifier\r\n* DSTU2 will need to change to valueQuantity vs valueInteger\r\n* DSTU2 use comment rather than note","groupingId":"_str_profile"},{"extension":[{"url":"http://hl7.org/fhir/StructureDefinition/implementationguide-page","valueUri":"ValueSet-mhv-body-temperature-sites.html"}],"reference":{"reference":"ValueSet/mhv-body-temperature-sites"},"name":"The body temperature measurement sites that MHV supports","description":"These are the SNOMED body sites that MHV supports.","groupingId":"_term_valueset"},{"extension":[{"url":"http://hl7.org/fhir/StructureDefinition/implementationguide-page","valueUri":"ValueSet-mhv-body-temperatures.html"}],"reference":{"reference":"ValueSet/mhv-body-temperatures"},"name":"The body temperature measurement types that MHV supports","description":"These are the UCUM types that MHV supports.","groupingId":"_term_valueset"},{"extension":[{"url":"http://hl7.org/fhir/StructureDefinition/implementationguide-page","valueUri":"ValueSet-mhv-body-weights.html"}],"reference":{"reference":"ValueSet/mhv-body-weights"},"name":"The body weight measurement types that MHV supports","description":"These are the UCUM types that MHV supports. This is a subset of the full bodyWeight types (which also brings in grams. Others might also include stone).","groupingId":"_term_valueset"}],"page":{"nameUrl":"toc.html","title":"Table of Contents","generation":"html","page":[{"nameUrl":"index.html","title":"MyIG Home Page","generation":"html"},{"nameUrl":"background.html","title":"Background","generation":"markdown"},{"nameUrl":"downloads.html","title":"Useful Downloads","generation":"html"},{"nameUrl":"changes.html","title":"IG Change History","generation":"html"},{"nameUrl":"artifacts.html","title":"Artifacts Summary","generation":"html","page":[{"nameUrl":"StructureDefinition-VA.MHV.bodyTemperature.html","title":"VA MHV Body Temperature Observation","generation":"generated"},{"nameUrl":"StructureDefinition-VA.MHV.bodyWeight.html","title":"VA MHV BodyWeight Observation","generation":"generated"},{"nameUrl":"StructureDefinition-VA.MHV.heartRate.html","title":"VA MHV HeartRate Observation","generation":"generated"},{"nameUrl":"StructureDefinition-VA.MHV.pain.html","title":"VA MHV Pain Observation","generation":"generated"},{"nameUrl":"ValueSet-mhv-body-temperature-sites.html","title":"The body temperature measurement sites that MHV supports","generation":"generated"},{"nameUrl":"ValueSet-mhv-body-temperatures.html","title":"The body temperature measurement types that MHV supports","generation":"generated"},{"nameUrl":"ValueSet-mhv-body-weights.html","title":"The body weight measurement types that MHV supports","generation":"generated"},{"nameUrl":"CodeSystem-OnclC.html","title":"PGD apps","generation":"generated"},{"nameUrl":"Observation-ex-MHV-heartRate-1.html","title":"Example Observation - ex-MHV-heartRate-1","generation":"generated"},{"nameUrl":"Observation-ex-MHV-heartRate-2.html","title":"Example Observation - ex-MHV-heartRate-2","generation":"generated"},{"nameUrl":"Observation-ex-MHV-heartRate-3.html","title":"Example Observation - ex-MHV-heartRate-3","generation":"generated"},{"nameUrl":"Observation-ex-MHV-pain-0.html","title":"Example Observation - ex-MHV-pain-0","generation":"generated"},{"nameUrl":"Observation-ex-MHV-pain-1.html","title":"Example Observation - ex-MHV-pain-1","generation":"generated"},{"nameUrl":"Observation-ex-MHV-pain-10.html","title":"Example Observation - ex-MHV-pain-10","generation":"generated"},{"nameUrl":"Observation-ex-MHV-pain-2.html","title":"Example Observation - ex-MHV-pain-2","generation":"generated"},{"nameUrl":"Observation-ex-MHV-pain-3.html","title":"Example Observation - ex-MHV-pain-3","generation":"generated"},{"nameUrl":"Observation-ex-MHV-pain-4.html","title":"Example Observation - ex-MHV-pain-4","generation":"generated"},{"nameUrl":"Observation-ex-MHV-pain-5.html","title":"Example Observation - ex-MHV-pain-5","generation":"generated"},{"nameUrl":"Observation-ex-MHV-pain-6.html","title":"Example Observation - ex-MHV-pain-6","generation":"generated"},{"nameUrl":"Observation-ex-MHV-pain-7.html","title":"Example Observation - ex-MHV-pain-7","generation":"generated"},{"nameUrl":"Observation-ex-MHV-pain-8.html","title":"Example Observation - ex-MHV-pain-8","generation":"generated"},{"nameUrl":"Observation-ex-MHV-pain-9.html","title":"Example Observation - ex-MHV-pain-9","generation":"generated"},{"nameUrl":"Observation-ex-MHV-temperature-0.html","title":"Example Observation - ex-MHV-temperature-0","generation":"generated"},{"nameUrl":"Observation-ex-MHV-temperature-1.html","title":"Example Observation - ex-MHV-temperature-1","generation":"generated"},{"nameUrl":"Observation-ex-MHV-temperature-2.html","title":"Example Observation - ex-MHV-temperature-2","generation":"generated"},{"nameUrl":"Observation-ex-MHV-temperature-3.html","title":"Example Observation - ex-MHV-temperature-3","generation":"generated"},{"nameUrl":"Observation-ex-MHV-temperature-4.html","title":"Example Observation - ex-MHV-temperature-4","generation":"generated"},{"nameUrl":"Observation-ex-MHV-temperature-5.html","title":"Example Observation - ex-MHV-temperature-5","generation":"generated"},{"nameUrl":"Observation-ex-MHV-temperature-6.html","title":"Example Observation - ex-MHV-temperature-6","generation":"generated"},{"nameUrl":"Observation-ex-MHV-weight.html","title":"Example Observation - ex-MHV-weight","generation":"generated"},{"nameUrl":"Observation-ex-pain-11.html","title":"Example Observation - ex-pain-11","generation":"generated"},{"nameUrl":"Patient-example.html","generation":"generated"},{"nameUrl":"Encounter-example.html","generation":"generated"},{"nameUrl":"Observation-ex-MHV-pain-14.html","generation":"generated"},{"nameUrl":"Observation-ex-MHV-temperature-7.html","generation":"generated"},{"nameUrl":"Observation-ex-MHV-weight-core.html","generation":"generated"},{"nameUrl":"Observation-ex-MHV-weight-stone.html","generation":"generated"},{"nameUrl":"Observation-ex-pain-12.html","generation":"generated"},{"nameUrl":"Observation-ex-pain-13.html","generation":"generated"},{"nameUrl":"Observation-ex-pain-14.html","generation":"generated"},{"nameUrl":"Observation-ex-pain-15.html","generation":"generated"},{"nameUrl":"Observation-ex-temperature-10.html","generation":"generated"},{"nameUrl":"Observation-ex-temperature-8.html","generation":"generated"},{"nameUrl":"Observation-ex-temperature-9.html","generation":"generated"}]}]},"parameter":[{"code":"path-resource","value":"input/capabilities"},{"code":"path-resource","value":"input/examples"},{"code":"path-resource","value":"input/extensions"},{"code":"path-resource","value":"input/models"},{"code":"path-resource","value":"input/operations"},{"code":"path-resource","value":"input/profiles"},{"code":"path-resource","value":"input/resources"},{"code":"path-resource","value":"input/vocabulary"},{"code":"path-resource","value":"input/maps"},{"code":"path-resource","value":"input/testing"},{"code":"path-resource","value":"input/history"},{"code":"path-resource","value":"fsh-generated/resources"},{"code":"path-pages","value":"template/config"},{"code":"path-pages","value":"input/images"},{"code":"path-tx-cache","value":"input-cache/txcache"}]}}