{"resourceType":"ValueSet","id":"mhv-blood-pressure-positions","text":{"status":"generated","div":"<div xmlns=\"http://www.w3.org/1999/xhtml\"><ul><li>Include these codes as defined in <a href=\"http://loinc.org\"><code>http://loinc.org</code></a><table class=\"none\"><tr><td style=\"white-space:nowrap\"><b>Code</b></td><td><b>Display</b></td></tr><tr><td><a href=\"http://details.loinc.org/LOINC/69000-8.html\">69000-8</a></td><td>Heart rate - sitting</td></tr><tr><td><a href=\"http://details.loinc.org/LOINC/69001-6.html\">69001-6</a></td><td>Heart rate - standing</td></tr><tr><td><a href=\"http://details.loinc.org/LOINC/68999-2.html\">68999-2</a></td><td>Heart rate - supine</td></tr><tr><td><a href=\"http://details.loinc.org/LOINC/40443-4.html\">40443-4</a></td><td>Heart rate - resting</td></tr></table></li></ul></div>"},"url":"https://johnmoehrke.github.io/MHV-PGHD/ValueSet/mhv-blood-pressure-positions","version":"0.2.4-beta","name":"MHVbloodPressurePositions","title":"The methods of measurement for blood pressure that MHV supports","status":"active","date":"2020-12-17T06:12:53-06:00","contact":[{"name":"John Moehrke"}],"description":"These are the loinc body positions that MHV supports on blood pressure.","jurisdiction":[{"coding":[{"system":"http://unstats.un.org/unsd/methods/m49/m49.htm","code":"001"}]}],"compose":{"include":[{"system":"http://loinc.org","concept":[{"code":"69000-8","display":"Heart rate - sitting"},{"code":"69001-6","display":"Heart rate - standing"},{"code":"68999-2","display":"Heart rate - supine"},{"code":"40443-4","display":"Heart rate - resting"}]}]}}