{"resourceType":"ValueSet","id":"mhv-body-weights","text":{"status":"generated","div":"<div xmlns=\"http://www.w3.org/1999/xhtml\"><ul><li>Include these codes as defined in <a href=\"http://unitsofmeasure.org\"><code>http://unitsofmeasure.org</code></a><table class=\"none\"><tr><td style=\"white-space:nowrap\"><b>Code</b></td><td><b>Display</b></td></tr><tr><td>[lb_av]</td><td style=\"color: #cccccc\">[lb_av]</td></tr><tr><td>kg</td><td style=\"color: #cccccc\">kg</td></tr></table></li></ul></div>"},"extension":[{"url":"http://hl7.org/fhir/StructureDefinition/structuredefinition-fmm","valueInteger":2,"_valueInteger":{"extension":[{"url":"http://hl7.org/fhir/StructureDefinition/structuredefinition-conformance-derivedFrom","valueCanonical":"https://johnmoehrke.github.io/MHV-PGHD/ImplementationGuide/va.mhv.example"}]}},{"url":"http://hl7.org/fhir/StructureDefinition/structuredefinition-standards-status","valueCode":"trial-use","_valueCode":{"extension":[{"url":"http://hl7.org/fhir/StructureDefinition/structuredefinition-conformance-derivedFrom","valueCanonical":"https://johnmoehrke.github.io/MHV-PGHD/ImplementationGuide/va.mhv.example"}]}}],"url":"https://johnmoehrke.github.io/MHV-PGHD/ValueSet/mhv-body-weights","version":"0.2.10-beta","name":"MHVbodyWeights","title":"The body weight measurement types that MHV supports","status":"active","experimental":false,"date":"2023-12-07T18:51:33-06:00","publisher":"John Moehrke (himself)","contact":[{"name":"John Moehrke (himself)","telecom":[{"system":"url","value":"http://healthcaresecprivacy.blogspot.com"},{"system":"email","value":"JohnMoehrke@gmail.com"}]},{"name":"John Moehrke (himself)","telecom":[{"system":"email","value":"JohnMoehrke@gmail.com"}]}],"description":"These are the UCUM types that MHV supports. This is a subset of the full bodyWeight types (which also brings in grams. Others might also include stone).","jurisdiction":[{"coding":[{"system":"urn:iso:std:iso:3166","code":"US"}]}],"compose":{"include":[{"system":"http://unitsofmeasure.org","concept":[{"code":"[lb_av]"},{"code":"kg"}]}]}}