{"resourceType":"ValueSet","id":"mhv-body-temperatures","text":{"status":"generated","div":"<div xmlns=\"http://www.w3.org/1999/xhtml\"><ul><li>Include these codes as defined in <a href=\"http://unitsofmeasure.org\"><code>http://unitsofmeasure.org</code></a><table class=\"none\"><tr><td style=\"white-space:nowrap\"><b>Code</b></td><td><b>Display</b></td></tr><tr><td>[degF]</td><td>degree Fahrenheit</td></tr><tr><td>Cel</td><td>degree Celsius</td></tr></table></li></ul></div>"},"url":"https://johnmoehrke.github.io/MHV-PGHD/ValueSet/mhv-body-temperatures","version":"0.2.3","name":"MHVbodyTemperatures","title":"The body temperature measurement types that MHV supports","status":"active","date":"2020-11-25T13:31:34-06:00","contact":[{"name":"John Moehrke"}],"description":"These are the UCUM types that MHV supports.","compose":{"include":[{"system":"http://unitsofmeasure.org","concept":[{"code":"[degF]","display":"degree Fahrenheit"},{"code":"Cel","display":"degree Celsius"}]}]}}