{"resourceType":"ValueSet","id":"AgesVS","text":{"status":"generated","div":"<div xmlns=\"http://www.w3.org/1999/xhtml\"><ul><li>Include all codes defined in <a href=\"CodeSystem-Ages.html\"><code>https://johnmoehrke.github.io/MHV-PGHD/CodeSystem/Ages</code></a></li></ul></div>"},"extension":[{"url":"http://hl7.org/fhir/StructureDefinition/structuredefinition-fmm","valueInteger":2,"_valueInteger":{"extension":[{"url":"http://hl7.org/fhir/StructureDefinition/structuredefinition-conformance-derivedFrom","valueCanonical":"https://johnmoehrke.github.io/MHV-PGHD/ImplementationGuide/va.mhv.example"}]}},{"url":"http://hl7.org/fhir/StructureDefinition/structuredefinition-standards-status","valueCode":"trial-use","_valueCode":{"extension":[{"url":"http://hl7.org/fhir/StructureDefinition/structuredefinition-conformance-derivedFrom","valueCanonical":"https://johnmoehrke.github.io/MHV-PGHD/ImplementationGuide/va.mhv.example"}]}}],"url":"https://johnmoehrke.github.io/MHV-PGHD/ValueSet/AgesVS","version":"0.2.9-beta","name":"AgesVS","title":"Ages ValueSet","status":"active","experimental":false,"date":"2023-02-16T09:21:54-06:00","publisher":"John Moehrke (himself)","contact":[{"name":"John Moehrke (himself)","telecom":[{"system":"url","value":"http://healthcaresecprivacy.blogspot.com"},{"system":"email","value":"JohnMoehrke@gmail.com"}]},{"name":"John Moehrke (himself)","telecom":[{"system":"email","value":"JohnMoehrke@gmail.com"}]}],"description":"ValueSet of the Ages allowed","jurisdiction":[{"coding":[{"system":"urn:iso:std:iso:3166","code":"US"}]}],"compose":{"include":[{"system":"https://johnmoehrke.github.io/MHV-PGHD/CodeSystem/Ages"}]}}