{"resourceType":"ValueSet","id":"AllAppIdCodes","text":{"status":"generated","div":"<div xmlns=\"http://www.w3.org/1999/xhtml\"><p>This value set includes codes based on the following rules:</p><ul><li>Include all codes defined in <a href=\"CodeSystem-OnclC.html\"><code>https://wiki.mobilehealth.va.gov/x/Onc1C</code></a></li><li>Include all codes defined in <a href=\"CodeSystem-CPM.html\"><code>https://wiki.mobilehealth.va.gov/display/PGDMS/Client+Provenance+Mapping</code></a></li></ul></div>"},"url":"https://johnmoehrke.github.io/MHV-PGHD/ValueSet/AllAppIdCodes","version":"0.2.3","name":"AllAppIdCodes","status":"active","date":"2020-11-25T13:31:34-06:00","contact":[{"name":"John Moehrke"}],"compose":{"include":[{"system":"https://wiki.mobilehealth.va.gov/x/Onc1C"},{"system":"https://wiki.mobilehealth.va.gov/display/PGDMS/Client+Provenance+Mapping"}]}}