<?xml version="1.0" encoding="UTF-8"?>

<AllergyIntolerance xmlns="http://hl7.org/fhir">
  <id value="ex-MHV-allergy-0"/>
  <meta>
    <profile value="https://johnmoehrke.github.io/MHV-PGHD/StructureDefinition/VA.MHV.allergy"/>
    <tag>
      <system value="https://wiki.mobilehealth.va.gov/x/Onc1C"/>
      <code value="2ce6d9aa-c068-4809-8dda-662bcb16d09a"/>
    </tag>
  </meta>
  <text>
    <status value="generated"/><div xmlns="http://www.w3.org/1999/xhtml"><p><b>Generated Narrative</b></p><div style="display: inline-block; background-color: #d9e0e7; padding: 6px; margin: 4px; border: 1px solid #8da1b4; border-radius: 5px; line-height: 60%"><p style="margin-bottom: 0px">Resource "ex-MHV-allergy-0" </p><p style="margin-bottom: 0px">Profile: <a href="StructureDefinition-VA.MHV.allergy.html">VA MHV Allergy or Intolerance</a></p><p style="margin-bottom: 0px">Tag: <span title="{https://wiki.mobilehealth.va.gov/x/Onc1C https://wiki.mobilehealth.va.gov/x/Onc1C}">https://wiki.mobilehealth.va.gov/x/Onc1C</span></p></div><p><b>clinicalStatus</b>: Active <span style="background: LightGoldenRodYellow; margin: 4px; border: 1px solid khaki"> (<a href="http://terminology.hl7.org/3.1.0/CodeSystem-allergyintolerance-clinical.html">AllergyIntolerance Clinical Status Codes</a>#active)</span></p><p><b>verificationStatus</b>: Unconfirmed <span style="background: LightGoldenRodYellow; margin: 4px; border: 1px solid khaki"> (<a href="http://terminology.hl7.org/3.1.0/CodeSystem-allergyintolerance-verification.html">AllergyIntolerance Verification Status</a>#unconfirmed)</span></p><p><b>type</b>: allergy</p><p><b>category</b>: medication</p><p><b>code</b>: Aspirin allergy <span style="background: LightGoldenRodYellow; margin: 4px; border: 1px solid khaki"> (<a href="https://browser.ihtsdotools.org/">SNOMED CT</a>#293586001)</span></p><p><b>patient</b>: <a href="Patient-ex-patient.html">Patient/ex-patient</a> " SCHMIDT"</p><p><b>onset</b>: 2020-12-25 11:50:50-0500</p><p><b>recordedDate</b>: 2020-12-25 11:50:50-0500</p><p><b>recorder</b>: <a href="Patient-ex-patient.html">Patient/ex-patient</a> " SCHMIDT"</p><p><b>asserter</b>: <a href="Patient-ex-patient.html">Patient/ex-patient</a> " SCHMIDT"</p><p><b>note</b>: hard to breath, but able to</p><h3>Reactions</h3><table class="grid"><tr><td>-</td><td><b>Manifestation</b></td><td><b>Description</b></td></tr><tr><td>*</td><td>Anaphylaxis <span style="background: LightGoldenRodYellow; margin: 4px; border: 1px solid khaki"> (<a href="https://browser.ihtsdotools.org/">SNOMED CT</a>#39579001)</span></td><td>Anaphylaxis</td></tr></table></div>
  </text>
  <clinicalStatus>
    <coding>
      <system value="http://terminology.hl7.org/CodeSystem/allergyintolerance-clinical"/>
      <code value="active"/>
    </coding>
  </clinicalStatus>
  <verificationStatus>
    <coding>
      <system value="http://terminology.hl7.org/CodeSystem/allergyintolerance-verification"/>
      <code value="unconfirmed"/>
    </coding>
  </verificationStatus>
  <type value="allergy"/>
  <category value="medication"/>
  <code>
    <coding>
      <system value="http://snomed.info/sct"/>
      <code value="293586001"/>
      <display value="Aspirin allergy"/>
    </coding>
  </code>
  <patient>
    <reference value="Patient/ex-patient"/>
  </patient>
  <onsetDateTime value="2020-12-25T23:50:50-05:00"/>
  <recordedDate value="2020-12-25T23:50:50-05:00"/>
  <recorder>
    <reference value="Patient/ex-patient"/>
  </recorder>
  <asserter>
    <reference value="Patient/ex-patient"/>
  </asserter>
  <note>
    <text value="hard to breath, but able to"/>
  </note>
  <reaction>
    <manifestation>
      <coding>
        <system value="http://snomed.info/sct"/>
        <code value="39579001"/>
        <display value="Anaphylaxis"/>
      </coding>
    </manifestation>
    <description value="Anaphylaxis"/>
  </reaction>
</AllergyIntolerance>