<?xml version="1.0" encoding="UTF-8"?>

<ImplementationGuide xmlns="http://hl7.org/fhir">
  <id value="va.mhv.example"/>
  <text>
    <status value="extensions"/><div xmlns="http://www.w3.org/1999/xhtml"><h2>MHVtoPGHD_Example</h2><p>The official URL for this implementation guide is: </p><pre>https://johnmoehrke.github.io/MHV-PGHD/ImplementationGuide/va.mhv.example</pre><div><p>Testing Plan for VA MyHealtheVet use of PGHD.</p>
</div></div>
  </text>
  <url value="https://johnmoehrke.github.io/MHV-PGHD/ImplementationGuide/va.mhv.example"/>
  <version value="0.2.6-beta"/>
  <name value="MHVtoPGHD_Example"/>
  <status value="draft"/>
  <experimental value="false"/>
  <date value="2021-05-20"/>
  <contact>
    <name value="John Moehrke"/>
  </contact>
  <description value="Testing Plan for VA MyHealtheVet use of PGHD."/>
  <jurisdiction>
    <coding>
      <system value="http://unstats.un.org/unsd/methods/m49/m49.htm"/>
      <code value="001"/>
    </coding>
  </jurisdiction>
  <packageId value="va.mhv.example"/>
  <license value="CC0-1.0"/>
  <fhirVersion value="4.0.1"/>
  <dependsOn id="uscore">
    <uri value="http://hl7.org/fhir/us/core/ImplementationGuide/hl7.fhir.us.core"/>
    <packageId value="hl7.fhir.us.core"/>
    <version value="3.1.1"/>
  </dependsOn>
  <definition>
    <extension url="http://hl7.org/fhir/tools/StructureDefinition/ig-parameter">
      <extension url="code">
        <valueString value="releaselabel"/>
      </extension>
      <extension url="value">
        <valueString value="CI Build"/>
      </extension>
    </extension>
    <extension url="http://hl7.org/fhir/tools/StructureDefinition/ig-parameter">
      <extension url="code">
        <valueString value="copyrightyear"/>
      </extension>
      <extension url="value">
        <valueString value="2019+"/>
      </extension>
    </extension>
    <extension url="http://hl7.org/fhir/tools/StructureDefinition/ig-parameter">
      <extension url="code">
        <valueString value="special-url"/>
      </extension>
      <extension url="value">
        <valueString value="https://wiki.mobilehealth.va.gov/display/PGDMS/Client+Provenance+Mapping"/>
      </extension>
    </extension>
    <extension url="http://hl7.org/fhir/tools/StructureDefinition/ig-parameter">
      <extension url="code">
        <valueString value="special-url"/>
      </extension>
      <extension url="value">
        <valueString value="https://wiki.mobilehealth.va.gov/x/Onc1C"/>
      </extension>
    </extension>
    <extension url="http://hl7.org/fhir/tools/StructureDefinition/ig-parameter">
      <extension url="code">
        <valueString value="autoload-resources"/>
      </extension>
      <extension url="value">
        <valueString value="true"/>
      </extension>
    </extension>
    <extension url="http://hl7.org/fhir/tools/StructureDefinition/ig-parameter">
      <extension url="code">
        <valueString value="path-liquid"/>
      </extension>
      <extension url="value">
        <valueString value="template/liquid"/>
      </extension>
    </extension>
    <extension url="http://hl7.org/fhir/tools/StructureDefinition/ig-parameter">
      <extension url="code">
        <valueString value="path-liquid"/>
      </extension>
      <extension url="value">
        <valueString value="input/liquid"/>
      </extension>
    </extension>
    <extension url="http://hl7.org/fhir/tools/StructureDefinition/ig-parameter">
      <extension url="code">
        <valueString value="path-qa"/>
      </extension>
      <extension url="value">
        <valueString value="temp/qa"/>
      </extension>
    </extension>
    <extension url="http://hl7.org/fhir/tools/StructureDefinition/ig-parameter">
      <extension url="code">
        <valueString value="path-temp"/>
      </extension>
      <extension url="value">
        <valueString value="temp/pages"/>
      </extension>
    </extension>
    <extension url="http://hl7.org/fhir/tools/StructureDefinition/ig-parameter">
      <extension url="code">
        <valueString value="path-output"/>
      </extension>
      <extension url="value">
        <valueString value="output"/>
      </extension>
    </extension>
    <extension url="http://hl7.org/fhir/tools/StructureDefinition/ig-parameter">
      <extension url="code">
        <valueString value="path-suppressed-warnings"/>
      </extension>
      <extension url="value">
        <valueString value="input/ignoreWarnings.txt"/>
      </extension>
    </extension>
    <extension url="http://hl7.org/fhir/tools/StructureDefinition/ig-parameter">
      <extension url="code">
        <valueString value="path-history"/>
      </extension>
      <extension url="value">
        <valueString value="https://johnmoehrke.github.io/MHV-PGHD/history.html"/>
      </extension>
    </extension>
    <extension url="http://hl7.org/fhir/tools/StructureDefinition/ig-parameter">
      <extension url="code">
        <valueString value="template-html"/>
      </extension>
      <extension url="value">
        <valueString value="template-page.html"/>
      </extension>
    </extension>
    <extension url="http://hl7.org/fhir/tools/StructureDefinition/ig-parameter">
      <extension url="code">
        <valueString value="template-md"/>
      </extension>
      <extension url="value">
        <valueString value="template-page-md.html"/>
      </extension>
    </extension>
    <extension url="http://hl7.org/fhir/tools/StructureDefinition/ig-parameter">
      <extension url="code">
        <valueString value="apply-contact"/>
      </extension>
      <extension url="value">
        <valueString value="true"/>
      </extension>
    </extension>
    <extension url="http://hl7.org/fhir/tools/StructureDefinition/ig-parameter">
      <extension url="code">
        <valueString value="apply-context"/>
      </extension>
      <extension url="value">
        <valueString value="true"/>
      </extension>
    </extension>
    <extension url="http://hl7.org/fhir/tools/StructureDefinition/ig-parameter">
      <extension url="code">
        <valueString value="apply-copyright"/>
      </extension>
      <extension url="value">
        <valueString value="true"/>
      </extension>
    </extension>
    <extension url="http://hl7.org/fhir/tools/StructureDefinition/ig-parameter">
      <extension url="code">
        <valueString value="apply-jurisdiction"/>
      </extension>
      <extension url="value">
        <valueString value="true"/>
      </extension>
    </extension>
    <extension url="http://hl7.org/fhir/tools/StructureDefinition/ig-parameter">
      <extension url="code">
        <valueString value="apply-license"/>
      </extension>
      <extension url="value">
        <valueString value="true"/>
      </extension>
    </extension>
    <extension url="http://hl7.org/fhir/tools/StructureDefinition/ig-parameter">
      <extension url="code">
        <valueString value="apply-publisher"/>
      </extension>
      <extension url="value">
        <valueString value="true"/>
      </extension>
    </extension>
    <extension url="http://hl7.org/fhir/tools/StructureDefinition/ig-parameter">
      <extension url="code">
        <valueString value="apply-version"/>
      </extension>
      <extension url="value">
        <valueString value="true"/>
      </extension>
    </extension>
    <extension url="http://hl7.org/fhir/tools/StructureDefinition/ig-parameter">
      <extension url="code">
        <valueString value="active-tables"/>
      </extension>
      <extension url="value">
        <valueString value="true"/>
      </extension>
    </extension>
    <resource>
      <extension url="http://hl7.org/fhir/tools/StructureDefinition/resource-information">
        <valueString value="Observation"/>
      </extension>
      <reference>
        <reference value="Observation/blood-pressure"/>
      </reference>
    </resource>
    <resource>
      <extension url="http://hl7.org/fhir/tools/StructureDefinition/resource-information">
        <valueString value="Observation"/>
      </extension>
      <reference>
        <reference value="Observation/f001"/>
      </reference>
    </resource>
    <resource>
      <extension url="http://hl7.org/fhir/tools/StructureDefinition/resource-information">
        <valueString value="Observation"/>
      </extension>
      <reference>
        <reference value="Observation/body-temperature"/>
      </reference>
    </resource>
    <resource>
      <extension url="http://hl7.org/fhir/tools/StructureDefinition/resource-information">
        <valueString value="Observation"/>
      </extension>
      <reference>
        <reference value="Observation/heart-rate"/>
      </reference>
    </resource>
    <resource>
      <extension url="http://hl7.org/fhir/tools/StructureDefinition/resource-information">
        <valueString value="Observation"/>
      </extension>
      <reference>
        <reference value="Observation/example"/>
      </reference>
    </resource>
    <resource>
      <extension url="http://hl7.org/fhir/tools/StructureDefinition/resource-information">
        <valueString value="Observation"/>
      </extension>
      <reference>
        <reference value="Observation/632210f2-1866-4c01-a8c5-4abe37c0f6b7"/>
      </reference>
    </resource>
    <resource>
      <extension url="http://hl7.org/fhir/tools/StructureDefinition/resource-information">
        <valueString value="Observation"/>
      </extension>
      <reference>
        <reference value="Observation/ad38c881-b73d-4b7a-b4ec-55980f4a21b0"/>
      </reference>
    </resource>
    <resource>
      <extension url="http://hl7.org/fhir/tools/StructureDefinition/resource-information">
        <valueString value="Observation"/>
      </extension>
      <reference>
        <reference value="Observation/blood-glucose"/>
      </reference>
    </resource>
    <resource>
      <extension url="http://hl7.org/fhir/tools/StructureDefinition/resource-information">
        <valueString value="Bundle"/>
      </extension>
      <reference>
        <reference value="Bundle/38de260a-537c-496e-8254-747dec5c922a"/>
      </reference>
    </resource>
    <resource>
      <extension url="http://hl7.org/fhir/tools/StructureDefinition/resource-information">
        <valueString value="AllergyIntolerance"/>
      </extension>
      <reference>
        <reference value="AllergyIntolerance/ex-MHV-allergy-0"/>
      </reference>
      <name value="Example AllergyIntolerance - ex-MHV-allergy-0"/>
      <exampleCanonical value="https://johnmoehrke.github.io/MHV-PGHD/StructureDefinition/VA.MHV.allergy"/>
    </resource>
    <resource>
      <extension url="http://hl7.org/fhir/tools/StructureDefinition/resource-information">
        <valueString value="CodeSystem"/>
      </extension>
      <reference>
        <reference value="CodeSystem/CPM"/>
      </reference>
      <name value="PGD other apps"/>
      <description value="Seems to be used by Mobile Kidney"/>
    </resource>
    <resource>
      <extension url="http://hl7.org/fhir/tools/StructureDefinition/resource-information">
        <valueString value="CodeSystem"/>
      </extension>
      <reference>
        <reference value="CodeSystem/OnclC"/>
      </reference>
      <name value="PGD apps"/>
      <description value="App identifiers for use with PGD"/>
    </resource>
    <resource>
      <extension url="http://hl7.org/fhir/tools/StructureDefinition/resource-information">
        <valueString value="Composition"/>
      </extension>
      <reference>
        <reference value="Composition/ex-MHV-Composition-0"/>
      </reference>
      <name value="All Vital-Signs entered in past 60 days"/>
      <exampleCanonical value="https://johnmoehrke.github.io/MHV-PGHD/StructureDefinition/VA.MHV.BlueComposition"/>
    </resource>
    <resource>
      <extension url="http://hl7.org/fhir/tools/StructureDefinition/resource-information">
        <valueString value="Encounter"/>
      </extension>
      <reference>
        <reference value="Encounter/ex-encounter"/>
      </reference>
    </resource>
    <resource>
      <extension url="http://hl7.org/fhir/tools/StructureDefinition/resource-information">
        <valueString value="Immunization"/>
      </extension>
      <reference>
        <reference value="Immunization/ex-MHV-immunization-0"/>
      </reference>
      <name value="Example Immunization - ex-MHV-immunization-0"/>
      <exampleCanonical value="https://johnmoehrke.github.io/MHV-PGHD/StructureDefinition/VA.MHV.immunization"/>
    </resource>
    <resource>
      <extension url="http://hl7.org/fhir/tools/StructureDefinition/resource-information">
        <valueString value="MedicationStatement"/>
      </extension>
      <reference>
        <reference value="MedicationStatement/ex-MHV-medication-0"/>
      </reference>
      <name value="Example MedicationStatement - ex-MHV-medication-0"/>
      <exampleCanonical value="https://johnmoehrke.github.io/MHV-PGHD/StructureDefinition/VA.MHV.medication"/>
    </resource>
    <resource>
      <extension url="http://hl7.org/fhir/tools/StructureDefinition/resource-information">
        <valueString value="Observation"/>
      </extension>
      <reference>
        <reference value="Observation/ex-bloodSugar-100"/>
      </reference>
    </resource>
    <resource>
      <extension url="http://hl7.org/fhir/tools/StructureDefinition/resource-information">
        <valueString value="Observation"/>
      </extension>
      <reference>
        <reference value="Observation/ex-bloodSugar-101"/>
      </reference>
    </resource>
    <resource>
      <extension url="http://hl7.org/fhir/tools/StructureDefinition/resource-information">
        <valueString value="Observation"/>
      </extension>
      <reference>
        <reference value="Observation/ex-bloodSugar-102"/>
      </reference>
    </resource>
    <resource>
      <extension url="http://hl7.org/fhir/tools/StructureDefinition/resource-information">
        <valueString value="Observation"/>
      </extension>
      <reference>
        <reference value="Observation/ex-bloodSugar-103"/>
      </reference>
    </resource>
    <resource>
      <extension url="http://hl7.org/fhir/tools/StructureDefinition/resource-information">
        <valueString value="Observation"/>
      </extension>
      <reference>
        <reference value="Observation/ex-bloodSugar-104"/>
      </reference>
    </resource>
    <resource>
      <extension url="http://hl7.org/fhir/tools/StructureDefinition/resource-information">
        <valueString value="Observation"/>
      </extension>
      <reference>
        <reference value="Observation/ex-bloodSugar-105"/>
      </reference>
    </resource>
    <resource>
      <extension url="http://hl7.org/fhir/tools/StructureDefinition/resource-information">
        <valueString value="Observation"/>
      </extension>
      <reference>
        <reference value="Observation/ex-bloodSugar-106"/>
      </reference>
    </resource>
    <resource>
      <extension url="http://hl7.org/fhir/tools/StructureDefinition/resource-information">
        <valueString value="Observation"/>
      </extension>
      <reference>
        <reference value="Observation/ex-bloodSugarB-106100"/>
      </reference>
    </resource>
    <resource>
      <extension url="http://hl7.org/fhir/tools/StructureDefinition/resource-information">
        <valueString value="Observation"/>
      </extension>
      <reference>
        <reference value="Observation/ex-bloodSugarB-106101"/>
      </reference>
    </resource>
    <resource>
      <extension url="http://hl7.org/fhir/tools/StructureDefinition/resource-information">
        <valueString value="Observation"/>
      </extension>
      <reference>
        <reference value="Observation/ex-bloodSugarB-106102"/>
      </reference>
    </resource>
    <resource>
      <extension url="http://hl7.org/fhir/tools/StructureDefinition/resource-information">
        <valueString value="Observation"/>
      </extension>
      <reference>
        <reference value="Observation/ex-bloodSugarB-106103"/>
      </reference>
    </resource>
    <resource>
      <extension url="http://hl7.org/fhir/tools/StructureDefinition/resource-information">
        <valueString value="Observation"/>
      </extension>
      <reference>
        <reference value="Observation/ex-bloodSugarB-106104"/>
      </reference>
    </resource>
    <resource>
      <extension url="http://hl7.org/fhir/tools/StructureDefinition/resource-information">
        <valueString value="Observation"/>
      </extension>
      <reference>
        <reference value="Observation/ex-bloodSugarB-106105"/>
      </reference>
    </resource>
    <resource>
      <extension url="http://hl7.org/fhir/tools/StructureDefinition/resource-information">
        <valueString value="Observation"/>
      </extension>
      <reference>
        <reference value="Observation/ex-bloodSugarB-106106"/>
      </reference>
    </resource>
    <resource>
      <extension url="http://hl7.org/fhir/tools/StructureDefinition/resource-information">
        <valueString value="Observation"/>
      </extension>
      <reference>
        <reference value="Observation/ex-MHV-bloodPressure-0"/>
      </reference>
      <name value="Example Observation - ex-MHV-bloodPressure-0"/>
      <exampleCanonical value="https://johnmoehrke.github.io/MHV-PGHD/StructureDefinition/VA.MHV.bloodPressure"/>
    </resource>
    <resource>
      <extension url="http://hl7.org/fhir/tools/StructureDefinition/resource-information">
        <valueString value="Observation"/>
      </extension>
      <reference>
        <reference value="Observation/ex-MHV-bloodPressure-1"/>
      </reference>
      <name value="Example Observation - ex-MHV-bloodPressure-1"/>
      <exampleCanonical value="https://johnmoehrke.github.io/MHV-PGHD/StructureDefinition/VA.MHV.bloodPressure"/>
    </resource>
    <resource>
      <extension url="http://hl7.org/fhir/tools/StructureDefinition/resource-information">
        <valueString value="Observation"/>
      </extension>
      <reference>
        <reference value="Observation/ex-MHV-bloodSugar-0"/>
      </reference>
      <name value="Example Observation - ex-MHV-bloodSugar-0"/>
      <exampleCanonical value="https://johnmoehrke.github.io/MHV-PGHD/StructureDefinition/VA.MHV.bloodSugar"/>
    </resource>
    <resource>
      <extension url="http://hl7.org/fhir/tools/StructureDefinition/resource-information">
        <valueString value="Observation"/>
      </extension>
      <reference>
        <reference value="Observation/ex-MHV-bloodSugar-1"/>
      </reference>
      <name value="Example Observation - ex-MHV-bloodSugar-1"/>
      <exampleCanonical value="https://johnmoehrke.github.io/MHV-PGHD/StructureDefinition/VA.MHV.bloodSugar"/>
    </resource>
    <resource>
      <extension url="http://hl7.org/fhir/tools/StructureDefinition/resource-information">
        <valueString value="Observation"/>
      </extension>
      <reference>
        <reference value="Observation/ex-MHV-bloodSugar-2"/>
      </reference>
      <name value="Example Observation - ex-MHV-bloodSugar-2"/>
      <exampleCanonical value="https://johnmoehrke.github.io/MHV-PGHD/StructureDefinition/VA.MHV.bloodSugar"/>
    </resource>
    <resource>
      <extension url="http://hl7.org/fhir/tools/StructureDefinition/resource-information">
        <valueString value="Observation"/>
      </extension>
      <reference>
        <reference value="Observation/ex-MHV-bloodSugar-3"/>
      </reference>
      <name value="Example Observation - ex-MHV-bloodSugar-3"/>
      <exampleCanonical value="https://johnmoehrke.github.io/MHV-PGHD/StructureDefinition/VA.MHV.bloodSugar"/>
    </resource>
    <resource>
      <extension url="http://hl7.org/fhir/tools/StructureDefinition/resource-information">
        <valueString value="Observation"/>
      </extension>
      <reference>
        <reference value="Observation/ex-MHV-bloodSugar-4"/>
      </reference>
      <name value="Example Observation - ex-MHV-bloodSugar-4"/>
      <exampleCanonical value="https://johnmoehrke.github.io/MHV-PGHD/StructureDefinition/VA.MHV.bloodSugar"/>
    </resource>
    <resource>
      <extension url="http://hl7.org/fhir/tools/StructureDefinition/resource-information">
        <valueString value="Observation"/>
      </extension>
      <reference>
        <reference value="Observation/ex-MHV-bloodSugar-5"/>
      </reference>
      <name value="Example Observation - ex-MHV-bloodSugar-5"/>
      <exampleCanonical value="https://johnmoehrke.github.io/MHV-PGHD/StructureDefinition/VA.MHV.bloodSugar"/>
    </resource>
    <resource>
      <extension url="http://hl7.org/fhir/tools/StructureDefinition/resource-information">
        <valueString value="Observation"/>
      </extension>
      <reference>
        <reference value="Observation/ex-MHV-bloodSugar-6"/>
      </reference>
      <name value="Example Observation - ex-MHV-bloodSugar-6"/>
      <exampleCanonical value="https://johnmoehrke.github.io/MHV-PGHD/StructureDefinition/VA.MHV.bloodSugar"/>
    </resource>
    <resource>
      <extension url="http://hl7.org/fhir/tools/StructureDefinition/resource-information">
        <valueString value="Observation"/>
      </extension>
      <reference>
        <reference value="Observation/ex-MHV-bloodSugar-7"/>
      </reference>
      <name value="Example Observation - ex-MHV-bloodSugar-7"/>
      <exampleCanonical value="https://johnmoehrke.github.io/MHV-PGHD/StructureDefinition/VA.MHV.bloodSugar"/>
    </resource>
    <resource>
      <extension url="http://hl7.org/fhir/tools/StructureDefinition/resource-information">
        <valueString value="Observation"/>
      </extension>
      <reference>
        <reference value="Observation/ex-MHV-bloodSugar-8"/>
      </reference>
      <name value="Example Observation - ex-MHV-bloodSugar-8"/>
      <exampleCanonical value="https://johnmoehrke.github.io/MHV-PGHD/StructureDefinition/VA.MHV.bloodSugar"/>
    </resource>
    <resource>
      <extension url="http://hl7.org/fhir/tools/StructureDefinition/resource-information">
        <valueString value="Observation"/>
      </extension>
      <reference>
        <reference value="Observation/ex-MHV-bloodSugarB-0"/>
      </reference>
      <name value="Example Observation - ex-MHV-bloodSugarB-0"/>
      <exampleCanonical value="https://johnmoehrke.github.io/MHV-PGHD/StructureDefinition/VA.MHV.bloodSugarB"/>
    </resource>
    <resource>
      <extension url="http://hl7.org/fhir/tools/StructureDefinition/resource-information">
        <valueString value="Observation"/>
      </extension>
      <reference>
        <reference value="Observation/ex-MHV-bloodSugarB-1"/>
      </reference>
      <name value="Example Observation - ex-MHV-bloodSugarB-1"/>
      <exampleCanonical value="https://johnmoehrke.github.io/MHV-PGHD/StructureDefinition/VA.MHV.bloodSugarB"/>
    </resource>
    <resource>
      <extension url="http://hl7.org/fhir/tools/StructureDefinition/resource-information">
        <valueString value="Observation"/>
      </extension>
      <reference>
        <reference value="Observation/ex-MHV-bloodSugarB-2"/>
      </reference>
      <name value="Example Observation - ex-MHV-bloodSugarB-2"/>
      <exampleCanonical value="https://johnmoehrke.github.io/MHV-PGHD/StructureDefinition/VA.MHV.bloodSugarB"/>
    </resource>
    <resource>
      <extension url="http://hl7.org/fhir/tools/StructureDefinition/resource-information">
        <valueString value="Observation"/>
      </extension>
      <reference>
        <reference value="Observation/ex-MHV-bloodSugarB-3"/>
      </reference>
      <name value="Example Observation - ex-MHV-bloodSugarB-3"/>
      <exampleCanonical value="https://johnmoehrke.github.io/MHV-PGHD/StructureDefinition/VA.MHV.bloodSugarB"/>
    </resource>
    <resource>
      <extension url="http://hl7.org/fhir/tools/StructureDefinition/resource-information">
        <valueString value="Observation"/>
      </extension>
      <reference>
        <reference value="Observation/ex-MHV-bloodSugarB-4"/>
      </reference>
      <name value="Example Observation - ex-MHV-bloodSugarB-4"/>
      <exampleCanonical value="https://johnmoehrke.github.io/MHV-PGHD/StructureDefinition/VA.MHV.bloodSugarB"/>
    </resource>
    <resource>
      <extension url="http://hl7.org/fhir/tools/StructureDefinition/resource-information">
        <valueString value="Observation"/>
      </extension>
      <reference>
        <reference value="Observation/ex-MHV-bloodSugarB-5"/>
      </reference>
      <name value="Example Observation - ex-MHV-bloodSugarB-5"/>
      <exampleCanonical value="https://johnmoehrke.github.io/MHV-PGHD/StructureDefinition/VA.MHV.bloodSugarB"/>
    </resource>
    <resource>
      <extension url="http://hl7.org/fhir/tools/StructureDefinition/resource-information">
        <valueString value="Observation"/>
      </extension>
      <reference>
        <reference value="Observation/ex-MHV-bloodSugarB-6"/>
      </reference>
      <name value="Example Observation - ex-MHV-bloodSugarB-6"/>
      <exampleCanonical value="https://johnmoehrke.github.io/MHV-PGHD/StructureDefinition/VA.MHV.bloodSugarB"/>
    </resource>
    <resource>
      <extension url="http://hl7.org/fhir/tools/StructureDefinition/resource-information">
        <valueString value="Observation"/>
      </extension>
      <reference>
        <reference value="Observation/ex-MHV-bloodSugarB-7"/>
      </reference>
      <name value="Example Observation - ex-MHV-bloodSugarB-7"/>
      <exampleCanonical value="https://johnmoehrke.github.io/MHV-PGHD/StructureDefinition/VA.MHV.bloodSugarB"/>
    </resource>
    <resource>
      <extension url="http://hl7.org/fhir/tools/StructureDefinition/resource-information">
        <valueString value="Observation"/>
      </extension>
      <reference>
        <reference value="Observation/ex-MHV-bloodSugarB-8"/>
      </reference>
      <name value="Example Observation - ex-MHV-bloodSugarB-8"/>
      <exampleCanonical value="https://johnmoehrke.github.io/MHV-PGHD/StructureDefinition/VA.MHV.bloodSugarB"/>
    </resource>
    <resource>
      <extension url="http://hl7.org/fhir/tools/StructureDefinition/resource-information">
        <valueString value="Observation"/>
      </extension>
      <reference>
        <reference value="Observation/ex-MHV-heartRate-1"/>
      </reference>
      <name value="Example Observation - ex-MHV-heartRate-1"/>
      <exampleCanonical value="https://johnmoehrke.github.io/MHV-PGHD/StructureDefinition/VA.MHV.heartRate"/>
    </resource>
    <resource>
      <extension url="http://hl7.org/fhir/tools/StructureDefinition/resource-information">
        <valueString value="Observation"/>
      </extension>
      <reference>
        <reference value="Observation/ex-MHV-heartRate-2"/>
      </reference>
      <name value="Example Observation - ex-MHV-heartRate-2"/>
      <exampleCanonical value="https://johnmoehrke.github.io/MHV-PGHD/StructureDefinition/VA.MHV.heartRate"/>
    </resource>
    <resource>
      <extension url="http://hl7.org/fhir/tools/StructureDefinition/resource-information">
        <valueString value="Observation"/>
      </extension>
      <reference>
        <reference value="Observation/ex-MHV-heartRate-3"/>
      </reference>
      <name value="Example Observation - ex-MHV-heartRate-3"/>
      <exampleCanonical value="https://johnmoehrke.github.io/MHV-PGHD/StructureDefinition/VA.MHV.heartRate"/>
    </resource>
    <resource>
      <extension url="http://hl7.org/fhir/tools/StructureDefinition/resource-information">
        <valueString value="Observation"/>
      </extension>
      <reference>
        <reference value="Observation/ex-MHV-oxygenSat-1"/>
      </reference>
      <name value="Example Observation - ex-MHV-oxygenSat-1"/>
      <exampleCanonical value="https://johnmoehrke.github.io/MHV-PGHD/StructureDefinition/VA.MHV.bloodOxygenSat"/>
    </resource>
    <resource>
      <extension url="http://hl7.org/fhir/tools/StructureDefinition/resource-information">
        <valueString value="Observation"/>
      </extension>
      <reference>
        <reference value="Observation/ex-MHV-oxygenSat-2"/>
      </reference>
      <name value="Example Observation - ex-MHV-oxygenSat-2"/>
      <exampleCanonical value="https://johnmoehrke.github.io/MHV-PGHD/StructureDefinition/VA.MHV.bloodOxygenSat"/>
    </resource>
    <resource>
      <extension url="http://hl7.org/fhir/tools/StructureDefinition/resource-information">
        <valueString value="Observation"/>
      </extension>
      <reference>
        <reference value="Observation/ex-MHV-oxygenSat-3"/>
      </reference>
      <name value="Example Observation - ex-MHV-oxygenSat-3"/>
      <exampleCanonical value="https://johnmoehrke.github.io/MHV-PGHD/StructureDefinition/VA.MHV.bloodOxygenSat"/>
    </resource>
    <resource>
      <extension url="http://hl7.org/fhir/tools/StructureDefinition/resource-information">
        <valueString value="Observation"/>
      </extension>
      <reference>
        <reference value="Observation/ex-MHV-oxygenSat-5"/>
      </reference>
      <name value="Example Observation - ex-MHV-oxygenSat-5"/>
      <exampleCanonical value="https://johnmoehrke.github.io/MHV-PGHD/StructureDefinition/VA.MHV.bloodOxygenSat"/>
    </resource>
    <resource>
      <extension url="http://hl7.org/fhir/tools/StructureDefinition/resource-information">
        <valueString value="Observation"/>
      </extension>
      <reference>
        <reference value="Observation/ex-MHV-oxygenSat-6"/>
      </reference>
      <name value="Example Observation - ex-MHV-oxygenSat-6"/>
      <exampleCanonical value="https://johnmoehrke.github.io/MHV-PGHD/StructureDefinition/VA.MHV.bloodOxygenSat"/>
    </resource>
    <resource>
      <extension url="http://hl7.org/fhir/tools/StructureDefinition/resource-information">
        <valueString value="Observation"/>
      </extension>
      <reference>
        <reference value="Observation/ex-MHV-oxygenSat-7"/>
      </reference>
      <name value="Example Observation - ex-MHV-oxygenSat-7"/>
      <exampleCanonical value="https://johnmoehrke.github.io/MHV-PGHD/StructureDefinition/VA.MHV.bloodOxygenSat"/>
    </resource>
    <resource>
      <extension url="http://hl7.org/fhir/tools/StructureDefinition/resource-information">
        <valueString value="Observation"/>
      </extension>
      <reference>
        <reference value="Observation/ex-MHV-pain-0"/>
      </reference>
      <name value="Example Observation - ex-MHV-pain-0"/>
      <exampleCanonical value="https://johnmoehrke.github.io/MHV-PGHD/StructureDefinition/VA.MHV.pain"/>
    </resource>
    <resource>
      <extension url="http://hl7.org/fhir/tools/StructureDefinition/resource-information">
        <valueString value="Observation"/>
      </extension>
      <reference>
        <reference value="Observation/ex-MHV-pain-1"/>
      </reference>
      <name value="Example Observation - ex-MHV-pain-1"/>
      <exampleCanonical value="https://johnmoehrke.github.io/MHV-PGHD/StructureDefinition/VA.MHV.pain"/>
    </resource>
    <resource>
      <extension url="http://hl7.org/fhir/tools/StructureDefinition/resource-information">
        <valueString value="Observation"/>
      </extension>
      <reference>
        <reference value="Observation/ex-MHV-pain-10"/>
      </reference>
      <name value="Example Observation - ex-MHV-pain-10"/>
      <exampleCanonical value="https://johnmoehrke.github.io/MHV-PGHD/StructureDefinition/VA.MHV.pain"/>
    </resource>
    <resource>
      <extension url="http://hl7.org/fhir/tools/StructureDefinition/resource-information">
        <valueString value="Observation"/>
      </extension>
      <reference>
        <reference value="Observation/ex-MHV-pain-14"/>
      </reference>
    </resource>
    <resource>
      <extension url="http://hl7.org/fhir/tools/StructureDefinition/resource-information">
        <valueString value="Observation"/>
      </extension>
      <reference>
        <reference value="Observation/ex-MHV-pain-2"/>
      </reference>
      <name value="Example Observation - ex-MHV-pain-2"/>
      <exampleCanonical value="https://johnmoehrke.github.io/MHV-PGHD/StructureDefinition/VA.MHV.pain"/>
    </resource>
    <resource>
      <extension url="http://hl7.org/fhir/tools/StructureDefinition/resource-information">
        <valueString value="Observation"/>
      </extension>
      <reference>
        <reference value="Observation/ex-MHV-pain-3"/>
      </reference>
      <name value="Example Observation - ex-MHV-pain-3"/>
      <exampleCanonical value="https://johnmoehrke.github.io/MHV-PGHD/StructureDefinition/VA.MHV.pain"/>
    </resource>
    <resource>
      <extension url="http://hl7.org/fhir/tools/StructureDefinition/resource-information">
        <valueString value="Observation"/>
      </extension>
      <reference>
        <reference value="Observation/ex-MHV-pain-4"/>
      </reference>
      <name value="Example Observation - ex-MHV-pain-4"/>
      <exampleCanonical value="https://johnmoehrke.github.io/MHV-PGHD/StructureDefinition/VA.MHV.pain"/>
    </resource>
    <resource>
      <extension url="http://hl7.org/fhir/tools/StructureDefinition/resource-information">
        <valueString value="Observation"/>
      </extension>
      <reference>
        <reference value="Observation/ex-MHV-pain-5"/>
      </reference>
      <name value="Example Observation - ex-MHV-pain-5"/>
      <exampleCanonical value="https://johnmoehrke.github.io/MHV-PGHD/StructureDefinition/VA.MHV.pain"/>
    </resource>
    <resource>
      <extension url="http://hl7.org/fhir/tools/StructureDefinition/resource-information">
        <valueString value="Observation"/>
      </extension>
      <reference>
        <reference value="Observation/ex-MHV-pain-6"/>
      </reference>
      <name value="Example Observation - ex-MHV-pain-6"/>
      <exampleCanonical value="https://johnmoehrke.github.io/MHV-PGHD/StructureDefinition/VA.MHV.pain"/>
    </resource>
    <resource>
      <extension url="http://hl7.org/fhir/tools/StructureDefinition/resource-information">
        <valueString value="Observation"/>
      </extension>
      <reference>
        <reference value="Observation/ex-MHV-pain-7"/>
      </reference>
      <name value="Example Observation - ex-MHV-pain-7"/>
      <exampleCanonical value="https://johnmoehrke.github.io/MHV-PGHD/StructureDefinition/VA.MHV.pain"/>
    </resource>
    <resource>
      <extension url="http://hl7.org/fhir/tools/StructureDefinition/resource-information">
        <valueString value="Observation"/>
      </extension>
      <reference>
        <reference value="Observation/ex-MHV-pain-8"/>
      </reference>
      <name value="Example Observation - ex-MHV-pain-8"/>
      <exampleCanonical value="https://johnmoehrke.github.io/MHV-PGHD/StructureDefinition/VA.MHV.pain"/>
    </resource>
    <resource>
      <extension url="http://hl7.org/fhir/tools/StructureDefinition/resource-information">
        <valueString value="Observation"/>
      </extension>
      <reference>
        <reference value="Observation/ex-MHV-pain-9"/>
      </reference>
      <name value="Example Observation - ex-MHV-pain-9"/>
      <exampleCanonical value="https://johnmoehrke.github.io/MHV-PGHD/StructureDefinition/VA.MHV.pain"/>
    </resource>
    <resource>
      <extension url="http://hl7.org/fhir/tools/StructureDefinition/resource-information">
        <valueString value="Observation"/>
      </extension>
      <reference>
        <reference value="Observation/ex-MHV-respirationRate-1"/>
      </reference>
      <name value="Example Observation - ex-MHV-respirationRate-1"/>
      <exampleCanonical value="https://johnmoehrke.github.io/MHV-PGHD/StructureDefinition/VA.MHV.respirationRate"/>
    </resource>
    <resource>
      <extension url="http://hl7.org/fhir/tools/StructureDefinition/resource-information">
        <valueString value="Observation"/>
      </extension>
      <reference>
        <reference value="Observation/ex-MHV-respirationRate-2"/>
      </reference>
      <name value="Example Observation - ex-MHV-respirationRate-2"/>
      <exampleCanonical value="https://johnmoehrke.github.io/MHV-PGHD/StructureDefinition/VA.MHV.respirationRate"/>
    </resource>
    <resource>
      <extension url="http://hl7.org/fhir/tools/StructureDefinition/resource-information">
        <valueString value="Observation"/>
      </extension>
      <reference>
        <reference value="Observation/ex-MHV-respirationRate-3"/>
      </reference>
      <name value="Example Observation - ex-MHV-respirationRate-3"/>
      <exampleCanonical value="https://johnmoehrke.github.io/MHV-PGHD/StructureDefinition/VA.MHV.respirationRate"/>
    </resource>
    <resource>
      <extension url="http://hl7.org/fhir/tools/StructureDefinition/resource-information">
        <valueString value="Observation"/>
      </extension>
      <reference>
        <reference value="Observation/ex-MHV-temperature-0"/>
      </reference>
      <name value="Example Observation - ex-MHV-temperature-0"/>
      <exampleCanonical value="https://johnmoehrke.github.io/MHV-PGHD/StructureDefinition/VA.MHV.bodyTemperature"/>
    </resource>
    <resource>
      <extension url="http://hl7.org/fhir/tools/StructureDefinition/resource-information">
        <valueString value="Observation"/>
      </extension>
      <reference>
        <reference value="Observation/ex-MHV-temperature-1"/>
      </reference>
      <name value="Example Observation - ex-MHV-temperature-1"/>
      <exampleCanonical value="https://johnmoehrke.github.io/MHV-PGHD/StructureDefinition/VA.MHV.bodyTemperature"/>
    </resource>
    <resource>
      <extension url="http://hl7.org/fhir/tools/StructureDefinition/resource-information">
        <valueString value="Observation"/>
      </extension>
      <reference>
        <reference value="Observation/ex-MHV-temperature-2"/>
      </reference>
      <name value="Example Observation - ex-MHV-temperature-2"/>
      <exampleCanonical value="https://johnmoehrke.github.io/MHV-PGHD/StructureDefinition/VA.MHV.bodyTemperature"/>
    </resource>
    <resource>
      <extension url="http://hl7.org/fhir/tools/StructureDefinition/resource-information">
        <valueString value="Observation"/>
      </extension>
      <reference>
        <reference value="Observation/ex-MHV-temperature-3"/>
      </reference>
      <name value="Example Observation - ex-MHV-temperature-3"/>
      <exampleCanonical value="https://johnmoehrke.github.io/MHV-PGHD/StructureDefinition/VA.MHV.bodyTemperature"/>
    </resource>
    <resource>
      <extension url="http://hl7.org/fhir/tools/StructureDefinition/resource-information">
        <valueString value="Observation"/>
      </extension>
      <reference>
        <reference value="Observation/ex-MHV-temperature-4"/>
      </reference>
      <name value="Example Observation - ex-MHV-temperature-4"/>
      <exampleCanonical value="https://johnmoehrke.github.io/MHV-PGHD/StructureDefinition/VA.MHV.bodyTemperature"/>
    </resource>
    <resource>
      <extension url="http://hl7.org/fhir/tools/StructureDefinition/resource-information">
        <valueString value="Observation"/>
      </extension>
      <reference>
        <reference value="Observation/ex-MHV-temperature-5"/>
      </reference>
      <name value="Example Observation - ex-MHV-temperature-5"/>
      <exampleCanonical value="https://johnmoehrke.github.io/MHV-PGHD/StructureDefinition/VA.MHV.bodyTemperature"/>
    </resource>
    <resource>
      <extension url="http://hl7.org/fhir/tools/StructureDefinition/resource-information">
        <valueString value="Observation"/>
      </extension>
      <reference>
        <reference value="Observation/ex-MHV-temperature-6"/>
      </reference>
      <name value="Example Observation - ex-MHV-temperature-6"/>
      <exampleCanonical value="https://johnmoehrke.github.io/MHV-PGHD/StructureDefinition/VA.MHV.bodyTemperature"/>
    </resource>
    <resource>
      <extension url="http://hl7.org/fhir/tools/StructureDefinition/resource-information">
        <valueString value="Observation"/>
      </extension>
      <reference>
        <reference value="Observation/ex-MHV-temperature-7"/>
      </reference>
    </resource>
    <resource>
      <extension url="http://hl7.org/fhir/tools/StructureDefinition/resource-information">
        <valueString value="Observation"/>
      </extension>
      <reference>
        <reference value="Observation/ex-MHV-weight"/>
      </reference>
      <name value="Example Observation - ex-MHV-weight"/>
      <exampleCanonical value="https://johnmoehrke.github.io/MHV-PGHD/StructureDefinition/VA.MHV.bodyWeight"/>
    </resource>
    <resource>
      <extension url="http://hl7.org/fhir/tools/StructureDefinition/resource-information">
        <valueString value="Observation"/>
      </extension>
      <reference>
        <reference value="Observation/ex-other-oxygenSat-4"/>
      </reference>
    </resource>
    <resource>
      <extension url="http://hl7.org/fhir/tools/StructureDefinition/resource-information">
        <valueString value="Observation"/>
      </extension>
      <reference>
        <reference value="Observation/ex-other-oxygenSat-8"/>
      </reference>
    </resource>
    <resource>
      <extension url="http://hl7.org/fhir/tools/StructureDefinition/resource-information">
        <valueString value="Observation"/>
      </extension>
      <reference>
        <reference value="Observation/ex-pain-11"/>
      </reference>
      <name value="Example Observation - ex-pain-11"/>
      <exampleCanonical value="https://johnmoehrke.github.io/MHV-PGHD/StructureDefinition/VA.MHV.pain"/>
    </resource>
    <resource>
      <extension url="http://hl7.org/fhir/tools/StructureDefinition/resource-information">
        <valueString value="Observation"/>
      </extension>
      <reference>
        <reference value="Observation/ex-pain-12"/>
      </reference>
    </resource>
    <resource>
      <extension url="http://hl7.org/fhir/tools/StructureDefinition/resource-information">
        <valueString value="Observation"/>
      </extension>
      <reference>
        <reference value="Observation/ex-pain-13"/>
      </reference>
    </resource>
    <resource>
      <extension url="http://hl7.org/fhir/tools/StructureDefinition/resource-information">
        <valueString value="Observation"/>
      </extension>
      <reference>
        <reference value="Observation/ex-pain-14"/>
      </reference>
    </resource>
    <resource>
      <extension url="http://hl7.org/fhir/tools/StructureDefinition/resource-information">
        <valueString value="Observation"/>
      </extension>
      <reference>
        <reference value="Observation/ex-pain-15"/>
      </reference>
    </resource>
    <resource>
      <extension url="http://hl7.org/fhir/tools/StructureDefinition/resource-information">
        <valueString value="Observation"/>
      </extension>
      <reference>
        <reference value="Observation/ex-temperature-10"/>
      </reference>
    </resource>
    <resource>
      <extension url="http://hl7.org/fhir/tools/StructureDefinition/resource-information">
        <valueString value="Observation"/>
      </extension>
      <reference>
        <reference value="Observation/ex-temperature-8"/>
      </reference>
    </resource>
    <resource>
      <extension url="http://hl7.org/fhir/tools/StructureDefinition/resource-information">
        <valueString value="Observation"/>
      </extension>
      <reference>
        <reference value="Observation/ex-temperature-9"/>
      </reference>
    </resource>
    <resource>
      <extension url="http://hl7.org/fhir/tools/StructureDefinition/resource-information">
        <valueString value="Observation"/>
      </extension>
      <reference>
        <reference value="Observation/ex-weight-core"/>
      </reference>
    </resource>
    <resource>
      <extension url="http://hl7.org/fhir/tools/StructureDefinition/resource-information">
        <valueString value="Observation"/>
      </extension>
      <reference>
        <reference value="Observation/ex-weight-stone"/>
      </reference>
    </resource>
    <resource>
      <extension url="http://hl7.org/fhir/tools/StructureDefinition/resource-information">
        <valueString value="Patient"/>
      </extension>
      <reference>
        <reference value="Patient/ex-patient"/>
      </reference>
    </resource>
    <resource>
      <extension url="http://hl7.org/fhir/tools/StructureDefinition/resource-information">
        <valueString value="Practitioner"/>
      </extension>
      <reference>
        <reference value="Practitioner/ex-practitioner"/>
      </reference>
    </resource>
    <resource>
      <extension url="http://hl7.org/fhir/tools/StructureDefinition/resource-information">
        <valueString value="StructureDefinition:resource"/>
      </extension>
      <reference>
        <reference value="StructureDefinition/VA.MHV.allergy"/>
      </reference>
      <name value="VA MHV Allergy or Intolerance"/>
      <description value="A profile on the AllergyIntolerance that declares how MHV will Create/Update in PGHD for allergy or intolerance.&#xD;&#xA;&#xD;&#xA;Given that MyHealtheVet has access to the medical record (Vista and Cerner), there should be logic keeping a patient from entering a duplicate allergy or intolerance. &#xD;&#xA;&#xD;&#xA;* Derived off of US-Core Allergy&#xD;&#xA;* must be marked with MHV app tag&#xD;&#xA;* must point at the patient&#xD;&#xA;* must indicate patient is the asserter&#xD;&#xA;* may have recorder be the user (e.g. delegate)&#xD;&#xA;* must have clinicalStatus of active&#xD;&#xA;* may have type set to allergy or intolerance (default blank)&#xD;&#xA;* must have a recordedDate of the date entered&#xD;&#xA;* must have a onsetDateTime from the UI&#xD;&#xA;* must have a code.text or code.coding from a valueset from the UI&#xD;&#xA;* may have a category from the UI&#xD;&#xA;* may have a severity from the UI&#xD;&#xA;* must have a reaction.note or reaction.manifestation from the UI&#xD;&#xA;* may have a comments note from the UI&#xD;&#xA;* once created will or might have an id, versionId, lastUpdated, text, and identifier&#xD;&#xA;* DSTU2 uses slightly different element names (e.g., substance and onset)"/>
    </resource>
    <resource>
      <extension url="http://hl7.org/fhir/tools/StructureDefinition/resource-information">
        <valueString value="StructureDefinition:resource"/>
      </extension>
      <reference>
        <reference value="StructureDefinition/VA.MHV.bloodOxygenSat"/>
      </reference>
      <name value="VA MHV Blood Oxygen Saturation Observation"/>
      <description value="A profile on the Observation that declares how MHV will Read/Create/Update/Delete in PGHD for blood Oxygen Saturation measurements (aka Pulse Ox).&#xA;&#xA;This profile is consistent with FHIR core Vital-Signs for Oxygen Saturation&#xA;&#xA;- must be marked with MHV app tag&#xA;- must have vital-signs category&#xA;- must have LOINC#59408-5 code AND LOINC#2708-6&#xA;  - Argonaut and VCM use 59408-5&#xA;  - FHIR Core R4 also adds 2708-6&#xA;- must have effectiveDateTime&#xA;- must have a valueQuantity with UCUM &#39;%&#39; units&#xA;- must have status at final or preliminary&#xA;- must point at the patient&#xA;- may have a hasMember of a blood-pressure and/or respiration-rate&#xA;- may have a note (comment)&#xA;- once created will or might have an id, versionId, lastUpdated, text, and identifier&#xA;- DSTU2 use comment rather than note"/>
    </resource>
    <resource>
      <extension url="http://hl7.org/fhir/tools/StructureDefinition/resource-information">
        <valueString value="StructureDefinition:resource"/>
      </extension>
      <reference>
        <reference value="StructureDefinition/VA.MHV.bloodPressure"/>
      </reference>
      <name value="VA MHV Blood Pressure Observation"/>
      <description value="A profile on the Observation that declares how MHV will Create/Update in PGHD for blood pressure measurements.&#xD;&#xA;&#xD;&#xA;Note that Blood Pressure is not FHIR core Vital-Signs compliant as that requires 85354-9. This was not agreed by Mobile.&#xD;&#xA;&#xD;&#xA;- must be marked with MHV app tag&#xD;&#xA;- must have vital-signs category&#xD;&#xA;- must have LOINC#55284-4 code AND LOINC#8716-3&#xD;&#xA;  - 8716-3 was added as some mobile apps searched on this&#xD;&#xA;- must have effectiveDateTime&#xD;&#xA;- must not have a value[x]&#xD;&#xA;- must have two components&#xD;&#xA;- must have systolic and diastolic component values in mm[Hg]&#xD;&#xA;- may have a related has-member heart-rate observation&#xD;&#xA;- must have status at final&#xD;&#xA;- must point at the patient&#xD;&#xA;- may have a note (comment)&#xD;&#xA;- once created will or might have an id, versionId, lastUpdated, text, and identifier&#xD;&#xA;- DSTU2 use comment rather than note, and related has-member is encoded differently &#xD;&#xA;- Later may have a position component (sitting, standing, supline, and resting)"/>
    </resource>
    <resource>
      <extension url="http://hl7.org/fhir/tools/StructureDefinition/resource-information">
        <valueString value="StructureDefinition:resource"/>
      </extension>
      <reference>
        <reference value="StructureDefinition/VA.MHV.bloodSugar"/>
      </reference>
      <name value="VA MHV Blood Sugar Observation"/>
      <description value="A profile on the Observation that declares how MHV will Create/Update in PGHD for blood sugar measurements. Eating routine is indicated as a component.&#xD;&#xA;&#xD;&#xA;Note that Blood Sugar is not part of FHIR core vital-signs.&#xD;&#xA;&#xD;&#xA;* must be marked with MHV app tag&#xD;&#xA;* must have vital-signs category&#xD;&#xA;* must have LOINC#2339-0 code AND LOINC#2345-7&#xD;&#xA;* must have effectiveDateTime&#xD;&#xA;* must have valueQuantity with units only of mg/dL&#xD;&#xA;* must have status at final&#xD;&#xA;* must point at the patient&#xD;&#xA;* may have a method of clinical lab test, sterile lancet, transcutaneous, implant, or other&#xD;&#xA;* may have a eating routine component with string of fasting, after meal, or unknown&#xD;&#xA;* may have a note (comment)&#xD;&#xA;* once created will or might have an id, versionId, lastUpdated, text, and identifier&#xD;&#xA;* DSTU2 use comment rather than note"/>
    </resource>
    <resource>
      <extension url="http://hl7.org/fhir/tools/StructureDefinition/resource-information">
        <valueString value="StructureDefinition:resource"/>
      </extension>
      <reference>
        <reference value="StructureDefinition/VA.MHV.bloodSugarB"/>
      </reference>
      <name value="VA MHV Blood Sugar Observation alternative B"/>
      <description value="A profile on the Observation that declares how MHV will Create/Update in PGHD for blood sugar measurements. Indicate fasting status as a code.&#xD;&#xA;&#xD;&#xA;Note that Blood Sugar is not part of FHIR core vital-signs.&#xD;&#xA;&#xD;&#xA;* must be marked with MHV app tag&#xD;&#xA;* must have vital-signs category&#xD;&#xA;* must have LOINC#2339-0 code AND LOINC#2345-7&#xD;&#xA;* may have indication of fasting (LOINC#1556-0), or 2-hours after meal (LOINC#6689-4)&#xD;&#xA;* must have effectiveDateTime&#xD;&#xA;* must have valueQuantity with units only of mg/dL&#xD;&#xA;* must have status at final&#xD;&#xA;* must point at the patient&#xD;&#xA;* may have a method of clinical lab test, sterile lancet, transcutaneous, implant, or other&#xD;&#xA;* may have a note (comment)&#xD;&#xA;* once created will or might have an id, versionId, lastUpdated, text, and identifier&#xD;&#xA;* DSTU2 use comment rather than note"/>
    </resource>
    <resource>
      <extension url="http://hl7.org/fhir/tools/StructureDefinition/resource-information">
        <valueString value="StructureDefinition:resource"/>
      </extension>
      <reference>
        <reference value="StructureDefinition/VA.MHV.BlueBundle"/>
      </reference>
      <name value="VA MHV BlueButton Bundle"/>
      <description value="A profile on the Bundle that declares how MHV will Create/Update in PGHD for BlueButton report.&#xD;&#xA;&#xD;&#xA;This is a work in progress. It is not agreed to, and it is not ready for review.&#xD;&#xA;&#xD;&#xA;* must be a document type Bundle&#xD;&#xA;* must have a timestamp of when this was created&#xD;&#xA;* must have a MHV Bluebutton type of a Composition &#xD;&#xA;* must include Patient Resource&#xD;&#xA;* must include all Resources referenced by Composition &#xD;&#xA;* DSTU2 use comment rather than note"/>
    </resource>
    <resource>
      <extension url="http://hl7.org/fhir/tools/StructureDefinition/resource-information">
        <valueString value="StructureDefinition:resource"/>
      </extension>
      <reference>
        <reference value="StructureDefinition/VA.MHV.BlueComposition"/>
      </reference>
      <name value="VA MHV BlueButton Composition"/>
      <description value="A profile on the Composition that declares how MHV will Create/Update in PGHD for BlueButton report.&#xD;&#xA;&#xD;&#xA;This is a work in progress. It is not agreed to, and it is not ready for review.&#xD;&#xA;&#xD;&#xA;* must be marked with MHV app tag&#xD;&#xA;* must be status final&#xD;&#xA;* must have a title explaining the content - for example: all vital-signs from past 60 days&#xD;&#xA;* must have date stamp of when created (now)&#xD;&#xA;* must be LOINC 55188-7 Patient data Document&#xD;&#xA;* must point at the patient for both subject and author&#xD;&#xA;* DSTU2 use comment rather than note"/>
    </resource>
    <resource>
      <extension url="http://hl7.org/fhir/tools/StructureDefinition/resource-information">
        <valueString value="StructureDefinition:resource"/>
      </extension>
      <reference>
        <reference value="StructureDefinition/VA.MHV.bodyTemperature"/>
      </reference>
      <name value="VA MHV Body Temperature Observation"/>
      <description value="A profile on the Observation that declares how MHV will Create/Update in PGHD for body temperature measurements.&#xD;&#xA;&#xD;&#xA;Note this is compliant with FHIR core vital-signs.&#xD;&#xA;&#xD;&#xA;* must be marked with MHV app tag&#xD;&#xA;* must have vital-signs category&#xD;&#xA;* must have LOINC#8310-5 code&#xD;&#xA;* must have effectiveDateTime&#xD;&#xA;* must have valueQuantity with units from the MHV body temperatures (F and C)&#xD;&#xA;* must have status at final&#xD;&#xA;* must point at the patient&#xD;&#xA;* may have a bodySite from MHV body temperature sites (tongue, underarm, ear, mouth, or rectum)&#xD;&#xA;* may have a note (comment)&#xD;&#xA;* once created will or might have an id, versionId, lastUpdated, text, and identifier&#xD;&#xA;* DSTU2 use comment rather than note"/>
    </resource>
    <resource>
      <extension url="http://hl7.org/fhir/tools/StructureDefinition/resource-information">
        <valueString value="StructureDefinition:resource"/>
      </extension>
      <reference>
        <reference value="StructureDefinition/VA.MHV.bodyWeight"/>
      </reference>
      <name value="VA MHV BodyWeight Observation"/>
      <description value="A profile on the Observation that declares how MHV will Create/Update in PGHD for body weight measurements.&#xD;&#xA;&#xD;&#xA;Note this is compliant with FHIR core vital-signs.&#xD;&#xA;&#xD;&#xA;* must be marked with MHV app tag&#xD;&#xA;* must have vital-signs category&#xD;&#xA;* must have LOINC#29463-7 code&#xD;&#xA;* must have effectiveDateTime&#xD;&#xA;* must have valueQuantity with units from the MHV body weights (lbs and kg)&#xD;&#xA;* must have status at final&#xD;&#xA;* must point at the patient&#xD;&#xA;* may have a note (comment)&#xD;&#xA;* once created will or might have an id, versionId, lastUpdated, text, and identifier&#xD;&#xA;* DSTU2 use comment rather than note"/>
    </resource>
    <resource>
      <extension url="http://hl7.org/fhir/tools/StructureDefinition/resource-information">
        <valueString value="StructureDefinition:resource"/>
      </extension>
      <reference>
        <reference value="StructureDefinition/VA.MHV.heartRate"/>
      </reference>
      <name value="VA MHV HeartRate Observation"/>
      <description value="A profile on the Observation that declares how MHV will Create/Update in PGHD for heart rate measurements.&#xD;&#xA;&#xD;&#xA;Note this is compliant with FHIR core vital-signs.&#xD;&#xA;&#xD;&#xA;* must be marked with MHV app tag&#xD;&#xA;* must have vital-signs category&#xD;&#xA;* must have LOINC#8867-4 code&#xD;&#xA;* must have effectiveDateTime&#xD;&#xA;* must have valueQuantity with units only of beats per minute&#xD;&#xA;* must have status at final&#xD;&#xA;* must point at the patient&#xD;&#xA;* may have a note (comment)&#xD;&#xA;* once created will or might have an id, versionId, lastUpdated, text, and identifier&#xD;&#xA;* DSTU2 use comment rather than note"/>
    </resource>
    <resource>
      <extension url="http://hl7.org/fhir/tools/StructureDefinition/resource-information">
        <valueString value="StructureDefinition:resource"/>
      </extension>
      <reference>
        <reference value="StructureDefinition/VA.MHV.immunization"/>
      </reference>
      <name value="VA MHV Immunization"/>
      <description value="A profile on the Immunization that declares how MHV will Create/Update in PGHD for an immunization.&#xD;&#xA;&#xD;&#xA;Given that MyHealtheVet has access to medical record (Vista and Cerner) of immunizations, there should be logic keeping a patient from entering a duplicate immunization.&#xD;&#xA;&#xD;&#xA;* Derived off of US-Core Immunization&#xD;&#xA;* must be marked with MHV app tag&#xD;&#xA;* must point at the patient&#xD;&#xA;* must have status of completed (can not enter not-done or entered-in-error)&#xD;&#xA;* must have a code.text or code.coding from a valueset from the UI&#xD;&#xA;  * codes from given valueSet&#xD;&#xA;* must have a date (occuranceDateTime) the vaccine was administered from the UI&#xD;&#xA;* must indicate the date this record is being recorded into PGHD &#xD;&#xA;* must be indicated this data are not official record (primarySource=false)&#xD;&#xA;* must indicate this is being recorded from patient recollection&#xD;&#xA;* any reaction is recorded as a contained observation&#xD;&#xA;* may have a comment note&#xD;&#xA;* once created will or might have an id, versionId, lastUpdated, text, and identifier&#xD;&#xA;* DSTU2 uses slightly different element names (e.g., substance and onset)"/>
    </resource>
    <resource>
      <extension url="http://hl7.org/fhir/tools/StructureDefinition/resource-information">
        <valueString value="StructureDefinition:resource"/>
      </extension>
      <reference>
        <reference value="StructureDefinition/VA.MHV.medication"/>
      </reference>
      <name value="VA MHV Medication"/>
      <description value="A profile on the MedicationStatement that declares how MHV will Create/Update in PGHD.&#xD;&#xA;&#xD;&#xA;* NOT Derived off of US-Core as there is no MedicationStatement in US-Core&#xD;&#xA;* must be marked with MHV app tag&#xD;&#xA;* must have a medication name&#xD;&#xA;* must have a strength per dose&#xD;&#xA;* must have a reason for use&#xD;&#xA;* must have effectiveDateTime&#xD;&#xA;* must have status at final, stopped, or complete&#xD;&#xA;* must point at the patient&#xD;&#xA;* may have a note &#xD;&#xA;* may have quantity&#xD;&#xA;* may have frequency&#xD;&#xA;* may have method of taking&#xD;&#xA;* may have a rx number&#xD;&#xA;* may indicate where it was filled&#xD;&#xA;* may indicate who prescribed&#xD;&#xA;* may indicate if side affects or none&#xD;&#xA;* once created will or might have an id, versionId, lastUpdated, text, and identifier"/>
    </resource>
    <resource>
      <extension url="http://hl7.org/fhir/tools/StructureDefinition/resource-information">
        <valueString value="StructureDefinition:resource"/>
      </extension>
      <reference>
        <reference value="StructureDefinition/VA.MHV.pain"/>
      </reference>
      <name value="VA MHV Pain Observation"/>
      <description value="A profile on the Observation that declares how MHV will Create/Update in PGHD for pain measurements.&#xD;&#xA;&#xD;&#xA;Note that Pain is not part of FHIR core vital-signs.&#xD;&#xA;&#xD;&#xA;* must be marked with MHV app tag&#xD;&#xA;* must have vital-signs category&#xD;&#xA;* must have both LOINC#72514-3 and SCT#225908003 code&#xD;&#xA;* must have effectiveDateTime&#xD;&#xA;* must have integer between 0-10&#xD;&#xA;* must have status at final&#xD;&#xA;* must point at the patient&#xD;&#xA;* may have a note (comment)&#xD;&#xA;* once created will or might have an id, versionId, lastUpdated, text, and identifier&#xD;&#xA;* DSTU2 will need to change to valueQuantity vs valueInteger&#xD;&#xA;* DSTU2 use comment rather than note"/>
    </resource>
    <resource>
      <extension url="http://hl7.org/fhir/tools/StructureDefinition/resource-information">
        <valueString value="StructureDefinition:resource"/>
      </extension>
      <reference>
        <reference value="StructureDefinition/VA.MHV.respirationRate"/>
      </reference>
      <name value="VA MHV Respiration Rate Observation"/>
      <description value="A profile on the Observation that declares how MHV will Read/Create/Update/Delete in PGHD for respiration rate measurements. This is mostly used in conjunction with Blood Oxygen Saturation (aka PulseOx).&#xA;&#xA;This profile is consistent with FHIR core Vital-Signs for Respiration Rate&#xA;&#xA;- must be marked with MHV app tag&#xA;- must have vital-signs category&#xA;- must have LOINC#9279-1 code &#xA;  - FHIR Core, Argonaut and VCM use 9279-1&#xA;- must have effectiveDateTime&#xA;- must have valueQuantity with units only of breaths per minute&#xA;  - typical is 12-16 breaths per minute&#xA;- must have status at final or preliminary&#xA;- must point at the patient&#xA;- may have a note (comment)&#xA;- once created will or might have an id, versionId, lastUpdated, text, and identifier&#xA;- DSTU2 use comment rather than note"/>
    </resource>
    <resource>
      <extension url="http://hl7.org/fhir/tools/StructureDefinition/resource-information">
        <valueString value="ValueSet"/>
      </extension>
      <reference>
        <reference value="ValueSet/AllAppIdCodes"/>
      </reference>
    </resource>
    <resource>
      <extension url="http://hl7.org/fhir/tools/StructureDefinition/resource-information">
        <valueString value="ValueSet"/>
      </extension>
      <reference>
        <reference value="ValueSet/mhv-blood-pressure-positions"/>
      </reference>
      <name value="The methods of measurement for blood pressure that MHV supports"/>
      <description value="These are the loinc body positions that MHV supports on blood pressure."/>
    </resource>
    <resource>
      <extension url="http://hl7.org/fhir/tools/StructureDefinition/resource-information">
        <valueString value="ValueSet"/>
      </extension>
      <reference>
        <reference value="ValueSet/mhv-blood-sugar-methods-sites"/>
      </reference>
      <name value="The methods of measurement for blood sugar that MHV supports"/>
      <description value="These are the SNOMED body sites that MHV supports."/>
    </resource>
    <resource>
      <extension url="http://hl7.org/fhir/tools/StructureDefinition/resource-information">
        <valueString value="ValueSet"/>
      </extension>
      <reference>
        <reference value="ValueSet/mhv-body-temperature-sites"/>
      </reference>
      <name value="The body temperature measurement sites that MHV supports"/>
      <description value="These are the SNOMED body sites that MHV supports."/>
    </resource>
    <resource>
      <extension url="http://hl7.org/fhir/tools/StructureDefinition/resource-information">
        <valueString value="ValueSet"/>
      </extension>
      <reference>
        <reference value="ValueSet/mhv-body-temperatures"/>
      </reference>
      <name value="The body temperature measurement types that MHV supports"/>
      <description value="These are the UCUM types that MHV supports."/>
    </resource>
    <resource>
      <extension url="http://hl7.org/fhir/tools/StructureDefinition/resource-information">
        <valueString value="ValueSet"/>
      </extension>
      <reference>
        <reference value="ValueSet/mhv-body-weights"/>
      </reference>
      <name value="The body weight measurement types that MHV supports"/>
      <description value="These are the UCUM types that MHV supports. This is a subset of the full bodyWeight types (which also brings in grams. Others might also include stone)."/>
    </resource>
    <resource>
      <extension url="http://hl7.org/fhir/tools/StructureDefinition/resource-information">
        <valueString value="ValueSet"/>
      </extension>
      <reference>
        <reference value="ValueSet/mhv-medication-routes"/>
      </reference>
      <name value="The routes of medication that MHV supports"/>
      <description value="These are the SNOMED-CT routes for medications that MHV supports."/>
    </resource>
    <page>
      <nameUrl value="toc.html"/>
      <title value="Table of Contents"/>
      <generation value="html"/>
      <page>
        <nameUrl value="index.html"/>
        <title value="MyIG Home Page"/>
        <generation value="html"/>
      </page>
      <page>
        <nameUrl value="background.html"/>
        <title value="Background"/>
        <generation value="markdown"/>
      </page>
      <page>
        <nameUrl value="downloads.html"/>
        <title value="Useful Downloads"/>
        <generation value="html"/>
      </page>
      <page>
        <nameUrl value="changes.html"/>
        <title value="IG Change History"/>
        <generation value="html"/>
      </page>
    </page>
    <parameter>
      <code value="path-resource"/>
      <value value="input/capabilities"/>
    </parameter>
    <parameter>
      <code value="path-resource"/>
      <value value="input/examples"/>
    </parameter>
    <parameter>
      <code value="path-resource"/>
      <value value="input/extensions"/>
    </parameter>
    <parameter>
      <code value="path-resource"/>
      <value value="input/models"/>
    </parameter>
    <parameter>
      <code value="path-resource"/>
      <value value="input/operations"/>
    </parameter>
    <parameter>
      <code value="path-resource"/>
      <value value="input/profiles"/>
    </parameter>
    <parameter>
      <code value="path-resource"/>
      <value value="input/resources"/>
    </parameter>
    <parameter>
      <code value="path-resource"/>
      <value value="input/vocabulary"/>
    </parameter>
    <parameter>
      <code value="path-resource"/>
      <value value="input/maps"/>
    </parameter>
    <parameter>
      <code value="path-resource"/>
      <value value="input/testing"/>
    </parameter>
    <parameter>
      <code value="path-resource"/>
      <value value="input/history"/>
    </parameter>
    <parameter>
      <code value="path-resource"/>
      <value value="fsh-generated/resources"/>
    </parameter>
    <parameter>
      <code value="path-pages"/>
      <value value="template/config"/>
    </parameter>
    <parameter>
      <code value="path-pages"/>
      <value value="input/images"/>
    </parameter>
    <parameter>
      <code value="path-tx-cache"/>
      <value value="input-cache/txcache"/>
    </parameter>
  </definition>
</ImplementationGuide>