<?xml version="1.0" encoding="UTF-8"?>

<MedicationStatement xmlns="http://hl7.org/fhir">
  <id value="ex-MHV-medication-0"/>
  <meta>
    <profile value="https://johnmoehrke.github.io/MHV-PGHD/StructureDefinition/VA.MHV.medication"/>
    <tag>
      <system value="https://wiki.mobilehealth.va.gov/x/Onc1C"/>
      <code value="2ce6d9aa-c068-4809-8dda-662bcb16d09a"/>
    </tag>
  </meta>
  <text>
    <status value="generated"/><div xmlns="http://www.w3.org/1999/xhtml"><p><b>Generated Narrative: MedicationStatement</b><a name="ex-MHV-medication-0"> </a></p><div style="display: inline-block; background-color: #d9e0e7; padding: 6px; margin: 4px; border: 1px solid #8da1b4; border-radius: 5px; line-height: 60%"><p style="margin-bottom: 0px">Resource MedicationStatement "ex-MHV-medication-0" </p><p style="margin-bottom: 0px">Profile: <a href="StructureDefinition-VA.MHV.medication.html">VA MHV Medication</a></p><p style="margin-bottom: 0px">Tag: <span title="{https://wiki.mobilehealth.va.gov/x/Onc1C https://wiki.mobilehealth.va.gov/x/Onc1C}">https://wiki.mobilehealth.va.gov/x/Onc1C</span></p></div><p><b>identifier</b>: id: 1234</p><p><b>basedOn</b>: <a name="in-Request"> </a></p><blockquote><p></p><p><a name="in-Request"> </a></p><p><b>identifier</b>: id: 1234</p><p><b>status</b>: active</p><p><b>intent</b>: order</p><p><b>medication</b>: Tylenol <span style="background: LightGoldenRodYellow; margin: 4px; border: 1px solid khaki"> ()</span></p><p><b>subject</b>: <a href="Patient-ex-patient.html">Patient/ex-patient</a> " SCHMIDT"</p><p><b>requester</b>: <span>: Dr. Prancy Practitioner</span></p></blockquote><p><b>partOf</b>: <a name="in-Dispense"> </a></p><blockquote><p></p><p><a name="in-Dispense"> </a></p><p><b>status</b>: unknown</p><p><b>medication</b>: Tylenol <span style="background: LightGoldenRodYellow; margin: 4px; border: 1px solid khaki"> ()</span></p><h3>Performers</h3><table class="grid"><tr><td>-</td><td><b>Actor</b></td></tr><tr><td>*</td><td><a href="#in-Pharmacy">#in-Pharmacy</a></td></tr></table></blockquote><p><b>status</b>: active</p><p><b>category</b>: Patient Specified <span style="background: LightGoldenRodYellow; margin: 4px; border: 1px solid khaki"> (<a href="http://hl7.org/fhir/R4/codesystem-medication-statement-category.html">Medication usage category codes</a>#patientspecified)</span></p><p><b>medication</b>: Tylenol <span style="background: LightGoldenRodYellow; margin: 4px; border: 1px solid khaki"> ()</span></p><p><b>subject</b>: <a href="Patient-ex-patient.html">Patient/ex-patient</a> " SCHMIDT"</p><p><b>effective</b>: 2004-12-25 --&gt; 2021-12-25</p><p><b>dateAsserted</b>: 2020-11-24</p><p><b>reasonCode</b>: Body pains <span style="background: LightGoldenRodYellow; margin: 4px; border: 1px solid khaki"> ()</span></p><p><b>note</b>: a minimal medication</p><blockquote><p><b>dosage</b></p><p><b>text</b>: 1 tablet</p><p><b>route</b>: Oral route <span style="background: LightGoldenRodYellow; margin: 4px; border: 1px solid khaki"> (<a href="https://browser.ihtsdotools.org/">SNOMED CT</a>#26643006)</span></p></blockquote></div>
  </text>
  <contained>
    <Organization>
      <id value="in-Pharmacy"/>
      <type>
        <text value="Pharmacy"/>
      </type>
      <name value="CVS"/>
      <telecom>
        <system value="phone"/>
        <value value="+17773339998"/>
      </telecom>
    </Organization>
  </contained>
  <contained>
    <MedicationDispense>
      <id value="in-Dispense"/>
      <status value="unknown"/>
      <medicationCodeableConcept>
        <text value="Tylenol"/>
      </medicationCodeableConcept>
      <performer>
        <actor>
          <reference value="#in-Pharmacy"/>
        </actor>
      </performer>
    </MedicationDispense>
  </contained>
  <contained>
    <MedicationRequest>
      <id value="in-Request"/>
      <identifier>
        <value value="1234"/>
      </identifier>
      <status value="active"/>
      <intent value="order"/>
      <medicationCodeableConcept>
        <text value="Tylenol"/>
      </medicationCodeableConcept>
      <subject>
        <reference value="Patient/ex-patient"/>
      </subject>
      <requester>
        <display value="Dr. Prancy Practitioner"/>
      </requester>
    </MedicationRequest>
  </contained>
  <identifier>
    <value value="1234"/>
  </identifier>
  <basedOn>
    <reference value="#in-Request"/>
  </basedOn>
  <partOf>
    <reference value="#in-Dispense"/>
  </partOf>
  <status value="active"/>
  <category>
    <coding>
      <system value="http://terminology.hl7.org/CodeSystem/medication-statement-category"/>
      <code value="patientspecified"/>
    </coding>
  </category>
  <medicationCodeableConcept>
    <text value="Tylenol"/>
  </medicationCodeableConcept>
  <subject>
    <reference value="Patient/ex-patient"/>
  </subject>
  <effectivePeriod>
    <start value="2004-12-25"/>
    <end value="2021-12-25"/>
  </effectivePeriod>
  <dateAsserted value="2020-11-24"/>
  <reasonCode>
    <text value="Body pains"/>
  </reasonCode>
  <note>
    <text value="a minimal medication"/>
  </note>
  <dosage>
    <text value="1 tablet"/>
    <route>
      <coding>
        <system value="http://snomed.info/sct"/>
        <code value="26643006"/>
      </coding>
    </route>
    <doseAndRate>
      <doseQuantity>
        <value value="1"/>
        <system value="http://unitsofmeasure.org"/>
        <code value="{Capsule}"/>
      </doseQuantity>
      <rateRatio>
        <numerator>
          <value value="3"/>
        </numerator>
        <denominator>
          <value value="1"/>
          <system value="http://unitsofmeasure.org"/>
          <code value="/d"/>
        </denominator>
      </rateRatio>
    </doseAndRate>
  </dosage>
</MedicationStatement>