<?xml version="1.0" encoding="UTF-8"?>

<Observation xmlns="http://hl7.org/fhir">
  <id value="ex-MHV-temperature-4"/>
  <meta>
    <profile value="https://johnmoehrke.github.io/MHV-PGHD/StructureDefinition/VA.MHV.bodyTemperature"/>
    <tag>
      <system value="https://wiki.mobilehealth.va.gov/x/Onc1C"/>
      <code value="2ce6d9aa-c068-4809-8dda-662bcb16d09a"/>
    </tag>
  </meta>
  <text>
    <status value="generated"/><div xmlns="http://www.w3.org/1999/xhtml"><p><b>Generated Narrative</b></p><p></p><p><b>category</b>: <span title="Codes: {http://terminology.hl7.org/CodeSystem/observation-category vital-signs}">Vital Signs</span></p><p><b>code</b>: <span title="Codes: {http://loinc.org 8310-5}">Body temperature</span></p><p><b>subject</b>: <a href="Patient-example.html">Generated Summary: Jack Smith , John Jacob Jingleheimer Smith (OFFICIAL), John Jacob Jingleheimer Smith (OFFICIAL)</a></p><p><b>effective</b>: Dec 25, 2004 10:50:50 PM</p><p><b>value</b>: 98.6 [degF]</p><p><b>note</b>: nice American temperature by ear</p><p><b>bodySite</b>: <span title="Codes: {http://snomed.info/sct 1910005}">Entire ear</span></p></div>
  </text>
  <status value="final"/>
  <category>
    <coding>
      <system value="http://terminology.hl7.org/CodeSystem/observation-category"/>
      <code value="vital-signs"/>
    </coding>
  </category>
  <code>
    <coding>
      <system value="http://loinc.org"/>
      <code value="8310-5"/>
    </coding>
  </code>
  <subject>
    <reference value="Patient/example"/>
  </subject>
  <effectiveDateTime value="2004-12-25T23:50:50-05:00"/>
  <valueQuantity>
    <value value="98.6"/>
    <system value="http://unitsofmeasure.org"/>
    <code value="[degF]"/>
  </valueQuantity>
  <note>
    <text value="nice American temperature by ear"/>
  </note>
  <bodySite>
    <coding>
      <system value="http://snomed.info/sct"/>
      <code value="1910005"/>
      <display value="Entire ear"/>
    </coding>
  </bodySite>
</Observation>