<?xml version="1.0" encoding="UTF-8"?>

<Observation xmlns="http://hl7.org/fhir">
  <id value="heart-rate"/>
  <meta>
    <profile value="http://hl7.org/fhir/StructureDefinition/vitalsigns"/>
  </meta>
  <text>
    <status value="generated"/><div xmlns="http://www.w3.org/1999/xhtml"><p><b>Generated Narrative</b></p><div style="display: inline-block; background-color: #d9e0e7; padding: 6px; margin: 4px; border: 1px solid #8da1b4; border-radius: 5px; line-height: 60%"><p style="margin-bottom: 0px">Resource "heart-rate" </p><p style="margin-bottom: 0px">Profile: <a href="http://hl7.org/fhir/R4/vitalsigns.html">Vital Signs Profile</a></p></div><p><b>status</b>: final</p><p><b>category</b>: Vital Signs <span style="background: LightGoldenRodYellow; margin: 4px; border: 1px solid khaki"> (<a href="http://terminology.hl7.org/3.1.0/CodeSystem-observation-category.html">Observation Category Codes</a>#vital-signs)</span></p><p><b>code</b>: Heart rate <span style="background: LightGoldenRodYellow; margin: 4px; border: 1px solid khaki"> (<a href="https://loinc.org/">LOINC</a>#8867-4)</span></p><p><b>subject</b>: <a href="Patient-ex-patient.html">Patient/ex-patient</a> " SCHMIDT"</p><p><b>effective</b>: 1999-07-02</p><p><b>value</b>: 44 beats/minute<span style="background: LightGoldenRodYellow"> (Details: UCUM code /min = '/min')</span></p></div>
  </text>
  <status value="final"/>
  <category>
    <coding>
      <system value="http://terminology.hl7.org/CodeSystem/observation-category"/>
      <code value="vital-signs"/>
      <display value="Vital Signs"/>
    </coding>
    <text value="Vital Signs"/>
  </category>
  <code>
    <coding>
      <system value="http://loinc.org"/>
      <code value="8867-4"/>
      <display value="Heart rate"/>
    </coding>
    <text value="Heart rate"/>
  </code>
  <subject>
    <reference value="Patient/ex-patient"/>
  </subject>
  <effectiveDateTime value="1999-07-02"/>
  <valueQuantity>
    <value value="44"/>
    <unit value="beats/minute"/>
    <system value="http://unitsofmeasure.org"/>
    <code value="/min"/>
  </valueQuantity>
</Observation>