<?xml version="1.0" encoding="UTF-8"?>

<Observation xmlns="http://hl7.org/fhir">
  <id value="example-weight-full"/>
  <text>
    <status value="generated"/><div xmlns="http://www.w3.org/1999/xhtml"><p><b>Generated Narrative</b></p><p></p><p><b>category</b>: <span title="Codes: {http://terminology.hl7.org/CodeSystem/observation-category vital-signs}">Vital Signs</span></p><p><b>code</b>: <span title="Codes: {http://loinc.org 29463-7}, {http://loinc.org 3141-9}, {http://snomed.info/sct 27113001}, {http://acme.org/devices/clinical-codes body-weight}">Body Weight</span></p><p><b>subject</b>: <a href="Patient-example.html">Generated Summary: Jack Smith , John Jacob Jingleheimer Smith (OFFICIAL), John Jacob Jingleheimer Smith (OFFICIAL)</a></p><p><b>encounter</b>: <a href="Encounter-example.html">Generated Summary: status: finished; <span title="{http://terminology.hl7.org/CodeSystem/v3-ActCode HH}">home health</span></a></p><p><b>effective</b>: 2012-09-17</p><p><b>value</b>: 152 lbs</p><p><b>note</b>: just about perfect</p></div>
  </text>
  <status value="final"/>
  <category>
    <coding>
      <system value="http://terminology.hl7.org/CodeSystem/observation-category"/>
      <code value="vital-signs"/>
      <display value="Vital Signs"/>
    </coding>
  </category>
  <code>
    <coding>
      <system value="http://loinc.org"/>
      <code value="29463-7"/>
      <display value="Body Weight"/>
    </coding>
    <coding>
      <system value="http://loinc.org"/>
      <code value="3141-9"/>
      <display value="Weight Measured"/>
    </coding>
    <coding>
      <system value="http://snomed.info/sct"/>
      <code value="27113001"/>
      <display value="Body weight"/>
    </coding>
    <coding>
      <system value="http://acme.org/devices/clinical-codes"/>
      <code value="body-weight"/>
      <display value="Body Weight"/>
    </coding>
  </code>
  <subject>
    <reference value="Patient/example"/>
  </subject>
  <encounter>
    <reference value="Encounter/example"/>
  </encounter>
  <effectiveDateTime value="2012-09-17"/>
  <valueQuantity>
    <value value="152"/>
    <unit value="lbs"/>
    <system value="http://unitsofmeasure.org"/>
    <code value="[lb_av]"/>
  </valueQuantity>
  <note>
    <text value="just about perfect"/>
  </note>
</Observation>