<?xml version="1.0" encoding="UTF-8"?>

<Observation xmlns="http://hl7.org/fhir">
  <id value="ex-MHV-oxygenSat-7"/>
  <meta>
    <profile value="https://johnmoehrke.github.io/MHV-PGHD/StructureDefinition/VA.MHV.bloodOxygenSat"/>
    <tag>
      <system value="https://wiki.mobilehealth.va.gov/x/Onc1C"/>
      <code value="2ce6d9aa-c068-4809-8dda-662bcb16d09a"/>
    </tag>
  </meta>
  <text>
    <status value="generated"/><div xmlns="http://www.w3.org/1999/xhtml"><p><b>Generated Narrative</b></p><p></p><p><b>category</b>: <span title="Codes: {http://terminology.hl7.org/CodeSystem/observation-category vital-signs}">Vital Signs</span></p><p><b>code</b>: <span title="Codes: {http://loinc.org 2708-6}, {http://loinc.org 59408-5}">Oxygen saturation in Arterial blood by Pulse oximetry</span></p><p><b>subject</b>: <a href="Patient-ex-patient.html">Generated Summary: Jack Smith </a></p><p><b>effective</b>: Dec 3, 2004 10:50:50 PM</p><p><b>value</b>: 94 %</p><p><b>note</b>: Way too low, clinically speaking</p><p><b>hasMember</b>: </p><ul><li><a href="Observation-ex-MHV-respirationRate-1.html">Generated Summary: <span title="Codes: {http://terminology.hl7.org/CodeSystem/observation-category vital-signs}">Vital Signs</span>; <span title="Codes: {http://loinc.org 9279-1}, {http://loinc.org 9279-1}">Respiratory rate</span>; effective: Dec 25, 2004 10:50:50 PM; 18 /min; a bit fast</a></li><li><a href="Observation-ex-MHV-heartRate-1.html">Generated Summary: <span title="Codes: {http://terminology.hl7.org/CodeSystem/observation-category vital-signs}">Vital Signs</span>; <span title="Codes: {http://loinc.org 8867-4}, {http://loinc.org 8867-4}">Heart rate</span>; effective: Dec 25, 2004 10:50:50 PM; 185 /min; a bit fast</a></li></ul></div>
  </text>
  <status value="final"/>
  <category>
    <coding>
      <system value="http://terminology.hl7.org/CodeSystem/observation-category"/>
      <code value="vital-signs"/>
    </coding>
  </category>
  <code>
    <coding>
      <system value="http://loinc.org"/>
      <code value="2708-6"/>
      <display value="Oxygen saturation in Arterial blood by Pulse oximetry"/>
    </coding>
    <coding>
      <system value="http://loinc.org"/>
      <code value="59408-5"/>
      <display value="Oxygen saturation in Arterial blood"/>
    </coding>
  </code>
  <subject>
    <reference value="Patient/ex-patient"/>
  </subject>
  <effectiveDateTime value="2004-12-03T23:50:50-05:00"/>
  <valueQuantity>
    <value value="94"/>
    <system value="http://unitsofmeasure.org"/>
    <code value="%"/>
  </valueQuantity>
  <note>
    <text value="Way too low, clinically speaking"/>
  </note>
  <hasMember>
    <reference value="Observation/ex-MHV-respirationRate-1"/>
  </hasMember>
  <hasMember>
    <reference value="Observation/ex-MHV-heartRate-1"/>
  </hasMember>
</Observation>