<?xml version="1.0" encoding="UTF-8"?>

<Observation xmlns="http://hl7.org/fhir">
  <id value="ex-MHV-pain-10"/>
  <meta>
    <profile value="https://johnmoehrke.github.io/MHV-PGHD/StructureDefinition/VA.MHV.pain"/>
    <tag>
      <system value="https://wiki.mobilehealth.va.gov/x/Onc1C"/>
      <code value="2ce6d9aa-c068-4809-8dda-662bcb16d09a"/>
    </tag>
  </meta>
  <text>
    <status value="generated"/><div xmlns="http://www.w3.org/1999/xhtml"><p><b>Generated Narrative</b></p><div style="display: inline-block; background-color: #d9e0e7; padding: 6px; margin: 4px; border: 1px solid #8da1b4; border-radius: 5px; line-height: 60%"><p style="margin-bottom: 0px">Resource "ex-MHV-pain-10" </p><p style="margin-bottom: 0px">Profile: <a href="StructureDefinition-VA.MHV.pain.html">VA MHV Pain Observation</a></p><p style="margin-bottom: 0px">Tag: <span title="{https://wiki.mobilehealth.va.gov/x/Onc1C https://wiki.mobilehealth.va.gov/x/Onc1C}">https://wiki.mobilehealth.va.gov/x/Onc1C</span></p></div><p><b>status</b>: final</p><p><b>category</b>: Vital Signs <span style="background: LightGoldenRodYellow; margin: 4px; border: 1px solid khaki"> (<a href="http://terminology.hl7.org/3.0.0/CodeSystem-observation-category.html">Observation Category Codes</a>#vital-signs)</span></p><p><b>code</b>: Pain severity - 0-10 verbal numeric rating [Score] - Reported <span style="background: LightGoldenRodYellow; margin: 4px; border: 1px solid khaki"> (<a href="https://loinc.org/">LOINC</a>#72514-3; <a href="https://browser.ihtsdotools.org/">SNOMED CT</a>#225908003 "Pain Score")</span></p><p><b>subject</b>: <a href="Patient-ex-patient.html">Patient/ex-patient</a> " SMITH"</p><p><b>effective</b>: 2004-12-25T23:50:50-05:00</p><p><b>value</b>: 10</p><p><b>note</b>: Oh, scream in pain</p></div>
  </text>
  <status value="final"/>
  <category>
    <coding>
      <system value="http://terminology.hl7.org/CodeSystem/observation-category"/>
      <code value="vital-signs"/>
    </coding>
  </category>
  <code>
    <coding>
      <system value="http://loinc.org"/>
      <code value="72514-3"/>
      <display value="Pain severity - 0-10 verbal numeric rating [Score] - Reported"/>
    </coding>
    <coding>
      <system value="http://snomed.info/sct"/>
      <code value="225908003"/>
      <display value="Pain Score"/>
    </coding>
  </code>
  <subject>
    <reference value="Patient/ex-patient"/>
  </subject>
  <effectiveDateTime value="2004-12-25T23:50:50-05:00"/>
  <valueQuantity>
    <value value="10"/>
  </valueQuantity>
  <note>
    <text value="Oh, scream in pain"/>
  </note>
</Observation>