<?xml version="1.0" encoding="UTF-8"?>

<Observation xmlns="http://hl7.org/fhir">
  <id value="ex-MHV-temperature-2"/>
  <meta>
    <profile value="https://johnmoehrke.github.io/MHV-PGHD/StructureDefinition/VA.MHV.bodyTemperature"/>
    <tag>
      <system value="https://wiki.mobilehealth.va.gov/x/Onc1C"/>
      <code value="2ce6d9aa-c068-4809-8dda-662bcb16d09a"/>
    </tag>
  </meta>
  <text>
    <status value="generated"/><div xmlns="http://www.w3.org/1999/xhtml"><p><b>Generated Narrative: Observation</b><a name="ex-MHV-temperature-2"> </a></p><div style="display: inline-block; background-color: #d9e0e7; padding: 6px; margin: 4px; border: 1px solid #8da1b4; border-radius: 5px; line-height: 60%"><p style="margin-bottom: 0px">Resource Observation "ex-MHV-temperature-2" </p><p style="margin-bottom: 0px">Profile: <a href="StructureDefinition-VA.MHV.bodyTemperature.html">VA MHV Body Temperature Observation</a></p><p style="margin-bottom: 0px">Tag: <span title="{https://wiki.mobilehealth.va.gov/x/Onc1C https://wiki.mobilehealth.va.gov/x/Onc1C}">https://wiki.mobilehealth.va.gov/x/Onc1C</span></p></div><p><b>status</b>: final</p><p><b>category</b>: Vital Signs <span style="background: LightGoldenRodYellow; margin: 4px; border: 1px solid khaki"> (<a href="http://terminology.hl7.org/3.1.0/CodeSystem-observation-category.html">Observation Category Codes</a>#vital-signs)</span></p><p><b>code</b>: Body temperature <span style="background: LightGoldenRodYellow; margin: 4px; border: 1px solid khaki"> (<a href="https://loinc.org/">LOINC</a>#8310-5)</span></p><p><b>subject</b>: <a href="Patient-ex-patient.html">Patient/ex-patient</a> " SCHMIDT"</p><p><b>effective</b>: 2004-12-25 11:50:50-0500</p><p><b>value</b>: 98.6 [degF]<span style="background: LightGoldenRodYellow"> (Details: UCUM code [degF] = '[degF]')</span></p><p><b>note</b>: nice American temperature by underarm</p><p><b>bodySite</b>: Entire axillary region <span style="background: LightGoldenRodYellow; margin: 4px; border: 1px solid khaki"> (<a href="https://browser.ihtsdotools.org/">SNOMED CT</a>#362732006)</span></p></div>
  </text>
  <status value="final"/>
  <category>
    <coding>
      <system value="http://terminology.hl7.org/CodeSystem/observation-category"/>
      <code value="vital-signs"/>
    </coding>
  </category>
  <code>
    <coding>
      <system value="http://loinc.org"/>
      <code value="8310-5"/>
      <display value="Body temperature"/>
    </coding>
  </code>
  <subject>
    <reference value="Patient/ex-patient"/>
  </subject>
  <effectiveDateTime value="2004-12-25T23:50:50-05:00"/>
  <valueQuantity>
    <value value="98.6"/>
    <system value="http://unitsofmeasure.org"/>
    <code value="[degF]"/>
  </valueQuantity>
  <note>
    <text value="nice American temperature by underarm"/>
  </note>
  <bodySite>
    <coding>
      <system value="http://snomed.info/sct"/>
      <code value="362732006"/>
      <display value="Entire axillary region"/>
    </coding>
  </bodySite>
</Observation>