<?xml version="1.0" encoding="UTF-8"?>

<Observation xmlns="http://hl7.org/fhir">
  <id value="ex-other-oxygenSat-4"/>
  <text>
    <status value="generated"/><div xmlns="http://www.w3.org/1999/xhtml"><p><b>Generated Narrative: Observation</b><a name="ex-other-oxygenSat-4"> </a></p><div style="display: inline-block; background-color: #d9e0e7; padding: 6px; margin: 4px; border: 1px solid #8da1b4; border-radius: 5px; line-height: 60%"><p style="margin-bottom: 0px">Resource Observation &quot;ex-other-oxygenSat-4&quot; </p></div><p><b>status</b>: final</p><p><b>category</b>: Blood Oxygen Saturation Level <span style="background: LightGoldenRodYellow; margin: 4px; border: 1px solid khaki"> ()</span></p><p><b>code</b>: Oxygen saturation in Arterial blood <span style="background: LightGoldenRodYellow; margin: 4px; border: 1px solid khaki"> (<a href="https://loinc.org/">LOINC</a>#2708-6)</span></p><p><b>subject</b>: <a href="Patient-ex-patient.html">Patient/ex-patient</a> &quot; SCHMIDT&quot;</p><p><b>effective</b>: 2004-12-04 23:50:50-0500</p><p><b>value</b>: 97 %<span style="background: LightGoldenRodYellow"> (Details: UCUM code % = '%')</span></p><p><b>note</b>: Wow, you found it</p></div>
  </text>
  <status value="final"/>
  <category>
    <text value="Blood Oxygen Saturation Level"/>
  </category>
  <code>
    <coding>
      <system value="http://loinc.org"/>
      <code value="2708-6"/>
    </coding>
  </code>
  <subject>
    <reference value="Patient/ex-patient"/>
  </subject>
  <effectiveDateTime value="2004-12-04T23:50:50-05:00"/>
  <valueQuantity>
    <value value="97"/>
    <system value="http://unitsofmeasure.org"/>
    <code value="%"/>
  </valueQuantity>
  <note>
    <text value="Wow, you found it"/>
  </note>
</Observation>