<?xml version="1.0" encoding="UTF-8"?>

<Observation xmlns="http://hl7.org/fhir">
  <id value="f001"/>
  <text>
    <status value="generated"/><div xmlns="http://www.w3.org/1999/xhtml"><p><b>Generated Narrative</b></p><p><b>identifier</b>: id: 6323 (OFFICIAL)</p><p></p><p><b>code</b>: <span title="Codes: {http://loinc.org 15074-8}">Glucose [Moles/volume] in Blood</span></p><p><b>subject</b>: <a href="Patient-ex-patient.html">Generated Summary: Jack Smith </a></p><p><b>effective</b>: Apr 2, 2013 3:30:10 AM --&gt; (ongoing)</p><p><b>issued</b>: Apr 3, 2013 9:30:10 AM</p><p><b>performer</b>: <a href="Practitioner-ex-practitioner.html">A. Langeveld. Generated Summary: Prancy Practitioner </a></p><p><b>value</b>: 6.3 mmol/l</p><p><b>interpretation</b>: <span title="Codes: {http://terminology.hl7.org/CodeSystem/v3-ObservationInterpretation H}">High</span></p><h3>ReferenceRanges</h3><table class="grid"><tr><td>-</td><td><b>Low</b></td><td><b>High</b></td></tr><tr><td>*</td><td>3.1 mmol/l</td><td>6.2 mmol/l</td></tr></table></div>
  </text>
  <identifier>
    <use value="official"/>
    <system value="http://www.bmc.nl/zorgportal/identifiers/observations"/>
    <value value="6323"/>
  </identifier>
  <status value="final"/>
  <code>
    <coding>
      <system value="http://loinc.org"/>
      <code value="15074-8"/>
      <display value="Glucose [Moles/volume] in Blood"/>
    </coding>
  </code>
  <subject>
    <reference value="Patient/ex-patient"/>
  </subject>
  <effectivePeriod>
    <start value="2013-04-02T09:30:10+01:00"/>
  </effectivePeriod>
  <issued value="2013-04-03T15:30:10+01:00"/>
  <performer>
    <reference value="Practitioner/ex-practitioner"/>
    <display value="A. Langeveld"/>
  </performer>
  <valueQuantity>
    <value value="6.3"/>
    <unit value="mmol/l"/>
    <system value="http://unitsofmeasure.org"/>
    <code value="mmol/L"/>
  </valueQuantity>
  <interpretation>
    <coding>
      <system value="http://terminology.hl7.org/CodeSystem/v3-ObservationInterpretation"/>
      <code value="H"/>
      <display value="High"/>
    </coding>
  </interpretation>
  <referenceRange>
    <low>
      <value value="3.1"/>
      <unit value="mmol/l"/>
      <system value="http://unitsofmeasure.org"/>
      <code value="mmol/L"/>
    </low>
    <high>
      <value value="6.2"/>
      <unit value="mmol/l"/>
      <system value="http://unitsofmeasure.org"/>
      <code value="mmol/L"/>
    </high>
  </referenceRange>
</Observation>