<?xml version="1.0" encoding="UTF-8"?>

<QuestionnaireResponse xmlns="http://hl7.org/fhir">
  <id value="837c030c-023c-4030-9e37-cb8b344c9036"/>
  <meta>
    <versionId value="1"/>
    <lastUpdated value="2022-01-19T20:38:09.381+00:00"/>
    <source value="#407c7b7e575b2b51"/>
    <tag>
      <system value="https://wiki.mobilehealth.va.gov/x/Onc1C"/>
      <code value="a0e116eb-faa1-4703-aafe-1a270128607a"/>
      <display value="Health Hub"/>
    </tag>
  </meta>
  <text>
    <status value="generated"/><div xmlns="http://www.w3.org/1999/xhtml"><table border="1" cellpadding="0" cellspacing="0" style="border: 1px #F0F0F0 solid; font-size: 11px; font-family: verdana; vertical-align: top;"><tr style="border: 2px #F0F0F0 solid; font-size: 11px; font-family: verdana; vertical-align: top"><th style="vertical-align: top; text-align : left; background-color: white; border: 1px #F0F0F0 solid; padding:0px 4px 0px 4px" class="hierarchy"><a href="http://hl7.org/fhir/R4/formats.html#table" title="The linkId for the item">LinkId</a></th><th style="vertical-align: top; text-align : left; background-color: white; border: 1px #F0F0F0 solid; padding:0px 4px 0px 4px" class="hierarchy"><a href="http://hl7.org/fhir/R4/formats.html#table" title="Text for the item">Text</a></th><th style="vertical-align: top; text-align : left; background-color: white; border: 1px #F0F0F0 solid; padding:0px 4px 0px 4px" class="hierarchy"><a href="http://hl7.org/fhir/R4/formats.html#table" title="Minimum and Maximum # of times the the itemcan appear in the instance">Definition</a></th><th style="vertical-align: top; text-align : left; background-color: white; border: 1px #F0F0F0 solid; padding:0px 4px 0px 4px" class="hierarchy"><a href="http://hl7.org/fhir/R4/formats.html#table" title="The type of the item">Answer</a><span style="float: right"><a href="http://hl7.org/fhir/R4/formats.html#table" title="Legend for this format"><img src="http://hl7.org/fhir/R4/help16.png" alt="doco" style="background-color: inherit"/></a></span></th></tr><tr style="border: 1px #F0F0F0 solid; padding:0px; vertical-align: top; background-color: white"><td style="vertical-align: top; text-align : left; background-color: white; border: 1px #F0F0F0 solid; padding:0px 4px 0px 4px; white-space: nowrap; background-image: url(tbl_bck1.png)" class="hierarchy"><img src="tbl_spacer.png" alt="." style="background-color: inherit" class="hierarchy"/><img src="icon_q_root.gif" alt="." style="background-color: white; background-color: inherit" title="QuestionnaireResponseRoot" class="hierarchy"/> 837c030c-023c-4030-9e37-cb8b344c9036</td><td style="vertical-align: top; text-align : left; background-color: white; border: 1px #F0F0F0 solid; padding:0px 4px 0px 4px" class="hierarchy"></td><td style="vertical-align: top; text-align : left; background-color: white; border: 1px #F0F0F0 solid; padding:0px 4px 0px 4px" class="hierarchy">QuestionnaireResponse</td><td style="vertical-align: top; text-align : left; background-color: white; border: 1px #F0F0F0 solid; padding:0px 4px 0px 4px" class="hierarchy"></td></tr>
<tr style="border: 1px #F0F0F0 solid; padding:0px; vertical-align: top; background-color: #F7F7F7"><td style="vertical-align: top; text-align : left; background-color: #F7F7F7; border: 1px #F0F0F0 solid; padding:0px 4px 0px 4px; white-space: nowrap; background-image: url(tbl_bck10.png)" class="hierarchy"><img src="tbl_spacer.png" alt="." style="background-color: inherit" class="hierarchy"/><img src="tbl_vjoin.png" alt="." style="background-color: inherit" class="hierarchy"/><img src="icon-q-string.png" alt="." style="background-color: #F7F7F7; background-color: inherit" title="Item" class="hierarchy"/> 0</td><td style="vertical-align: top; text-align : left; background-color: #F7F7F7; border: 1px #F0F0F0 solid; padding:0px 4px 0px 4px" class="hierarchy"></td><td style="vertical-align: top; text-align : left; background-color: #F7F7F7; border: 1px #F0F0F0 solid; padding:0px 4px 0px 4px" class="hierarchy"></td><td style="vertical-align: top; text-align : left; background-color: #F7F7F7; border: 1px #F0F0F0 solid; padding:0px 4px 0px 4px" class="hierarchy"><span><span><a href="https://loinc.org/LA10427-5">LOINC</a> LA10427-5: Yes - Identical</span></span></td></tr>
<tr style="border: 1px #F0F0F0 solid; padding:0px; vertical-align: top; background-color: white"><td style="vertical-align: top; text-align : left; background-color: white; border: 1px #F0F0F0 solid; padding:0px 4px 0px 4px; white-space: nowrap; background-image: url(tbl_bck10.png)" class="hierarchy"><img src="tbl_spacer.png" alt="." style="background-color: inherit" class="hierarchy"/><img src="tbl_vjoin.png" alt="." style="background-color: inherit" class="hierarchy"/><img src="icon-q-string.png" alt="." style="background-color: white; background-color: inherit" title="Item" class="hierarchy"/> 1</td><td style="vertical-align: top; text-align : left; background-color: white; border: 1px #F0F0F0 solid; padding:0px 4px 0px 4px" class="hierarchy"></td><td style="vertical-align: top; text-align : left; background-color: white; border: 1px #F0F0F0 solid; padding:0px 4px 0px 4px" class="hierarchy"></td><td style="vertical-align: top; text-align : left; background-color: white; border: 1px #F0F0F0 solid; padding:0px 4px 0px 4px" class="hierarchy"><span><span><a href="https://loinc.org/LA32-8">LOINC</a> LA32-8: No</span></span></td></tr>
<tr style="border: 1px #F0F0F0 solid; padding:0px; vertical-align: top; background-color: #F7F7F7"><td style="vertical-align: top; text-align : left; background-color: #F7F7F7; border: 1px #F0F0F0 solid; padding:0px 4px 0px 4px; white-space: nowrap; background-image: url(tbl_bck10.png)" class="hierarchy"><img src="tbl_spacer.png" alt="." style="background-color: inherit" class="hierarchy"/><img src="tbl_vjoin.png" alt="." style="background-color: inherit" class="hierarchy"/><img src="icon-q-string.png" alt="." style="background-color: #F7F7F7; background-color: inherit" title="Item" class="hierarchy"/> 2</td><td style="vertical-align: top; text-align : left; background-color: #F7F7F7; border: 1px #F0F0F0 solid; padding:0px 4px 0px 4px" class="hierarchy"></td><td style="vertical-align: top; text-align : left; background-color: #F7F7F7; border: 1px #F0F0F0 solid; padding:0px 4px 0px 4px" class="hierarchy"></td><td style="vertical-align: top; text-align : left; background-color: #F7F7F7; border: 1px #F0F0F0 solid; padding:0px 4px 0px 4px" class="hierarchy"></td></tr>
<tr style="border: 1px #F0F0F0 solid; padding:0px; vertical-align: top; background-color: white"><td style="vertical-align: top; text-align : left; background-color: white; border: 1px #F0F0F0 solid; padding:0px 4px 0px 4px; white-space: nowrap; background-image: url(tbl_bck00.png)" class="hierarchy"><img src="tbl_spacer.png" alt="." style="background-color: inherit" class="hierarchy"/><img src="tbl_vjoin_end.png" alt="." style="background-color: inherit" class="hierarchy"/><img src="icon-q-string.png" alt="." style="background-color: white; background-color: inherit" title="Item" class="hierarchy"/> 3</td><td style="vertical-align: top; text-align : left; background-color: white; border: 1px #F0F0F0 solid; padding:0px 4px 0px 4px" class="hierarchy"></td><td style="vertical-align: top; text-align : left; background-color: white; border: 1px #F0F0F0 solid; padding:0px 4px 0px 4px" class="hierarchy"></td><td style="vertical-align: top; text-align : left; background-color: white; border: 1px #F0F0F0 solid; padding:0px 4px 0px 4px" class="hierarchy"></td></tr>
<tr><td colspan="4" class="hierarchy"><br/><a href="http://hl7.org/fhir/R4/formats.html#table" title="Legend for this format"><img src="http://hl7.org/fhir/R4/help16.png" alt="doco" style="background-color: inherit"/> Documentation for this format</a></td></tr></table></div>
  </text>
  <questionnaire value="https://smhd2.mapsandbox.net/smart-pgd-fhir/v2/Questionnaire/40d9ad61-e6f1-423e-ab19-d710e7bb649f"/>
  <status value="in-progress"/>
  <subject>
    <reference value="FamilyMemberHistory/12db5508-b375-49a1-a8e1-558ad8448600"/>
  </subject>
  <author>
    <reference value="Patient/b694c410-9d06-4dd8-bb32-760c4275a3e4"/>
  </author>
  <item>
    <linkId value="0"/>
    <answer>
      <valueCoding>
        <system value="http://loinc.org"/>
        <code value="LA10427-5"/>
        <display value="Yes - Identical"/>
        <userSelected value="true"/>
      </valueCoding>
    </answer>
  </item>
  <item>
    <linkId value="1"/>
    <answer>
      <valueCoding>
        <system value="http://loinc.org"/>
        <code value="LA32-8"/>
        <display value="No"/>
        <userSelected value="true"/>
      </valueCoding>
    </answer>
  </item>
  <item>
    <linkId value="2"/>
    <answer>
      <valueCoding>
        <system value="https://terminology.hl7.org/3.0.0/CodeSystem-v3-Race.html"/>
        <code value="1002-5"/>
        <display value="American Indian or Alaska Native"/>
        <userSelected value="true"/>
      </valueCoding>
    </answer>
    <answer>
      <valueCoding>
        <system value="https://terminology.hl7.org/3.0.0/CodeSystem-v3-Race.html"/>
        <code value="2029-7"/>
        <display value="Asian Indian"/>
        <userSelected value="true"/>
      </valueCoding>
    </answer>
    <answer>
      <valueCoding>
        <system value="https://terminology.hl7.org/3.0.0/CodeSystem-v3-Race.html"/>
        <code value="2034-7"/>
        <display value="Chinese"/>
        <userSelected value="true"/>
      </valueCoding>
    </answer>
    <answer>
      <valueCoding>
        <system value="https://terminology.hl7.org/3.0.0/CodeSystem-v3-Race.html"/>
        <code value="2036-2"/>
        <display value="Filipino"/>
        <userSelected value="true"/>
      </valueCoding>
    </answer>
    <answer>
      <valueCoding>
        <system value="https://terminology.hl7.org/3.0.0/CodeSystem-v3-Race.html"/>
        <code value="2039-6"/>
        <display value="Japanese"/>
        <userSelected value="true"/>
      </valueCoding>
    </answer>
    <answer>
      <valueCoding>
        <system value="https://terminology.hl7.org/3.0.0/CodeSystem-v3-Race.html"/>
        <code value="2040-4"/>
        <display value="Korean"/>
        <userSelected value="true"/>
      </valueCoding>
    </answer>
    <answer>
      <valueCoding>
        <system value="https://terminology.hl7.org/3.0.0/CodeSystem-v3-Race.html"/>
        <code value="2047-9"/>
        <display value="Vietnamese"/>
        <userSelected value="true"/>
      </valueCoding>
    </answer>
    <answer>
      <valueCoding>
        <system value="https://terminology.hl7.org/3.0.0/CodeSystem-v3-Race.html"/>
        <code value="2028-9"/>
        <display value="Unknown Asian"/>
        <userSelected value="true"/>
      </valueCoding>
    </answer>
    <answer>
      <valueCoding>
        <system value="http://snomed.info/sct"/>
        <code value="315281001"/>
        <display value="Other Asian"/>
        <userSelected value="true"/>
      </valueCoding>
    </answer>
    <answer>
      <valueCoding>
        <system value="https://terminology.hl7.org/3.0.0/CodeSystem-v3-Race.html"/>
        <code value="2054-5"/>
        <display value="Black or African-American"/>
        <userSelected value="true"/>
      </valueCoding>
    </answer>
    <answer>
      <valueCoding>
        <system value="https://terminology.hl7.org/3.0.0/CodeSystem-v3-Race.html"/>
        <code value="2088-3"/>
        <display value="Chamorro"/>
        <userSelected value="true"/>
      </valueCoding>
    </answer>
    <answer>
      <valueCoding>
        <system value="https://terminology.hl7.org/3.0.0/CodeSystem-v3-Race.html"/>
        <code value="2087-5"/>
        <display value="Guamanian"/>
        <userSelected value="true"/>
      </valueCoding>
    </answer>
    <answer>
      <valueCoding>
        <system value="https://terminology.hl7.org/3.0.0/CodeSystem-v3-Race.html"/>
        <code value="2079-2"/>
        <display value="Native Hawaiian"/>
        <userSelected value="true"/>
      </valueCoding>
    </answer>
    <answer>
      <valueCoding>
        <system value="https://terminology.hl7.org/3.0.0/CodeSystem-v3-Race.html"/>
        <code value="2080-0"/>
        <display value="Samoan"/>
        <userSelected value="true"/>
      </valueCoding>
    </answer>
    <answer>
      <valueCoding>
        <system value="https://terminology.hl7.org/3.0.0/CodeSystem-v3-Race.html"/>
        <code value="2076-8"/>
        <display value="Unknown South Pacific Islander"/>
        <userSelected value="true"/>
      </valueCoding>
    </answer>
    <answer>
      <valueCoding>
        <system value="https://terminology.hl7.org/3.0.0/CodeSystem-v3-Race.html"/>
        <code value="2106-3"/>
        <display value="White"/>
        <userSelected value="true"/>
      </valueCoding>
    </answer>
  </item>
  <item>
    <linkId value="3"/>
    <answer>
      <valueCoding>
        <system value="http://terminology.hl7.org/CodeSystem/v3-Ethnicity"/>
        <code value="2135-2"/>
        <display value="Hispanic"/>
        <userSelected value="true"/>
      </valueCoding>
    </answer>
    <answer>
      <valueCoding>
        <system value="http://terminology.hl7.org/CodeSystem/v3-Ethnicity"/>
        <code value="2155-0"/>
        <display value="Central American"/>
        <userSelected value="true"/>
      </valueCoding>
    </answer>
    <answer>
      <valueCoding>
        <system value="http://terminology.hl7.org/CodeSystem/v3-Ethnicity"/>
        <code value="2182-4"/>
        <display value="Cuban"/>
        <userSelected value="true"/>
      </valueCoding>
    </answer>
    <answer>
      <valueCoding>
        <system value="http://terminology.hl7.org/CodeSystem/v3-Ethnicity"/>
        <code value="2184-0"/>
        <display value="Dominican"/>
        <userSelected value="true"/>
      </valueCoding>
    </answer>
    <answer>
      <valueCoding>
        <system value="http://terminology.hl7.org/CodeSystem/v3-Ethnicity"/>
        <code value="2148-5"/>
        <display value="Mexican"/>
        <userSelected value="true"/>
      </valueCoding>
    </answer>
    <answer>
      <valueCoding>
        <system value="http://loinc.org"/>
        <code value="LA26078-8"/>
        <display value="Other Hispanic"/>
        <userSelected value="true"/>
      </valueCoding>
    </answer>
    <answer>
      <valueCoding>
        <system value="http://terminology.hl7.org/CodeSystem/v3-Ethnicity"/>
        <code value="2180-8"/>
        <display value="Puerto Rican"/>
        <userSelected value="true"/>
      </valueCoding>
    </answer>
    <answer>
      <valueCoding>
        <system value="http://terminology.hl7.org/CodeSystem/v3-Ethnicity"/>
        <code value="2165-9"/>
        <display value="South American"/>
        <userSelected value="true"/>
      </valueCoding>
    </answer>
    <answer>
      <valueCoding>
        <system value="http://snomed.info/sct"/>
        <code value="81706006"/>
        <display value="Ashkenazi Jewish"/>
        <userSelected value="true"/>
      </valueCoding>
    </answer>
    <answer>
      <valueCoding>
        <system value="http://terminology.hl7.org/CodeSystem/v3-Ethnicity"/>
        <code value="2186-5"/>
        <display value="Not Hispanic or Latino"/>
        <userSelected value="true"/>
      </valueCoding>
    </answer>
  </item>
</QuestionnaireResponse>