<?xml version="1.0" encoding="UTF-8"?>

<ValueSet xmlns="http://hl7.org/fhir">
  <id value="mhv-body-temperature-sites"/>
  <text>
    <status value="generated"/><div xmlns="http://www.w3.org/1999/xhtml"><ul><li>Include these codes as defined in <a href="http://www.snomed.org/"><code>http://snomed.info/sct</code></a><table class="none"><tr><td style="white-space:nowrap"><b>Code</b></td><td><b>Display</b></td></tr><tr><td><a href="http://snomed.info/id/422005">422005</a></td><td>Inferior surface of tongue</td></tr><tr><td><a href="http://snomed.info/id/362732006">362732006</a></td><td>Entire axillary region</td></tr><tr><td><a href="http://snomed.info/id/1910005">1910005</a></td><td>Entire ear</td></tr><tr><td><a href="http://snomed.info/id/21082005">21082005</a></td><td>Entire mouth region</td></tr><tr><td><a href="http://snomed.info/id/181261002">181261002</a></td><td>Entire rectum</td></tr><tr><td><a href="http://snomed.info/id/39937001">39937001</a></td><td>Skin structure</td></tr><tr><td><a href="http://snomed.info/id/362620003">362620003</a></td><td>Entire temporal region</td></tr><tr><td><a href="http://snomed.info/id/89837001">89837001</a></td><td>Urinary bladder structure</td></tr></table></li></ul></div>
  </text>
  <extension url="http://hl7.org/fhir/StructureDefinition/structuredefinition-fmm">
    <valueInteger value="2">
      <extension url="http://hl7.org/fhir/StructureDefinition/structuredefinition-conformance-derivedFrom">
        <valueCanonical value="https://johnmoehrke.github.io/MHV-PGHD/ImplementationGuide/va.mhv.example"/>
      </extension>
    </valueInteger>
  </extension>
  <extension url="http://hl7.org/fhir/StructureDefinition/structuredefinition-standards-status">
    <valueCode value="trial-use">
      <extension url="http://hl7.org/fhir/StructureDefinition/structuredefinition-conformance-derivedFrom">
        <valueCanonical value="https://johnmoehrke.github.io/MHV-PGHD/ImplementationGuide/va.mhv.example"/>
      </extension>
    </valueCode>
  </extension>
  <url value="https://johnmoehrke.github.io/MHV-PGHD/ValueSet/mhv-body-temperature-sites"/>
  <version value="0.2.9-beta"/>
  <name value="MHVbodyTemperatureSites"/>
  <title value="The body temperature measurement sites that MHV supports"/>
  <status value="active"/>
  <experimental value="false"/>
  <date value="2023-02-16T09:21:54-06:00"/>
  <publisher value="John Moehrke (himself)"/>
  <contact>
    <name value="John Moehrke (himself)"/>
    <telecom>
      <system value="url"/>
      <value value="http://healthcaresecprivacy.blogspot.com"/>
    </telecom>
    <telecom>
      <system value="email"/>
      <value value="JohnMoehrke@gmail.com"/>
    </telecom>
  </contact>
  <contact>
    <name value="John Moehrke (himself)"/>
    <telecom>
      <system value="email"/>
      <value value="JohnMoehrke@gmail.com"/>
    </telecom>
  </contact>
  <description value="These are the SNOMED body sites that MHV supports."/>
  <jurisdiction>
    <coding>
      <system value="urn:iso:std:iso:3166"/>
      <code value="US"/>
    </coding>
  </jurisdiction>
  <compose>
    <include>
      <system value="http://snomed.info/sct"/>
      <concept>
        <code value="422005"/>
        <display value="Inferior surface of tongue"/>
      </concept>
      <concept>
        <code value="362732006"/>
        <display value="Entire axillary region"/>
      </concept>
      <concept>
        <code value="1910005"/>
        <display value="Entire ear"/>
      </concept>
      <concept>
        <code value="21082005"/>
        <display value="Entire mouth region"/>
      </concept>
      <concept>
        <code value="181261002"/>
        <display value="Entire rectum"/>
      </concept>
      <concept>
        <code value="39937001"/>
        <display value="Skin structure"/>
      </concept>
      <concept>
        <code value="362620003"/>
        <display value="Entire temporal region"/>
      </concept>
      <concept>
        <code value="89837001"/>
        <display value="Urinary bladder structure"/>
      </concept>
    </include>
  </compose>
</ValueSet>