<?xml version="1.0" encoding="UTF-8"?>

<ValueSet xmlns="http://hl7.org/fhir">
  <id value="mhv-body-temperatures"/>
  <text>
    <status value="generated"/><div xmlns="http://www.w3.org/1999/xhtml"><ul><li>Include these codes as defined in <a href="http://unitsofmeasure.org"><code>http://unitsofmeasure.org</code></a><table class="none"><tr><td style="white-space:nowrap"><b>Code</b></td><td><b>Display</b></td></tr><tr><td>[degF]</td><td>degree Fahrenheit</td></tr><tr><td>Cel</td><td>degree Celsius</td></tr></table></li></ul></div>
  </text>
  <url value="https://johnmoehrke.github.io/MHV-PGHD/ValueSet/mhv-body-temperatures"/>
  <version value="0.2.3"/>
  <name value="MHVbodyTemperatures"/>
  <title value="The body temperature measurement types that MHV supports"/>
  <status value="active"/>
  <date value="2020-11-25T13:31:34-06:00"/>
  <contact>
    <name value="John Moehrke"/>
  </contact>
  <description value="These are the UCUM types that MHV supports."/>
  <compose>
    <include>
      <system value="http://unitsofmeasure.org"/>
      <concept>
        <code value="[degF]"/>
        <display value="degree Fahrenheit"/>
      </concept>
      <concept>
        <code value="Cel"/>
        <display value="degree Celsius"/>
      </concept>
    </include>
  </compose>
</ValueSet>