<?xml version="1.0" encoding="UTF-8"?><CapabilityStatement xmlns="http://hl7.org/fhir"><id value="MHVcapabilities"/><text><status value="extensions"/><div xmlns="http://www.w3.org/1999/xhtml"><h2 id="title">This indicates how MHV uses PGHD</h2><ul><li>Implementation Guide Version: 0.2.10-beta</li><li>FHIR Version: 4.0.1</li><li>Supported Formats: <code>application/fhir+json</code></li><li>Supported Patch Formats: </li><li>Published on: Thu Oct 27 00:00:00 CDT 2022</li><li>Published by: John Moehrke (himself)</li></ul><blockquote class="impl-note"><p><strong>Note to Implementers: FHIR Capabilities</strong></p><p>Any FHIR capability may be 'allowed' by the system unless explicitly marked as &quot;SHALL NOT&quot;. A few items are marked as MAY in the Implementation Guide to highlight their potential relevance to the use case.</p></blockquote><h2 id="rest">FHIR RESTful Capabilities</h2><div class="panel panel-default"><div class="panel-heading"><h3 id="mode1" class="panel-title">Mode: <code>client</code></h3></div><div class="panel-body"><div><p>MHV queries the PGHD endpoint.</p>
</div><div class="lead"><em>Security</em></div><blockquote><div><p>Security is system level, PGHD presumes MHV properly handles user (as patient) rights</p>
</div></blockquote><div class="lead"><em>Summary of System-wide Interactions</em></div><ul><li>Supports the <code>search-system</code> interaction.</li></ul></div></div><h3 id="resourcesCap1">Capabilities by Resource/Profile</h3><h4 id="resourcesSummary1">Summary</h4><p>The summary table lists the resources that are part of this configuration, and for each resource it lists:</p><ul><li>The relevant profiles (if any)</li><li>The interactions supported by each resource (<b><span class="bg-info">R</span></b>ead, <b><span class="bg-info">S</span></b>earch, <b><span class="bg-info">U</span></b>pdate, and <b><span class="bg-info">C</span></b>reate, are always shown, while <b><span class="bg-info">VR</span></b>ead, <b><span class="bg-info">P</span></b>atch, <b><span class="bg-info">D</span></b>elete, <b><span class="bg-info">H</span></b>istory on <b><span class="bg-info">I</span></b>nstance, or <b><span class="bg-info">H</span></b>istory on <b><span class="bg-info">T</span></b>ype are only present if at least one of the resources has support for them.</li><li><span>The required, recommended, and some optional search parameters (if any). </span></li><li>The linked resources enabled for <code>_include</code></li><li>The other resources enabled for <code>_revinclude</code></li><li>The operations on the resource (if any)</li></ul><div class="table-responsive"><table class="table table-condensed table-hover"><thead><tr><th><b>Resource Type</b></th><th><b>Profile</b></th><th class="text-center"><b title="GET a resource (read interaction)">R</b></th><th class="text-center"><b title="GET all set of resources of the type (search interaction)">S</b></th><th class="text-center"><b title="PUT a new resource version (update interaction)">U</b></th><th class="text-center"><b title="POST a new resource (create interaction)">C</b></th><th><b title="Required and recommended search parameters">Searches</b></th><th><code><b>_include</b></code></th><th><code><b>_revinclude</b></code></th><th><b>Operations</b></th></tr></thead><tbody><tr><td><a href="#Observation1-1">Observation</a></td><td>Supported profiles:<br/>  <a href="StructureDefinition-VA.MHV.bloodPressure.html">VA MHV Blood Pressure Observation</a><br/>  <a href="StructureDefinition-VA.MHV.bloodSugar.html">VA MHV Blood Sugar Observation</a><br/>  <a href="StructureDefinition-VA.MHV.bodyTemperature.html">VA MHV Body Temperature Observation</a><br/>  <a href="StructureDefinition-VA.MHV.bodyWeight.html">VA MHV BodyWeight Observation</a><br/>  <a href="StructureDefinition-VA.MHV.heartRate.html">VA MHV HeartRate Observation</a><br/>  <a href="StructureDefinition-VA.MHV.pain.html">VA MHV Pain Observation</a><br/>  <a href="StructureDefinition-VA.MHV.bloodOxygenSat.html">VA MHV Blood Oxygen Saturation Observation</a><br/>  <a href="StructureDefinition-VA.MHV.respirationRate.html">VA MHV Respiration Rate Observation</a></td><td>y</td><td class="text-center">y</td><td class="text-center"></td><td class="text-center">y</td><td>patient.identifier, code, _sort, _count, _pretty, _format</td><td/><td/><td/></tr></tbody></table></div><hr/><div class="panel panel-default"><div class="panel-heading"><h4 id="Observation1-1" class="panel-title"><span style="float: right;">Resource Conformance: supported</span>Observation</h4></div><div class="panel-body"><div class="container"><div class="row"><div class="col-lg-4"><span class="lead">Core FHIR Resource</span><br/><a href="http://hl7.org/fhir/R4/observation.html">Observation</a></div><div class="col-lg-4"><span class="lead">Reference Policy</span><br/></div><div class="col-lg-4"><span class="lead">Interaction summary</span><br/><ul><li>Supports <code>search-type</code>, <code>read</code>, <code>create</code>.</li></ul></div></div><p/><div class="row"><div class="col-6"><span class="lead">Supported Profiles</span><p><a href="StructureDefinition-VA.MHV.bloodPressure.html">https://johnmoehrke.github.io/MHV-PGHD/StructureDefinition/VA.MHV.bloodPressure</a><br/><a href="StructureDefinition-VA.MHV.bloodSugar.html">https://johnmoehrke.github.io/MHV-PGHD/StructureDefinition/VA.MHV.bloodSugar</a><br/><a href="StructureDefinition-VA.MHV.bodyTemperature.html">https://johnmoehrke.github.io/MHV-PGHD/StructureDefinition/VA.MHV.bodyTemperature</a><br/><a href="StructureDefinition-VA.MHV.bodyWeight.html">https://johnmoehrke.github.io/MHV-PGHD/StructureDefinition/VA.MHV.bodyWeight</a><br/><a href="StructureDefinition-VA.MHV.heartRate.html">https://johnmoehrke.github.io/MHV-PGHD/StructureDefinition/VA.MHV.heartRate</a><br/><a href="StructureDefinition-VA.MHV.pain.html">https://johnmoehrke.github.io/MHV-PGHD/StructureDefinition/VA.MHV.pain</a><br/><a href="StructureDefinition-VA.MHV.bloodOxygenSat.html">https://johnmoehrke.github.io/MHV-PGHD/StructureDefinition/VA.MHV.bloodOxygenSat</a><br/><a href="StructureDefinition-VA.MHV.respirationRate.html">https://johnmoehrke.github.io/MHV-PGHD/StructureDefinition/VA.MHV.respirationRate</a></p></div></div><p/><div class="row"><div class="col-12"><span class="lead">Documentation</span><blockquote><div><p>MHV <a href="https://johnmoehrke.github.io/MHV-PGHD/index.html">PGHD use</a></p>
</div></blockquote></div></div><div class="row"><div class="col-lg-7"><span class="lead">Search Parameters</span><table class="table table-condensed table-hover"><thead><tr><th>Conformance</th><th>Parameter</th><th>Type</th><th>Documentation</th></tr></thead><tbody><tr><td><b>SHALL</b></td><td>patient.identifier</td><td><code>token</code></td><td><div/></td></tr><tr><td><b>SHALL</b></td><td>code</td><td><code>token</code></td><td><div/></td></tr><tr><td><b>SHALL</b></td><td>_sort</td><td><code>string</code></td><td><div/></td></tr><tr><td><b>SHALL</b></td><td>_count</td><td><code>number</code></td><td><div/></td></tr><tr><td><b>SHALL</b></td><td>_pretty</td><td><code>string</code></td><td><div/></td></tr><tr><td><b>SHALL</b></td><td>_format</td><td><code>uri</code></td><td><div/></td></tr></tbody></table></div><div class="col-lg-5"> </div></div></div></div></div></div></text><extension url="http://hl7.org/fhir/StructureDefinition/structuredefinition-fmm"><valueInteger value="2"><extension url="http://hl7.org/fhir/StructureDefinition/structuredefinition-conformance-derivedFrom"><valueCanonical value="https://johnmoehrke.github.io/MHV-PGHD/ImplementationGuide/va.mhv.example"/></extension></valueInteger></extension><extension url="http://hl7.org/fhir/StructureDefinition/structuredefinition-standards-status"><valueCode value="trial-use"><extension url="http://hl7.org/fhir/StructureDefinition/structuredefinition-conformance-derivedFrom"><valueCanonical value="https://johnmoehrke.github.io/MHV-PGHD/ImplementationGuide/va.mhv.example"/></extension></valueCode></extension><url value="https://johnmoehrke.github.io/MHV-PGHD/CapabilityStatement/MHVcapabilities"/><version value="0.2.10-beta"/><name value="MHV_uses_PGHD"/><title value="This indicates how MHV uses PGHD"/><status value="active"/><experimental value="false"/><date value="2022-10-27"/><publisher value="John Moehrke (himself)"/><contact><name value="John Moehrke (himself)"/><telecom><system value="url"/><value value="http://healthcaresecprivacy.blogspot.com"/></telecom><telecom><system value="email"/><value value="JohnMoehrke@gmail.com"/></telecom></contact><contact><name value="John Moehrke (himself)"/><telecom><system value="email"/><value value="JohnMoehrke@gmail.com"/></telecom></contact><description value="CapabilityStatement prototype for MHV as a FHIR Client"/><jurisdiction><coding><system value="urn:iso:std:iso:3166"/><code value="US"/></coding></jurisdiction><kind value="instance"/><implementation><description value="MyHealtheVet"/><url value="https://www.myhealth.va.gov/"/></implementation><fhirVersion value="4.0.1"/><format value="application/fhir+json"/><rest><mode value="client"/><documentation value="MHV queries the PGHD endpoint."/><security><cors value="false"/><description value="Security is system level, PGHD presumes MHV properly handles user (as patient) rights"/></security><resource><type value="Observation"/><supportedProfile value="https://johnmoehrke.github.io/MHV-PGHD/StructureDefinition/VA.MHV.bloodPressure"/><supportedProfile value="https://johnmoehrke.github.io/MHV-PGHD/StructureDefinition/VA.MHV.bloodSugar"/><supportedProfile value="https://johnmoehrke.github.io/MHV-PGHD/StructureDefinition/VA.MHV.bodyTemperature"/><supportedProfile value="https://johnmoehrke.github.io/MHV-PGHD/StructureDefinition/VA.MHV.bodyWeight"/><supportedProfile value="https://johnmoehrke.github.io/MHV-PGHD/StructureDefinition/VA.MHV.heartRate"/><supportedProfile value="https://johnmoehrke.github.io/MHV-PGHD/StructureDefinition/VA.MHV.pain"/><supportedProfile value="https://johnmoehrke.github.io/MHV-PGHD/StructureDefinition/VA.MHV.bloodOxygenSat"/><supportedProfile value="https://johnmoehrke.github.io/MHV-PGHD/StructureDefinition/VA.MHV.respirationRate"/><documentation value="MHV [PGHD use](https://johnmoehrke.github.io/MHV-PGHD/index.html)"/><interaction><code value="search-type"/></interaction><interaction><code value="read"/></interaction><interaction><code value="create"/></interaction><searchParam><name value="patient.identifier"/><type value="token"/></searchParam><searchParam><name value="code"/><type value="token"/></searchParam><searchParam><name value="_sort"/><type value="string"/></searchParam><searchParam><name value="_count"/><type value="number"/></searchParam><searchParam><name value="_pretty"/><type value="string"/></searchParam><searchParam><name value="_format"/><type value="uri"/></searchParam></resource><interaction><code value="search-system"/></interaction></rest></CapabilityStatement>