<?xml version="1.0" encoding="UTF-8"?><CapabilityStatement xmlns="http://hl7.org/fhir"><id value="MHVcapabilities"/><text><status value="extensions"/><div xmlns="http://www.w3.org/1999/xhtml"><h2>MHV_uses_PGHD</h2><div><p>CapabilityStatement prototype for MHV as a FHIR Client</p>
</div><table><tr><td>Mode</td><td>CLIENT</td></tr><tr><td>Description</td><td><div><p>MHV queries the PGHD endpoint.</p>
</div></td></tr><tr><td>Transaction</td><td></td></tr><tr><td>System History</td><td></td></tr><tr><td>System Search</td><td>y</td></tr></table><table><tr><th><b>Resource Type</b></th><th><b>Profile</b></th><th><b title="GET a resource (read interaction)">Read</b></th><th><b title="GET all set of resources of the type (search interaction)">Search</b></th><th><b title="PUT a new resource version (update interaction)">Update</b></th><th><b title="POST a new resource (create interaction)">Create</b></th></tr><tr><td>Observation</td><td>Supported profiles:<br/>  <a href="https://johnmoehrke.github.io/MHV-PGHD/StructureDefinition/VA.MHV.bloodPressure">https://johnmoehrke.github.io/MHV-PGHD/StructureDefinition/VA.MHV.bloodPressure</a><br/>  <a href="https://johnmoehrke.github.io/MHV-PGHD/StructureDefinition/VA.MHV.bloodSugar">https://johnmoehrke.github.io/MHV-PGHD/StructureDefinition/VA.MHV.bloodSugar</a><br/>  <a href="https://johnmoehrke.github.io/MHV-PGHD/StructureDefinition/VA.MHV.bodyTemperature">https://johnmoehrke.github.io/MHV-PGHD/StructureDefinition/VA.MHV.bodyTemperature</a><br/>  <a href="https://johnmoehrke.github.io/MHV-PGHD/StructureDefinition/VA.MHV.bodyWeight">https://johnmoehrke.github.io/MHV-PGHD/StructureDefinition/VA.MHV.bodyWeight</a><br/>  <a href="https://johnmoehrke.github.io/MHV-PGHD/StructureDefinition/VA.MHV.heartRate">https://johnmoehrke.github.io/MHV-PGHD/StructureDefinition/VA.MHV.heartRate</a><br/>  <a href="https://johnmoehrke.github.io/MHV-PGHD/StructureDefinition/VA.MHV.pain">https://johnmoehrke.github.io/MHV-PGHD/StructureDefinition/VA.MHV.pain</a><br/>  <a href="https://johnmoehrke.github.io/MHV-PGHD/StructureDefinition/VA.MHV.bloodOxygenSat">https://johnmoehrke.github.io/MHV-PGHD/StructureDefinition/VA.MHV.bloodOxygenSat</a><br/>  <a href="https://johnmoehrke.github.io/MHV-PGHD/StructureDefinition/VA.MHV.respirationRate">https://johnmoehrke.github.io/MHV-PGHD/StructureDefinition/VA.MHV.respirationRate</a></td><td>y</td><td>y</td><td>y</td><td>y</td></tr></table></div></text><extension url="http://hl7.org/fhir/StructureDefinition/structuredefinition-fmm"><valueInteger value="2"><extension url="http://hl7.org/fhir/StructureDefinition/structuredefinition-conformance-derivedFrom"><valueCanonical value="https://johnmoehrke.github.io/MHV-PGHD/ImplementationGuide/va.mhv.example"/></extension></valueInteger></extension><extension url="http://hl7.org/fhir/StructureDefinition/structuredefinition-standards-status"><valueCode value="trial-use"><extension url="http://hl7.org/fhir/StructureDefinition/structuredefinition-conformance-derivedFrom"><valueCanonical value="https://johnmoehrke.github.io/MHV-PGHD/ImplementationGuide/va.mhv.example"/></extension></valueCode></extension><url value="https://johnmoehrke.github.io/MHV-PGHD/CapabilityStatement/MHVcapabilities"/><version value="0.2.9-beta"/><name value="MHV_uses_PGHD"/><title value="This indicates how MHV uses PGHD"/><status value="active"/><experimental value="false"/><date value="2022-10-27"/><publisher value="John Moehrke (himself)"/><contact><name value="John Moehrke (himself)"/><telecom><system value="url"/><value value="http://healthcaresecprivacy.blogspot.com"/></telecom><telecom><system value="email"/><value value="JohnMoehrke@gmail.com"/></telecom></contact><contact><name value="John Moehrke (himself)"/><telecom><system value="email"/><value value="JohnMoehrke@gmail.com"/></telecom></contact><description value="CapabilityStatement prototype for MHV as a FHIR Client"/><jurisdiction><coding><system value="urn:iso:std:iso:3166"/><code value="US"/></coding></jurisdiction><kind value="instance"/><implementation><description value="MyHealtheVet"/><url value="https://www.myhealth.va.gov/"/></implementation><fhirVersion value="4.0.1"/><format value="application/fhir+json"/><rest><mode value="client"/><documentation value="MHV queries the PGHD endpoint."/><security><cors value="false"/><description value="Security is system level, PGHD presumes MHV properly handles user (as patient) rights"/></security><resource><type value="Observation"/><supportedProfile value="https://johnmoehrke.github.io/MHV-PGHD/StructureDefinition/VA.MHV.bloodPressure"/><supportedProfile value="https://johnmoehrke.github.io/MHV-PGHD/StructureDefinition/VA.MHV.bloodSugar"/><supportedProfile value="https://johnmoehrke.github.io/MHV-PGHD/StructureDefinition/VA.MHV.bodyTemperature"/><supportedProfile value="https://johnmoehrke.github.io/MHV-PGHD/StructureDefinition/VA.MHV.bodyWeight"/><supportedProfile value="https://johnmoehrke.github.io/MHV-PGHD/StructureDefinition/VA.MHV.heartRate"/><supportedProfile value="https://johnmoehrke.github.io/MHV-PGHD/StructureDefinition/VA.MHV.pain"/><supportedProfile value="https://johnmoehrke.github.io/MHV-PGHD/StructureDefinition/VA.MHV.bloodOxygenSat"/><supportedProfile value="https://johnmoehrke.github.io/MHV-PGHD/StructureDefinition/VA.MHV.respirationRate"/><documentation value="MHV [PGHD use](https://johnmoehrke.github.io/MHV-PGHD/index.html)"/><interaction><code value="search-type"/></interaction><interaction><code value="read"/></interaction><interaction><code value="create"/></interaction><interaction><code value="update"/></interaction><searchParam><name value="patient.identifier"/><type value="token"/></searchParam><searchParam><name value="code"/><type value="token"/></searchParam><searchParam><name value="_sort"/><type value="string"/></searchParam><searchParam><name value="_count"/><type value="number"/></searchParam><searchParam><name value="_pretty"/><type value="string"/></searchParam><searchParam><name value="_format"/><type value="uri"/></searchParam></resource><interaction><code value="search-system"/></interaction></rest></CapabilityStatement>