<?xml version="1.0" encoding="UTF-8"?><CodeSystem xmlns="http://hl7.org/fhir"><id value="CPM"/><text><status value="generated"/><div xmlns="http://www.w3.org/1999/xhtml"><p>This code system <code>https://wiki.mobilehealth.va.gov/display/PGDMS/Client+Provenance+Mapping</code> defines the following codes:</p><table class="codes"><tr><td style="white-space:nowrap"><b>Code</b></td><td><b>Display</b></td></tr><tr><td style="white-space:nowrap">1e11b692-1898-4351-a7c5-428f61c91817<a name="CPM-1e11b692-1898-4351-a7c5-428f61c91817"> </a></td><td>MobileKidney</td></tr></table></div></text><extension url="http://hl7.org/fhir/StructureDefinition/structuredefinition-fmm"><valueInteger value="2"><extension url="http://hl7.org/fhir/StructureDefinition/structuredefinition-conformance-derivedFrom"><valueCanonical value="https://johnmoehrke.github.io/MHV-PGHD/ImplementationGuide/va.mhv.example"/></extension></valueInteger></extension><extension url="http://hl7.org/fhir/StructureDefinition/structuredefinition-standards-status"><valueCode value="trial-use"><extension url="http://hl7.org/fhir/StructureDefinition/structuredefinition-conformance-derivedFrom"><valueCanonical value="https://johnmoehrke.github.io/MHV-PGHD/ImplementationGuide/va.mhv.example"/></extension></valueCode></extension><url value="https://wiki.mobilehealth.va.gov/display/PGDMS/Client+Provenance+Mapping"/><version value="0.2.9-beta"/><name value="AppIdCodesToo"/><title value="PGD other apps"/><status value="active"/><experimental value="false"/><date value="2023-01-10T10:51:33-06:00"/><publisher value="John Moehrke (himself)"/><contact><name value="John Moehrke (himself)"/><telecom><system value="url"/><value value="http://healthcaresecprivacy.blogspot.com"/></telecom><telecom><system value="email"/><value value="JohnMoehrke@gmail.com"/></telecom></contact><contact><name value="John Moehrke (himself)"/><telecom><system value="email"/><value value="JohnMoehrke@gmail.com"/></telecom></contact><description value="Seems to be used by Mobile Kidney"/><jurisdiction><coding><system value="urn:iso:std:iso:3166"/><code value="US"/></coding></jurisdiction><caseSensitive value="true"/><content value="complete"/><count value="1"/><concept><code value="1e11b692-1898-4351-a7c5-428f61c91817"/><display value="MobileKidney"/></concept></CodeSystem>