<?xml version="1.0" encoding="UTF-8"?><CodeSystem xmlns="http://hl7.org/fhir"><id value="OnclC"/><text><status value="generated"/><div xmlns="http://www.w3.org/1999/xhtml"><p>This code system <code>https://wiki.mobilehealth.va.gov/x/Onc1C</code> defines the following codes:</p><table class="codes"><tr><td style="white-space:nowrap"><b>Code</b></td><td><b>Display</b></td></tr><tr><td style="white-space:nowrap">2ce6d9aa-c068-4809-8dda-662bcb16d09a<a name="OnclC-2ce6d9aa-c068-4809-8dda-662bcb16d09a"> </a></td><td>MyHealtheVet</td></tr></table></div></text><url value="https://wiki.mobilehealth.va.gov/x/Onc1C"/><version value="0.2.8-beta"/><name value="AppIdCodes"/><title value="PGD apps"/><status value="active"/><experimental value="false"/><date value="2022-10-19T16:12:15-05:00"/><publisher value="John Moehrke (himself)"/><contact><name value="John Moehrke (himself)"/><telecom><system value="url"/><value value="http://healthcaresecprivacy.blogspot.com"/></telecom><telecom><system value="email"/><value value="JohnMoehrke@gmail.com"/></telecom></contact><contact><name value="John Moehrke (himself)"/><telecom><system value="email"/><value value="JohnMoehrke@gmail.com"/></telecom></contact><description value="App identifiers for use with PGD"/><jurisdiction><coding><system value="urn:iso:std:iso:3166"/><code value="US"/></coding></jurisdiction><caseSensitive value="true"/><content value="complete"/><count value="1"/><concept><code value="2ce6d9aa-c068-4809-8dda-662bcb16d09a"/><display value="MyHealtheVet"/></concept></CodeSystem>