<?xml version="1.0" encoding="UTF-8"?><CodeSystem xmlns="http://hl7.org/fhir"><id value="CPM"/><text><status value="generated"/><div xmlns="http://www.w3.org/1999/xhtml"><p>This code system https://wiki.mobilehealth.va.gov/display/PGDMS/Client+Provenance+Mapping defines the following codes:</p><table class="codes"><tr><td style="white-space:nowrap"><b>Code</b></td><td><b>Display</b></td></tr><tr><td style="white-space:nowrap">1e11b692-1898-4351-a7c5-428f61c91817&quot;<a name="CPM-1e11b692-1898-4351-a7c5-428f61c91817.34"> </a></td><td>MobileKidney</td></tr></table></div></text><url value="https://wiki.mobilehealth.va.gov/display/PGDMS/Client+Provenance+Mapping"/><version value="0.2.7-beta"/><name value="AppIdCodesToo"/><title value="PGD other apps"/><status value="active"/><date value="2021-09-14T11:10:08-05:00"/><contact><name value="John Moehrke"/></contact><description value="Seems to be used by Mobile Kidney"/><jurisdiction><coding><system value="http://unstats.un.org/unsd/methods/m49/m49.htm"/><code value="001"/></coding></jurisdiction><content value="complete"/><count value="1"/><concept><code value="1e11b692-1898-4351-a7c5-428f61c91817&quot;"/><display value="MobileKidney"/></concept></CodeSystem>