<?xml version="1.0" encoding="UTF-8"?><ImplementationGuide xmlns="http://hl7.org/fhir"><id value="va.mhv.example"/><text><status value="extensions"/><div xmlns="http://www.w3.org/1999/xhtml"><h2>MHVtoPGHD_Example</h2><p>The official URL for this implementation guide is: </p><pre>https://johnmoehrke.github.io/MHV-PGHD/ImplementationGuide/va.mhv.example</pre><div><p>Testing Plan for VA MyHealtheVet use of PGHD.</p>
</div></div></text><url value="https://johnmoehrke.github.io/MHV-PGHD/ImplementationGuide/va.mhv.example"/><version value="0.2.3"/><name value="MHVtoPGHD_Example"/><status value="draft"/><experimental value="false"/><date value="2020-11-23"/><contact><name value="John Moehrke"/></contact><description value="Testing Plan for VA MyHealtheVet use of PGHD."/><packageId value="va.mhv.example"/><license value="CC0-1.0"/><fhirVersion value="4.0.1"/><definition><extension url="http://hl7.org/fhir/tools/StructureDefinition/ig-parameter"><extension url="code"><valueString value="releaselabel"/></extension><extension url="value"><valueString value="CI Build"/></extension></extension><extension url="http://hl7.org/fhir/tools/StructureDefinition/ig-parameter"><extension url="code"><valueString value="copyrightyear"/></extension><extension url="value"><valueString value="2019+"/></extension></extension><extension url="http://hl7.org/fhir/tools/StructureDefinition/ig-parameter"><extension url="code"><valueString value="special-url"/></extension><extension url="value"><valueString value="https://wiki.mobilehealth.va.gov/x/Onc1C"/></extension></extension><extension url="http://hl7.org/fhir/tools/StructureDefinition/ig-parameter"><extension url="code"><valueString value="autoload-resources"/></extension><extension url="value"><valueString value="true"/></extension></extension><extension url="http://hl7.org/fhir/tools/StructureDefinition/ig-parameter"><extension url="code"><valueString value="path-liquid"/></extension><extension url="value"><valueString value="template/liquid"/></extension></extension><extension url="http://hl7.org/fhir/tools/StructureDefinition/ig-parameter"><extension url="code"><valueString value="path-liquid"/></extension><extension url="value"><valueString value="input/liquid"/></extension></extension><extension url="http://hl7.org/fhir/tools/StructureDefinition/ig-parameter"><extension url="code"><valueString value="path-qa"/></extension><extension url="value"><valueString value="temp/qa"/></extension></extension><extension url="http://hl7.org/fhir/tools/StructureDefinition/ig-parameter"><extension url="code"><valueString value="path-temp"/></extension><extension url="value"><valueString value="temp/pages"/></extension></extension><extension url="http://hl7.org/fhir/tools/StructureDefinition/ig-parameter"><extension url="code"><valueString value="path-output"/></extension><extension url="value"><valueString value="output"/></extension></extension><extension url="http://hl7.org/fhir/tools/StructureDefinition/ig-parameter"><extension url="code"><valueString value="path-suppressed-warnings"/></extension><extension url="value"><valueString value="input/ignoreWarnings.txt"/></extension></extension><extension url="http://hl7.org/fhir/tools/StructureDefinition/ig-parameter"><extension url="code"><valueString value="path-history"/></extension><extension url="value"><valueString value="https://johnmoehrke.github.io/MHV-PGHD/history.html"/></extension></extension><extension url="http://hl7.org/fhir/tools/StructureDefinition/ig-parameter"><extension url="code"><valueString value="template-html"/></extension><extension url="value"><valueString value="template-page.html"/></extension></extension><extension url="http://hl7.org/fhir/tools/StructureDefinition/ig-parameter"><extension url="code"><valueString value="template-md"/></extension><extension url="value"><valueString value="template-page-md.html"/></extension></extension><extension url="http://hl7.org/fhir/tools/StructureDefinition/ig-parameter"><extension url="code"><valueString value="apply-contact"/></extension><extension url="value"><valueString value="true"/></extension></extension><extension url="http://hl7.org/fhir/tools/StructureDefinition/ig-parameter"><extension url="code"><valueString value="apply-context"/></extension><extension url="value"><valueString value="true"/></extension></extension><extension url="http://hl7.org/fhir/tools/StructureDefinition/ig-parameter"><extension url="code"><valueString value="apply-copyright"/></extension><extension url="value"><valueString value="true"/></extension></extension><extension url="http://hl7.org/fhir/tools/StructureDefinition/ig-parameter"><extension url="code"><valueString value="apply-jurisdiction"/></extension><extension url="value"><valueString value="true"/></extension></extension><extension url="http://hl7.org/fhir/tools/StructureDefinition/ig-parameter"><extension url="code"><valueString value="apply-license"/></extension><extension url="value"><valueString value="true"/></extension></extension><extension url="http://hl7.org/fhir/tools/StructureDefinition/ig-parameter"><extension url="code"><valueString value="apply-publisher"/></extension><extension url="value"><valueString value="true"/></extension></extension><extension url="http://hl7.org/fhir/tools/StructureDefinition/ig-parameter"><extension url="code"><valueString value="apply-version"/></extension><extension url="value"><valueString value="true"/></extension></extension><extension url="http://hl7.org/fhir/tools/StructureDefinition/ig-parameter"><extension url="code"><valueString value="active-tables"/></extension><extension url="value"><valueString value="true"/></extension></extension><grouping id="_str_profile"><name value="Structures: Resource Profiles"/><description value="These define constraints on FHIR resources for systems conforming to this implementation guide"/></grouping><grouping id="_term_valueset"><name value="Terminology: Value Sets"/><description value="These define sets of codes used by systems conforming to this implementation guide"/></grouping><grouping id="_term_codesystem"><name value="Terminology: Code Systems"/><description value="These define new code systems used by systems conforming to this implementation guide"/></grouping><grouping id="_ex_example"><name value="Example: Example Instances"/><description value="These are example instances that show what data produced and consumed by systems conforming with this implementation guide might look like"/></grouping><grouping id="_other"><name value="Other"/><description value="These are resources that are used within this implementation guide that do not fit into one of the other categories"/></grouping><resource><extension url="http://hl7.org/fhir/StructureDefinition/implementationguide-page"><valueUri value="Observation-blood-pressure.html"/></extension><reference><reference value="Observation/blood-pressure"/></reference><groupingId value="_other"/></resource><resource><extension url="http://hl7.org/fhir/StructureDefinition/implementationguide-page"><valueUri value="Observation-f001.html"/></extension><reference><reference value="Observation/f001"/></reference><groupingId value="_other"/></resource><resource><extension url="http://hl7.org/fhir/StructureDefinition/implementationguide-page"><valueUri value="Observation-body-temperature.html"/></extension><reference><reference value="Observation/body-temperature"/></reference><groupingId value="_other"/></resource><resource><extension url="http://hl7.org/fhir/StructureDefinition/implementationguide-page"><valueUri value="Observation-heart-rate.html"/></extension><reference><reference value="Observation/heart-rate"/></reference><groupingId value="_other"/></resource><resource><extension url="http://hl7.org/fhir/StructureDefinition/implementationguide-page"><valueUri value="MedicationStatement-example001.html"/></extension><reference><reference value="MedicationStatement/example001"/></reference><groupingId value="_other"/></resource><resource><extension url="http://hl7.org/fhir/StructureDefinition/implementationguide-page"><valueUri value="Observation-example.html"/></extension><reference><reference value="Observation/example"/></reference><groupingId value="_other"/></resource><resource><extension url="http://hl7.org/fhir/StructureDefinition/implementationguide-page"><valueUri value="Observation-632210f2-1866-4c01-a8c5-4abe37c0f6b7.html"/></extension><reference><reference value="Observation/632210f2-1866-4c01-a8c5-4abe37c0f6b7"/></reference><name value="Example Observation - 632210f2-1866-4c01-a8c5-4abe37c0f6b7"/><exampleCanonical value="https://johnmoehrke.github.io/MHV-PGHD/StructureDefinition/VA.MHV.bloodPressure"/><groupingId value="_ex_example"/></resource><resource><extension url="http://hl7.org/fhir/StructureDefinition/implementationguide-page"><valueUri value="Observation-ad38c881-b73d-4b7a-b4ec-55980f4a21b0.html"/></extension><reference><reference value="Observation/ad38c881-b73d-4b7a-b4ec-55980f4a21b0"/></reference><groupingId value="_other"/></resource><resource><extension url="http://hl7.org/fhir/StructureDefinition/implementationguide-page"><valueUri value="Observation-blood-glucose.html"/></extension><reference><reference value="Observation/blood-glucose"/></reference><groupingId value="_other"/></resource><resource><extension url="http://hl7.org/fhir/StructureDefinition/implementationguide-page"><valueUri value="Patient-example.html"/></extension><reference><reference value="Patient/example"/></reference><groupingId value="_other"/></resource><resource><extension url="http://hl7.org/fhir/StructureDefinition/implementationguide-page"><valueUri value="Bundle-ex-MHV-BlueButton-0.html"/></extension><reference><reference value="Bundle/ex-MHV-BlueButton-0"/></reference><name value="Example Bundle - ex-MHV-BlueButton-0"/><exampleCanonical value="https://johnmoehrke.github.io/MHV-PGHD/StructureDefinition/VA.MHV.BlueBundle"/><groupingId value="_ex_example"/></resource><resource><extension url="http://hl7.org/fhir/StructureDefinition/implementationguide-page"><valueUri value="CodeSystem-OnclC.html"/></extension><reference><reference value="CodeSystem/OnclC"/></reference><name value="PGD apps"/><description value="App identifiers for use with PGD"/><groupingId value="_term_codesystem"/></resource><resource><extension url="http://hl7.org/fhir/StructureDefinition/implementationguide-page"><valueUri value="Composition-ex-MHV-Composition-0.html"/></extension><reference><reference value="Composition/ex-MHV-Composition-0"/></reference><name value="All Vital-Signs entered in past 60 days"/><exampleCanonical value="https://johnmoehrke.github.io/MHV-PGHD/StructureDefinition/VA.MHV.BlueComposition"/><groupingId value="_ex_example"/></resource><resource><extension url="http://hl7.org/fhir/StructureDefinition/implementationguide-page"><valueUri value="Encounter-example.html"/></extension><reference><reference value="Encounter/example"/></reference><groupingId value="_other"/></resource><resource><extension url="http://hl7.org/fhir/StructureDefinition/implementationguide-page"><valueUri value="MedicationStatement-ex-MHV-medication-0.html"/></extension><reference><reference value="MedicationStatement/ex-MHV-medication-0"/></reference><name value="Example MedicationStatement - ex-MHV-medication-0"/><exampleCanonical value="https://johnmoehrke.github.io/MHV-PGHD/StructureDefinition/VA.MHV.medication"/><groupingId value="_ex_example"/></resource><resource><extension url="http://hl7.org/fhir/StructureDefinition/implementationguide-page"><valueUri value="Observation-ex-bloodSugar-100.html"/></extension><reference><reference value="Observation/ex-bloodSugar-100"/></reference><groupingId value="_other"/></resource><resource><extension url="http://hl7.org/fhir/StructureDefinition/implementationguide-page"><valueUri value="Observation-ex-bloodSugar-101.html"/></extension><reference><reference value="Observation/ex-bloodSugar-101"/></reference><groupingId value="_other"/></resource><resource><extension url="http://hl7.org/fhir/StructureDefinition/implementationguide-page"><valueUri value="Observation-ex-bloodSugar-102.html"/></extension><reference><reference value="Observation/ex-bloodSugar-102"/></reference><groupingId value="_other"/></resource><resource><extension url="http://hl7.org/fhir/StructureDefinition/implementationguide-page"><valueUri value="Observation-ex-bloodSugar-103.html"/></extension><reference><reference value="Observation/ex-bloodSugar-103"/></reference><groupingId value="_other"/></resource><resource><extension url="http://hl7.org/fhir/StructureDefinition/implementationguide-page"><valueUri value="Observation-ex-bloodSugar-104.html"/></extension><reference><reference value="Observation/ex-bloodSugar-104"/></reference><groupingId value="_other"/></resource><resource><extension url="http://hl7.org/fhir/StructureDefinition/implementationguide-page"><valueUri value="Observation-ex-bloodSugar-105.html"/></extension><reference><reference value="Observation/ex-bloodSugar-105"/></reference><groupingId value="_other"/></resource><resource><extension url="http://hl7.org/fhir/StructureDefinition/implementationguide-page"><valueUri value="Observation-ex-bloodSugar-106.html"/></extension><reference><reference value="Observation/ex-bloodSugar-106"/></reference><groupingId value="_other"/></resource><resource><extension url="http://hl7.org/fhir/StructureDefinition/implementationguide-page"><valueUri value="Observation-ex-MHV-bloodPressure-0.html"/></extension><reference><reference value="Observation/ex-MHV-bloodPressure-0"/></reference><name value="Example Observation - ex-MHV-bloodPressure-0"/><exampleCanonical value="https://johnmoehrke.github.io/MHV-PGHD/StructureDefinition/VA.MHV.bloodPressure"/><groupingId value="_ex_example"/></resource><resource><extension url="http://hl7.org/fhir/StructureDefinition/implementationguide-page"><valueUri value="Observation-ex-MHV-bloodSugar-0.html"/></extension><reference><reference value="Observation/ex-MHV-bloodSugar-0"/></reference><name value="Example Observation - ex-MHV-bloodSugar-0"/><exampleCanonical value="https://johnmoehrke.github.io/MHV-PGHD/StructureDefinition/VA.MHV.bloodSugar"/><groupingId value="_ex_example"/></resource><resource><extension url="http://hl7.org/fhir/StructureDefinition/implementationguide-page"><valueUri value="Observation-ex-MHV-bloodSugar-1.html"/></extension><reference><reference value="Observation/ex-MHV-bloodSugar-1"/></reference><name value="Example Observation - ex-MHV-bloodSugar-1"/><exampleCanonical value="https://johnmoehrke.github.io/MHV-PGHD/StructureDefinition/VA.MHV.bloodSugar"/><groupingId value="_ex_example"/></resource><resource><extension url="http://hl7.org/fhir/StructureDefinition/implementationguide-page"><valueUri value="Observation-ex-MHV-bloodSugar-2.html"/></extension><reference><reference value="Observation/ex-MHV-bloodSugar-2"/></reference><name value="Example Observation - ex-MHV-bloodSugar-2"/><exampleCanonical value="https://johnmoehrke.github.io/MHV-PGHD/StructureDefinition/VA.MHV.bloodSugar"/><groupingId value="_ex_example"/></resource><resource><extension url="http://hl7.org/fhir/StructureDefinition/implementationguide-page"><valueUri value="Observation-ex-MHV-bloodSugar-3.html"/></extension><reference><reference value="Observation/ex-MHV-bloodSugar-3"/></reference><name value="Example Observation - ex-MHV-bloodSugar-3"/><exampleCanonical value="https://johnmoehrke.github.io/MHV-PGHD/StructureDefinition/VA.MHV.bloodSugar"/><groupingId value="_ex_example"/></resource><resource><extension url="http://hl7.org/fhir/StructureDefinition/implementationguide-page"><valueUri value="Observation-ex-MHV-bloodSugar-4.html"/></extension><reference><reference value="Observation/ex-MHV-bloodSugar-4"/></reference><name value="Example Observation - ex-MHV-bloodSugar-4"/><exampleCanonical value="https://johnmoehrke.github.io/MHV-PGHD/StructureDefinition/VA.MHV.bloodSugar"/><groupingId value="_ex_example"/></resource><resource><extension url="http://hl7.org/fhir/StructureDefinition/implementationguide-page"><valueUri value="Observation-ex-MHV-bloodSugar-5.html"/></extension><reference><reference value="Observation/ex-MHV-bloodSugar-5"/></reference><name value="Example Observation - ex-MHV-bloodSugar-5"/><exampleCanonical value="https://johnmoehrke.github.io/MHV-PGHD/StructureDefinition/VA.MHV.bloodSugar"/><groupingId value="_ex_example"/></resource><resource><extension url="http://hl7.org/fhir/StructureDefinition/implementationguide-page"><valueUri value="Observation-ex-MHV-bloodSugar-6.html"/></extension><reference><reference value="Observation/ex-MHV-bloodSugar-6"/></reference><name value="Example Observation - ex-MHV-bloodSugar-6"/><exampleCanonical value="https://johnmoehrke.github.io/MHV-PGHD/StructureDefinition/VA.MHV.bloodSugar"/><groupingId value="_ex_example"/></resource><resource><extension url="http://hl7.org/fhir/StructureDefinition/implementationguide-page"><valueUri value="Observation-ex-MHV-bloodSugar-7.html"/></extension><reference><reference value="Observation/ex-MHV-bloodSugar-7"/></reference><name value="Example Observation - ex-MHV-bloodSugar-7"/><exampleCanonical value="https://johnmoehrke.github.io/MHV-PGHD/StructureDefinition/VA.MHV.bloodSugar"/><groupingId value="_ex_example"/></resource><resource><extension url="http://hl7.org/fhir/StructureDefinition/implementationguide-page"><valueUri value="Observation-ex-MHV-bloodSugar-8.html"/></extension><reference><reference value="Observation/ex-MHV-bloodSugar-8"/></reference><name value="Example Observation - ex-MHV-bloodSugar-8"/><exampleCanonical value="https://johnmoehrke.github.io/MHV-PGHD/StructureDefinition/VA.MHV.bloodSugar"/><groupingId value="_ex_example"/></resource><resource><extension url="http://hl7.org/fhir/StructureDefinition/implementationguide-page"><valueUri value="Observation-ex-MHV-heartRate-1.html"/></extension><reference><reference value="Observation/ex-MHV-heartRate-1"/></reference><name value="Example Observation - ex-MHV-heartRate-1"/><exampleCanonical value="https://johnmoehrke.github.io/MHV-PGHD/StructureDefinition/VA.MHV.heartRate"/><groupingId value="_ex_example"/></resource><resource><extension url="http://hl7.org/fhir/StructureDefinition/implementationguide-page"><valueUri value="Observation-ex-MHV-heartRate-2.html"/></extension><reference><reference value="Observation/ex-MHV-heartRate-2"/></reference><name value="Example Observation - ex-MHV-heartRate-2"/><exampleCanonical value="https://johnmoehrke.github.io/MHV-PGHD/StructureDefinition/VA.MHV.heartRate"/><groupingId value="_ex_example"/></resource><resource><extension url="http://hl7.org/fhir/StructureDefinition/implementationguide-page"><valueUri value="Observation-ex-MHV-heartRate-3.html"/></extension><reference><reference value="Observation/ex-MHV-heartRate-3"/></reference><name value="Example Observation - ex-MHV-heartRate-3"/><exampleCanonical value="https://johnmoehrke.github.io/MHV-PGHD/StructureDefinition/VA.MHV.heartRate"/><groupingId value="_ex_example"/></resource><resource><extension url="http://hl7.org/fhir/StructureDefinition/implementationguide-page"><valueUri value="Observation-ex-MHV-pain-0.html"/></extension><reference><reference value="Observation/ex-MHV-pain-0"/></reference><name value="Example Observation - ex-MHV-pain-0"/><exampleCanonical value="https://johnmoehrke.github.io/MHV-PGHD/StructureDefinition/VA.MHV.pain"/><groupingId value="_ex_example"/></resource><resource><extension url="http://hl7.org/fhir/StructureDefinition/implementationguide-page"><valueUri value="Observation-ex-MHV-pain-1.html"/></extension><reference><reference value="Observation/ex-MHV-pain-1"/></reference><name value="Example Observation - ex-MHV-pain-1"/><exampleCanonical value="https://johnmoehrke.github.io/MHV-PGHD/StructureDefinition/VA.MHV.pain"/><groupingId value="_ex_example"/></resource><resource><extension url="http://hl7.org/fhir/StructureDefinition/implementationguide-page"><valueUri value="Observation-ex-MHV-pain-10.html"/></extension><reference><reference value="Observation/ex-MHV-pain-10"/></reference><name value="Example Observation - ex-MHV-pain-10"/><exampleCanonical value="https://johnmoehrke.github.io/MHV-PGHD/StructureDefinition/VA.MHV.pain"/><groupingId value="_ex_example"/></resource><resource><extension url="http://hl7.org/fhir/StructureDefinition/implementationguide-page"><valueUri value="Observation-ex-MHV-pain-14.html"/></extension><reference><reference value="Observation/ex-MHV-pain-14"/></reference><groupingId value="_other"/></resource><resource><extension url="http://hl7.org/fhir/StructureDefinition/implementationguide-page"><valueUri value="Observation-ex-MHV-pain-2.html"/></extension><reference><reference value="Observation/ex-MHV-pain-2"/></reference><name value="Example Observation - ex-MHV-pain-2"/><exampleCanonical value="https://johnmoehrke.github.io/MHV-PGHD/StructureDefinition/VA.MHV.pain"/><groupingId value="_ex_example"/></resource><resource><extension url="http://hl7.org/fhir/StructureDefinition/implementationguide-page"><valueUri value="Observation-ex-MHV-pain-3.html"/></extension><reference><reference value="Observation/ex-MHV-pain-3"/></reference><name value="Example Observation - ex-MHV-pain-3"/><exampleCanonical value="https://johnmoehrke.github.io/MHV-PGHD/StructureDefinition/VA.MHV.pain"/><groupingId value="_ex_example"/></resource><resource><extension url="http://hl7.org/fhir/StructureDefinition/implementationguide-page"><valueUri value="Observation-ex-MHV-pain-4.html"/></extension><reference><reference value="Observation/ex-MHV-pain-4"/></reference><name value="Example Observation - ex-MHV-pain-4"/><exampleCanonical value="https://johnmoehrke.github.io/MHV-PGHD/StructureDefinition/VA.MHV.pain"/><groupingId value="_ex_example"/></resource><resource><extension url="http://hl7.org/fhir/StructureDefinition/implementationguide-page"><valueUri value="Observation-ex-MHV-pain-5.html"/></extension><reference><reference value="Observation/ex-MHV-pain-5"/></reference><name value="Example Observation - ex-MHV-pain-5"/><exampleCanonical value="https://johnmoehrke.github.io/MHV-PGHD/StructureDefinition/VA.MHV.pain"/><groupingId value="_ex_example"/></resource><resource><extension url="http://hl7.org/fhir/StructureDefinition/implementationguide-page"><valueUri value="Observation-ex-MHV-pain-6.html"/></extension><reference><reference value="Observation/ex-MHV-pain-6"/></reference><name value="Example Observation - ex-MHV-pain-6"/><exampleCanonical value="https://johnmoehrke.github.io/MHV-PGHD/StructureDefinition/VA.MHV.pain"/><groupingId value="_ex_example"/></resource><resource><extension url="http://hl7.org/fhir/StructureDefinition/implementationguide-page"><valueUri value="Observation-ex-MHV-pain-7.html"/></extension><reference><reference value="Observation/ex-MHV-pain-7"/></reference><name value="Example Observation - ex-MHV-pain-7"/><exampleCanonical value="https://johnmoehrke.github.io/MHV-PGHD/StructureDefinition/VA.MHV.pain"/><groupingId value="_ex_example"/></resource><resource><extension url="http://hl7.org/fhir/StructureDefinition/implementationguide-page"><valueUri value="Observation-ex-MHV-pain-8.html"/></extension><reference><reference value="Observation/ex-MHV-pain-8"/></reference><name value="Example Observation - ex-MHV-pain-8"/><exampleCanonical value="https://johnmoehrke.github.io/MHV-PGHD/StructureDefinition/VA.MHV.pain"/><groupingId value="_ex_example"/></resource><resource><extension url="http://hl7.org/fhir/StructureDefinition/implementationguide-page"><valueUri value="Observation-ex-MHV-pain-9.html"/></extension><reference><reference value="Observation/ex-MHV-pain-9"/></reference><name value="Example Observation - ex-MHV-pain-9"/><exampleCanonical value="https://johnmoehrke.github.io/MHV-PGHD/StructureDefinition/VA.MHV.pain"/><groupingId value="_ex_example"/></resource><resource><extension url="http://hl7.org/fhir/StructureDefinition/implementationguide-page"><valueUri value="Observation-ex-MHV-temperature-0.html"/></extension><reference><reference value="Observation/ex-MHV-temperature-0"/></reference><name value="Example Observation - ex-MHV-temperature-0"/><exampleCanonical value="https://johnmoehrke.github.io/MHV-PGHD/StructureDefinition/VA.MHV.bodyTemperature"/><groupingId value="_ex_example"/></resource><resource><extension url="http://hl7.org/fhir/StructureDefinition/implementationguide-page"><valueUri value="Observation-ex-MHV-temperature-1.html"/></extension><reference><reference value="Observation/ex-MHV-temperature-1"/></reference><name value="Example Observation - ex-MHV-temperature-1"/><exampleCanonical value="https://johnmoehrke.github.io/MHV-PGHD/StructureDefinition/VA.MHV.bodyTemperature"/><groupingId value="_ex_example"/></resource><resource><extension url="http://hl7.org/fhir/StructureDefinition/implementationguide-page"><valueUri value="Observation-ex-MHV-temperature-2.html"/></extension><reference><reference value="Observation/ex-MHV-temperature-2"/></reference><name value="Example Observation - ex-MHV-temperature-2"/><exampleCanonical value="https://johnmoehrke.github.io/MHV-PGHD/StructureDefinition/VA.MHV.bodyTemperature"/><groupingId value="_ex_example"/></resource><resource><extension url="http://hl7.org/fhir/StructureDefinition/implementationguide-page"><valueUri value="Observation-ex-MHV-temperature-3.html"/></extension><reference><reference value="Observation/ex-MHV-temperature-3"/></reference><name value="Example Observation - ex-MHV-temperature-3"/><exampleCanonical value="https://johnmoehrke.github.io/MHV-PGHD/StructureDefinition/VA.MHV.bodyTemperature"/><groupingId value="_ex_example"/></resource><resource><extension url="http://hl7.org/fhir/StructureDefinition/implementationguide-page"><valueUri value="Observation-ex-MHV-temperature-4.html"/></extension><reference><reference value="Observation/ex-MHV-temperature-4"/></reference><name value="Example Observation - ex-MHV-temperature-4"/><exampleCanonical value="https://johnmoehrke.github.io/MHV-PGHD/StructureDefinition/VA.MHV.bodyTemperature"/><groupingId value="_ex_example"/></resource><resource><extension url="http://hl7.org/fhir/StructureDefinition/implementationguide-page"><valueUri value="Observation-ex-MHV-temperature-5.html"/></extension><reference><reference value="Observation/ex-MHV-temperature-5"/></reference><name value="Example Observation - ex-MHV-temperature-5"/><exampleCanonical value="https://johnmoehrke.github.io/MHV-PGHD/StructureDefinition/VA.MHV.bodyTemperature"/><groupingId value="_ex_example"/></resource><resource><extension url="http://hl7.org/fhir/StructureDefinition/implementationguide-page"><valueUri value="Observation-ex-MHV-temperature-6.html"/></extension><reference><reference value="Observation/ex-MHV-temperature-6"/></reference><name value="Example Observation - ex-MHV-temperature-6"/><exampleCanonical value="https://johnmoehrke.github.io/MHV-PGHD/StructureDefinition/VA.MHV.bodyTemperature"/><groupingId value="_ex_example"/></resource><resource><extension url="http://hl7.org/fhir/StructureDefinition/implementationguide-page"><valueUri value="Observation-ex-MHV-temperature-7.html"/></extension><reference><reference value="Observation/ex-MHV-temperature-7"/></reference><groupingId value="_other"/></resource><resource><extension url="http://hl7.org/fhir/StructureDefinition/implementationguide-page"><valueUri value="Observation-ex-MHV-weight.html"/></extension><reference><reference value="Observation/ex-MHV-weight"/></reference><name value="Example Observation - ex-MHV-weight"/><exampleCanonical value="https://johnmoehrke.github.io/MHV-PGHD/StructureDefinition/VA.MHV.bodyWeight"/><groupingId value="_ex_example"/></resource><resource><extension url="http://hl7.org/fhir/StructureDefinition/implementationguide-page"><valueUri value="Observation-ex-pain-11.html"/></extension><reference><reference value="Observation/ex-pain-11"/></reference><name value="Example Observation - ex-pain-11"/><exampleCanonical value="https://johnmoehrke.github.io/MHV-PGHD/StructureDefinition/VA.MHV.pain"/><groupingId value="_ex_example"/></resource><resource><extension url="http://hl7.org/fhir/StructureDefinition/implementationguide-page"><valueUri value="Observation-ex-pain-12.html"/></extension><reference><reference value="Observation/ex-pain-12"/></reference><groupingId value="_other"/></resource><resource><extension url="http://hl7.org/fhir/StructureDefinition/implementationguide-page"><valueUri value="Observation-ex-pain-13.html"/></extension><reference><reference value="Observation/ex-pain-13"/></reference><groupingId value="_other"/></resource><resource><extension url="http://hl7.org/fhir/StructureDefinition/implementationguide-page"><valueUri value="Observation-ex-pain-14.html"/></extension><reference><reference value="Observation/ex-pain-14"/></reference><groupingId value="_other"/></resource><resource><extension url="http://hl7.org/fhir/StructureDefinition/implementationguide-page"><valueUri value="Observation-ex-pain-15.html"/></extension><reference><reference value="Observation/ex-pain-15"/></reference><groupingId value="_other"/></resource><resource><extension url="http://hl7.org/fhir/StructureDefinition/implementationguide-page"><valueUri value="Observation-ex-temperature-10.html"/></extension><reference><reference value="Observation/ex-temperature-10"/></reference><groupingId value="_other"/></resource><resource><extension url="http://hl7.org/fhir/StructureDefinition/implementationguide-page"><valueUri value="Observation-ex-temperature-8.html"/></extension><reference><reference value="Observation/ex-temperature-8"/></reference><groupingId value="_other"/></resource><resource><extension url="http://hl7.org/fhir/StructureDefinition/implementationguide-page"><valueUri value="Observation-ex-temperature-9.html"/></extension><reference><reference value="Observation/ex-temperature-9"/></reference><groupingId value="_other"/></resource><resource><extension url="http://hl7.org/fhir/StructureDefinition/implementationguide-page"><valueUri value="Observation-ex-weight-core.html"/></extension><reference><reference value="Observation/ex-weight-core"/></reference><groupingId value="_other"/></resource><resource><extension url="http://hl7.org/fhir/StructureDefinition/implementationguide-page"><valueUri value="Observation-ex-weight-stone.html"/></extension><reference><reference value="Observation/ex-weight-stone"/></reference><groupingId value="_other"/></resource><resource><extension url="http://hl7.org/fhir/StructureDefinition/implementationguide-page"><valueUri value="StructureDefinition-VA.MHV.bloodPressure.html"/></extension><reference><reference value="StructureDefinition/VA.MHV.bloodPressure"/></reference><name value="VA MHV Blood Pressure Observation"/><description value="A profile on the Observation that declares how MHV will Create/Update in PGHD for blood pressure measurements.&#xD;&#xA;* must be marked with MHV app tag&#xD;&#xA;* must have vital-signs category&#xD;&#xA;* must have LOINC#55284-4 code AND LOINC#8716-3&#xD;&#xA;* must have effectiveDateTime&#xD;&#xA;* must not have a value[x]&#xD;&#xA;* must have two components&#xD;&#xA;* must have systolic and diastolic component values in mm[Hg]&#xD;&#xA;* may have a heart-rate component&#xD;&#xA;* may have a position component&#xD;&#xA;* must have status at final&#xD;&#xA;* must point at the patient&#xD;&#xA;* may have a note (comment)&#xD;&#xA;* once created will or might have an id, versionId, lastUpdated, text, and identifier&#xD;&#xA;* DSTU2 use comment rather than note"/><groupingId value="_str_profile"/></resource><resource><extension url="http://hl7.org/fhir/StructureDefinition/implementationguide-page"><valueUri value="StructureDefinition-VA.MHV.bloodSugar.html"/></extension><reference><reference value="StructureDefinition/VA.MHV.bloodSugar"/></reference><name value="VA MHV Blood Sugar Observation"/><description value="A profile on the Observation that declares how MHV will Create/Update in PGHD for blood sugar measurements.&#xD;&#xA;* must be marked with MHV app tag&#xD;&#xA;* must have vital-signs category&#xD;&#xA;* must have LOINC#2339-0 code AND LOINC#2345-7&#xD;&#xA;* must have effectiveDateTime&#xD;&#xA;* must have valueQuantity with units only of mg/dL&#xD;&#xA;* must have status at final&#xD;&#xA;* must point at the patient&#xD;&#xA;* may have a method of clinical lab test, sterile lancet, transcutaneous, implant, or other&#xD;&#xA;* may have a eating routine component with string of fasting, after meal, or unknown&#xD;&#xA;* may have a note (comment)&#xD;&#xA;* once created will or might have an id, versionId, lastUpdated, text, and identifier&#xD;&#xA;* DSTU2 use comment rather than note"/><groupingId value="_str_profile"/></resource><resource><extension url="http://hl7.org/fhir/StructureDefinition/implementationguide-page"><valueUri value="StructureDefinition-VA.MHV.BlueBundle.html"/></extension><reference><reference value="StructureDefinition/VA.MHV.BlueBundle"/></reference><name value="VA MHV BlueButton Bundle"/><description value="A profile on the Bundle that declares how MHV will Create/Update in PGHD for BlueButton report.&#xD;&#xA;* must have Composition&#xD;&#xA;* must have a timestamp of when this was created&#xD;&#xA;* must contain everything referenced by Composition including Patient&#xD;&#xA;* DSTU2 use comment rather than note"/><groupingId value="_str_profile"/></resource><resource><extension url="http://hl7.org/fhir/StructureDefinition/implementationguide-page"><valueUri value="StructureDefinition-VA.MHV.BlueComposition.html"/></extension><reference><reference value="StructureDefinition/VA.MHV.BlueComposition"/></reference><name value="VA MHV BlueButton Composition"/><description value="A profile on the Composition that declares how MHV will Create/Update in PGHD for BlueButton report.&#xD;&#xA;* must be marked with MHV app tag&#xD;&#xA;* must be status final&#xD;&#xA;* must have a title explaining the content - for example: all vital-signs from past 60 days&#xD;&#xA;* must have date stamp of when created (now)&#xD;&#xA;* must be LOINC 55188-7 Patient data Document&#xD;&#xA;* must point at the patient for both subject and author&#xD;&#xA;* DSTU2 use comment rather than note"/><groupingId value="_str_profile"/></resource><resource><extension url="http://hl7.org/fhir/StructureDefinition/implementationguide-page"><valueUri value="StructureDefinition-VA.MHV.bodyTemperature.html"/></extension><reference><reference value="StructureDefinition/VA.MHV.bodyTemperature"/></reference><name value="VA MHV Body Temperature Observation"/><description value="A profile on the Observation that declares how MHV will Create/Update in PGHD for body temperature measurements.&#xD;&#xA;* must be marked with MHV app tag&#xD;&#xA;* must have vital-signs category&#xD;&#xA;* must have LOINC#8310-5 code&#xD;&#xA;* must have effectiveDateTime&#xD;&#xA;* must have valueQuantity with units from the MHV body temperatures (F and C)&#xD;&#xA;* must have status at final&#xD;&#xA;* must point at the patient&#xD;&#xA;* may have a bodySite from MHV body temperature sites (tongue, underarm, ear, mouth, or rectum)&#xD;&#xA;* may have a note (comment)&#xD;&#xA;* once created will or might have an id, versionId, lastUpdated, text, and identifier&#xD;&#xA;* DSTU2 use comment rather than note"/><groupingId value="_str_profile"/></resource><resource><extension url="http://hl7.org/fhir/StructureDefinition/implementationguide-page"><valueUri value="StructureDefinition-VA.MHV.bodyWeight.html"/></extension><reference><reference value="StructureDefinition/VA.MHV.bodyWeight"/></reference><name value="VA MHV BodyWeight Observation"/><description value="A profile on the Observation that declares how MHV will Create/Update in PGHD for body weight measurements.&#xD;&#xA;* must be marked with MHV app tag&#xD;&#xA;* must have vital-signs category&#xD;&#xA;* must have LOINC#29463-7 code&#xD;&#xA;* must have effectiveDateTime&#xD;&#xA;* must have valueQuantity with units from the MHV body weights (lbs and kg)&#xD;&#xA;* must have status at final&#xD;&#xA;* must point at the patient&#xD;&#xA;* may have a note (comment)&#xD;&#xA;* once created will or might have an id, versionId, lastUpdated, text, and identifier&#xD;&#xA;* DSTU2 use comment rather than note"/><groupingId value="_str_profile"/></resource><resource><extension url="http://hl7.org/fhir/StructureDefinition/implementationguide-page"><valueUri value="StructureDefinition-VA.MHV.heartRate.html"/></extension><reference><reference value="StructureDefinition/VA.MHV.heartRate"/></reference><name value="VA MHV HeartRate Observation"/><description value="A profile on the Observation that declares how MHV will Create/Update in PGHD for heart rate measurements.&#xD;&#xA;* must be marked with MHV app tag&#xD;&#xA;* must have vital-signs category&#xD;&#xA;* must have LOINC#8867-4 code&#xD;&#xA;* must have effectiveDateTime&#xD;&#xA;* must have valueQuantity with units only of beats per minute&#xD;&#xA;* must have status at final&#xD;&#xA;* must point at the patient&#xD;&#xA;* may have a note (comment)&#xD;&#xA;* once created will or might have an id, versionId, lastUpdated, text, and identifier&#xD;&#xA;* DSTU2 use comment rather than note"/><groupingId value="_str_profile"/></resource><resource><extension url="http://hl7.org/fhir/StructureDefinition/implementationguide-page"><valueUri value="StructureDefinition-VA.MHV.medication.html"/></extension><reference><reference value="StructureDefinition/VA.MHV.medication"/></reference><name value="VA MHV Medication"/><description value="A profile on the MedicationStatement that declares how MHV will Create/Update in PGHD.&#xD;&#xA;* must be marked with MHV app tag&#xD;&#xA;* must have a medication&#xD;&#xA;* must have a dosage&#xD;&#xA;* must have a reason for use&#xD;&#xA;* must have effectiveDateTime&#xD;&#xA;* must have status at final&#xD;&#xA;* must point at the patient&#xD;&#xA;* may have a note &#xD;&#xA;* may have quantity&#xD;&#xA;* may have frequency&#xD;&#xA;* may have method of taking&#xD;&#xA;* may have a rx number&#xD;&#xA;* once created will or might have an id, versionId, lastUpdated, text, and identifier"/><groupingId value="_str_profile"/></resource><resource><extension url="http://hl7.org/fhir/StructureDefinition/implementationguide-page"><valueUri value="StructureDefinition-VA.MHV.pain.html"/></extension><reference><reference value="StructureDefinition/VA.MHV.pain"/></reference><name value="VA MHV Pain Observation"/><description value="A profile on the Observation that declares how MHV will Create/Update in PGHD for pain measurements.&#xD;&#xA;* must be marked with MHV app tag&#xD;&#xA;* must have vital-signs category&#xD;&#xA;* must have both LOINC#72514-3 and SCT#225908003 code&#xD;&#xA;* must have effectiveDateTime&#xD;&#xA;* must have integer between 0-10&#xD;&#xA;* must have status at final&#xD;&#xA;* must point at the patient&#xD;&#xA;* may have a note (comment)&#xD;&#xA;* once created will or might have an id, versionId, lastUpdated, text, and identifier&#xD;&#xA;* DSTU2 will need to change to valueQuantity vs valueInteger&#xD;&#xA;* DSTU2 use comment rather than note"/><groupingId value="_str_profile"/></resource><resource><extension url="http://hl7.org/fhir/StructureDefinition/implementationguide-page"><valueUri value="ValueSet-mhv-blood-pressure-positions.html"/></extension><reference><reference value="ValueSet/mhv-blood-pressure-positions"/></reference><name value="The methods of measurement for blood pressure that MHV supports"/><description value="These are the loinc body positions that MHV supports on blood pressure."/><groupingId value="_term_valueset"/></resource><resource><extension url="http://hl7.org/fhir/StructureDefinition/implementationguide-page"><valueUri value="ValueSet-mhv-blood-sugar-methods-sites.html"/></extension><reference><reference value="ValueSet/mhv-blood-sugar-methods-sites"/></reference><name value="The methods of measurement for blood sugar that MHV supports"/><description value="These are the SNOMED body sites that MHV supports."/><groupingId value="_term_valueset"/></resource><resource><extension url="http://hl7.org/fhir/StructureDefinition/implementationguide-page"><valueUri value="ValueSet-mhv-body-temperature-sites.html"/></extension><reference><reference value="ValueSet/mhv-body-temperature-sites"/></reference><name value="The body temperature measurement sites that MHV supports"/><description value="These are the SNOMED body sites that MHV supports."/><groupingId value="_term_valueset"/></resource><resource><extension url="http://hl7.org/fhir/StructureDefinition/implementationguide-page"><valueUri value="ValueSet-mhv-body-temperatures.html"/></extension><reference><reference value="ValueSet/mhv-body-temperatures"/></reference><name value="The body temperature measurement types that MHV supports"/><description value="These are the UCUM types that MHV supports."/><groupingId value="_term_valueset"/></resource><resource><extension url="http://hl7.org/fhir/StructureDefinition/implementationguide-page"><valueUri value="ValueSet-mhv-body-weights.html"/></extension><reference><reference value="ValueSet/mhv-body-weights"/></reference><name value="The body weight measurement types that MHV supports"/><description value="These are the UCUM types that MHV supports. This is a subset of the full bodyWeight types (which also brings in grams. Others might also include stone)."/><groupingId value="_term_valueset"/></resource><resource><extension url="http://hl7.org/fhir/StructureDefinition/implementationguide-page"><valueUri value="ValueSet-mhv-medication-routes.html"/></extension><reference><reference value="ValueSet/mhv-medication-routes"/></reference><name value="The routes of medication that MHV supports"/><description value="These are the SNOMED-CT routes for medications that MHV supports."/><groupingId value="_term_valueset"/></resource><page><nameUrl value="toc.html"/><title value="Table of Contents"/><generation value="html"/><page><nameUrl value="index.html"/><title value="MyIG Home Page"/><generation value="html"/></page><page><nameUrl value="background.html"/><title value="Background"/><generation value="markdown"/></page><page><nameUrl value="downloads.html"/><title value="Useful Downloads"/><generation value="html"/></page><page><nameUrl value="changes.html"/><title value="IG Change History"/><generation value="html"/></page><page><nameUrl value="artifacts.html"/><title value="Artifacts Summary"/><generation value="html"/><page><nameUrl value="StructureDefinition-VA.MHV.bloodPressure.html"/><title value="VA MHV Blood Pressure Observation"/><generation value="generated"/></page><page><nameUrl value="StructureDefinition-VA.MHV.bloodSugar.html"/><title value="VA MHV Blood Sugar Observation"/><generation value="generated"/></page><page><nameUrl value="StructureDefinition-VA.MHV.BlueBundle.html"/><title value="VA MHV BlueButton Bundle"/><generation value="generated"/></page><page><nameUrl value="StructureDefinition-VA.MHV.BlueComposition.html"/><title value="VA MHV BlueButton Composition"/><generation value="generated"/></page><page><nameUrl value="StructureDefinition-VA.MHV.bodyTemperature.html"/><title value="VA MHV Body Temperature Observation"/><generation value="generated"/></page><page><nameUrl value="StructureDefinition-VA.MHV.bodyWeight.html"/><title value="VA MHV BodyWeight Observation"/><generation value="generated"/></page><page><nameUrl value="StructureDefinition-VA.MHV.heartRate.html"/><title value="VA MHV HeartRate Observation"/><generation value="generated"/></page><page><nameUrl value="StructureDefinition-VA.MHV.medication.html"/><title value="VA MHV Medication"/><generation value="generated"/></page><page><nameUrl value="StructureDefinition-VA.MHV.pain.html"/><title value="VA MHV Pain Observation"/><generation value="generated"/></page><page><nameUrl value="ValueSet-mhv-blood-pressure-positions.html"/><title value="The methods of measurement for blood pressure that MHV supports"/><generation value="generated"/></page><page><nameUrl value="ValueSet-mhv-blood-sugar-methods-sites.html"/><title value="The methods of measurement for blood sugar that MHV supports"/><generation value="generated"/></page><page><nameUrl value="ValueSet-mhv-body-temperature-sites.html"/><title value="The body temperature measurement sites that MHV supports"/><generation value="generated"/></page><page><nameUrl value="ValueSet-mhv-body-temperatures.html"/><title value="The body temperature measurement types that MHV supports"/><generation value="generated"/></page><page><nameUrl value="ValueSet-mhv-body-weights.html"/><title value="The body weight measurement types that MHV supports"/><generation value="generated"/></page><page><nameUrl value="ValueSet-mhv-medication-routes.html"/><title value="The routes of medication that MHV supports"/><generation value="generated"/></page><page><nameUrl value="CodeSystem-OnclC.html"/><title value="PGD apps"/><generation value="generated"/></page><page><nameUrl value="Observation-632210f2-1866-4c01-a8c5-4abe37c0f6b7.html"/><title value="Example Observation - 632210f2-1866-4c01-a8c5-4abe37c0f6b7"/><generation value="generated"/></page><page><nameUrl value="Bundle-ex-MHV-BlueButton-0.html"/><title value="Example Bundle - ex-MHV-BlueButton-0"/><generation value="generated"/></page><page><nameUrl value="Composition-ex-MHV-Composition-0.html"/><title value="All Vital-Signs entered in past 60 days"/><generation value="generated"/></page><page><nameUrl value="MedicationStatement-ex-MHV-medication-0.html"/><title value="Example MedicationStatement - ex-MHV-medication-0"/><generation value="generated"/></page><page><nameUrl value="Observation-ex-MHV-bloodPressure-0.html"/><title value="Example Observation - ex-MHV-bloodPressure-0"/><generation value="generated"/></page><page><nameUrl value="Observation-ex-MHV-bloodSugar-0.html"/><title value="Example Observation - ex-MHV-bloodSugar-0"/><generation value="generated"/></page><page><nameUrl value="Observation-ex-MHV-bloodSugar-1.html"/><title value="Example Observation - ex-MHV-bloodSugar-1"/><generation value="generated"/></page><page><nameUrl value="Observation-ex-MHV-bloodSugar-2.html"/><title value="Example Observation - ex-MHV-bloodSugar-2"/><generation value="generated"/></page><page><nameUrl value="Observation-ex-MHV-bloodSugar-3.html"/><title value="Example Observation - ex-MHV-bloodSugar-3"/><generation value="generated"/></page><page><nameUrl value="Observation-ex-MHV-bloodSugar-4.html"/><title value="Example Observation - ex-MHV-bloodSugar-4"/><generation value="generated"/></page><page><nameUrl value="Observation-ex-MHV-bloodSugar-5.html"/><title value="Example Observation - ex-MHV-bloodSugar-5"/><generation value="generated"/></page><page><nameUrl value="Observation-ex-MHV-bloodSugar-6.html"/><title value="Example Observation - ex-MHV-bloodSugar-6"/><generation value="generated"/></page><page><nameUrl value="Observation-ex-MHV-bloodSugar-7.html"/><title value="Example Observation - ex-MHV-bloodSugar-7"/><generation value="generated"/></page><page><nameUrl value="Observation-ex-MHV-bloodSugar-8.html"/><title value="Example Observation - ex-MHV-bloodSugar-8"/><generation value="generated"/></page><page><nameUrl value="Observation-ex-MHV-heartRate-1.html"/><title value="Example Observation - ex-MHV-heartRate-1"/><generation value="generated"/></page><page><nameUrl value="Observation-ex-MHV-heartRate-2.html"/><title value="Example Observation - ex-MHV-heartRate-2"/><generation value="generated"/></page><page><nameUrl value="Observation-ex-MHV-heartRate-3.html"/><title value="Example Observation - ex-MHV-heartRate-3"/><generation value="generated"/></page><page><nameUrl value="Observation-ex-MHV-pain-0.html"/><title value="Example Observation - ex-MHV-pain-0"/><generation value="generated"/></page><page><nameUrl value="Observation-ex-MHV-pain-1.html"/><title value="Example Observation - ex-MHV-pain-1"/><generation value="generated"/></page><page><nameUrl value="Observation-ex-MHV-pain-10.html"/><title value="Example Observation - ex-MHV-pain-10"/><generation value="generated"/></page><page><nameUrl value="Observation-ex-MHV-pain-2.html"/><title value="Example Observation - ex-MHV-pain-2"/><generation value="generated"/></page><page><nameUrl value="Observation-ex-MHV-pain-3.html"/><title value="Example Observation - ex-MHV-pain-3"/><generation value="generated"/></page><page><nameUrl value="Observation-ex-MHV-pain-4.html"/><title value="Example Observation - ex-MHV-pain-4"/><generation value="generated"/></page><page><nameUrl value="Observation-ex-MHV-pain-5.html"/><title value="Example Observation - ex-MHV-pain-5"/><generation value="generated"/></page><page><nameUrl value="Observation-ex-MHV-pain-6.html"/><title value="Example Observation - ex-MHV-pain-6"/><generation value="generated"/></page><page><nameUrl value="Observation-ex-MHV-pain-7.html"/><title value="Example Observation - ex-MHV-pain-7"/><generation value="generated"/></page><page><nameUrl value="Observation-ex-MHV-pain-8.html"/><title value="Example Observation - ex-MHV-pain-8"/><generation value="generated"/></page><page><nameUrl value="Observation-ex-MHV-pain-9.html"/><title value="Example Observation - ex-MHV-pain-9"/><generation value="generated"/></page><page><nameUrl value="Observation-ex-MHV-temperature-0.html"/><title value="Example Observation - ex-MHV-temperature-0"/><generation value="generated"/></page><page><nameUrl value="Observation-ex-MHV-temperature-1.html"/><title value="Example Observation - ex-MHV-temperature-1"/><generation value="generated"/></page><page><nameUrl value="Observation-ex-MHV-temperature-2.html"/><title value="Example Observation - ex-MHV-temperature-2"/><generation value="generated"/></page><page><nameUrl value="Observation-ex-MHV-temperature-3.html"/><title value="Example Observation - ex-MHV-temperature-3"/><generation value="generated"/></page><page><nameUrl value="Observation-ex-MHV-temperature-4.html"/><title value="Example Observation - ex-MHV-temperature-4"/><generation value="generated"/></page><page><nameUrl value="Observation-ex-MHV-temperature-5.html"/><title value="Example Observation - ex-MHV-temperature-5"/><generation value="generated"/></page><page><nameUrl value="Observation-ex-MHV-temperature-6.html"/><title value="Example Observation - ex-MHV-temperature-6"/><generation value="generated"/></page><page><nameUrl value="Observation-ex-MHV-weight.html"/><title value="Example Observation - ex-MHV-weight"/><generation value="generated"/></page><page><nameUrl value="Observation-ex-pain-11.html"/><title value="Example Observation - ex-pain-11"/><generation value="generated"/></page><page><nameUrl value="Observation-blood-pressure.html"/><generation value="generated"/></page><page><nameUrl value="Observation-f001.html"/><generation value="generated"/></page><page><nameUrl value="Observation-body-temperature.html"/><generation value="generated"/></page><page><nameUrl value="Observation-heart-rate.html"/><generation value="generated"/></page><page><nameUrl value="MedicationStatement-example001.html"/><generation value="generated"/></page><page><nameUrl value="Observation-example.html"/><generation value="generated"/></page><page><nameUrl value="Observation-ad38c881-b73d-4b7a-b4ec-55980f4a21b0.html"/><generation value="generated"/></page><page><nameUrl value="Observation-blood-glucose.html"/><generation value="generated"/></page><page><nameUrl value="Patient-example.html"/><generation value="generated"/></page><page><nameUrl value="Encounter-example.html"/><generation value="generated"/></page><page><nameUrl value="Observation-ex-bloodSugar-100.html"/><generation value="generated"/></page><page><nameUrl value="Observation-ex-bloodSugar-101.html"/><generation value="generated"/></page><page><nameUrl value="Observation-ex-bloodSugar-102.html"/><generation value="generated"/></page><page><nameUrl value="Observation-ex-bloodSugar-103.html"/><generation value="generated"/></page><page><nameUrl value="Observation-ex-bloodSugar-104.html"/><generation value="generated"/></page><page><nameUrl value="Observation-ex-bloodSugar-105.html"/><generation value="generated"/></page><page><nameUrl value="Observation-ex-bloodSugar-106.html"/><generation value="generated"/></page><page><nameUrl value="Observation-ex-MHV-pain-14.html"/><generation value="generated"/></page><page><nameUrl value="Observation-ex-MHV-temperature-7.html"/><generation value="generated"/></page><page><nameUrl value="Observation-ex-pain-12.html"/><generation value="generated"/></page><page><nameUrl value="Observation-ex-pain-13.html"/><generation value="generated"/></page><page><nameUrl value="Observation-ex-pain-14.html"/><generation value="generated"/></page><page><nameUrl value="Observation-ex-pain-15.html"/><generation value="generated"/></page><page><nameUrl value="Observation-ex-temperature-10.html"/><generation value="generated"/></page><page><nameUrl value="Observation-ex-temperature-8.html"/><generation value="generated"/></page><page><nameUrl value="Observation-ex-temperature-9.html"/><generation value="generated"/></page><page><nameUrl value="Observation-ex-weight-core.html"/><generation value="generated"/></page><page><nameUrl value="Observation-ex-weight-stone.html"/><generation value="generated"/></page></page></page><parameter><code value="path-resource"/><value value="input/capabilities"/></parameter><parameter><code value="path-resource"/><value value="input/examples"/></parameter><parameter><code value="path-resource"/><value value="input/extensions"/></parameter><parameter><code value="path-resource"/><value value="input/models"/></parameter><parameter><code value="path-resource"/><value value="input/operations"/></parameter><parameter><code value="path-resource"/><value value="input/profiles"/></parameter><parameter><code value="path-resource"/><value value="input/resources"/></parameter><parameter><code value="path-resource"/><value value="input/vocabulary"/></parameter><parameter><code value="path-resource"/><value value="input/maps"/></parameter><parameter><code value="path-resource"/><value value="input/testing"/></parameter><parameter><code value="path-resource"/><value value="input/history"/></parameter><parameter><code value="path-resource"/><value value="fsh-generated/resources"/></parameter><parameter><code value="path-pages"/><value value="template/config"/></parameter><parameter><code value="path-pages"/><value value="input/images"/></parameter><parameter><code value="path-tx-cache"/><value value="input-cache/txcache"/></parameter></definition></ImplementationGuide>