<?xml version="1.0" encoding="UTF-8"?><ImplementationGuide xmlns="http://hl7.org/fhir"><id value="va.mhv.example"/><text><status value="extensions"/><div xmlns="http://www.w3.org/1999/xhtml"><h2>MHVtoPGHD_Example</h2><p>The official URL for this implementation guide is: </p><pre>https://johnmoehrke.github.io/MHV-PGHD/ImplementationGuide/va.mhv.example</pre><div><p>Testing Plan for VA MyHealtheVet use of PGHD.</p>
</div></div></text><url value="https://johnmoehrke.github.io/MHV-PGHD/ImplementationGuide/va.mhv.example"/><version value="0.2.0"/><name value="MHVtoPGHD_Example"/><status value="draft"/><experimental value="false"/><date value="2020-10-28"/><contact><name value="John Moehrke"/></contact><description value="Testing Plan for VA MyHealtheVet use of PGHD."/><packageId value="va.mhv.example"/><license value="CC0-1.0"/><fhirVersion value="4.0.1"/><definition><extension url="http://hl7.org/fhir/tools/StructureDefinition/ig-parameter"><extension url="code"><valueString value="releaselabel"/></extension><extension url="value"><valueString value="CI Build"/></extension></extension><extension url="http://hl7.org/fhir/tools/StructureDefinition/ig-parameter"><extension url="code"><valueString value="copyrightyear"/></extension><extension url="value"><valueString value="2019+"/></extension></extension><extension url="http://hl7.org/fhir/tools/StructureDefinition/ig-parameter"><extension url="code"><valueString value="special-url"/></extension><extension url="value"><valueString value="https://wiki.mobilehealth.va.gov/x/Onc1C"/></extension></extension><extension url="http://hl7.org/fhir/tools/StructureDefinition/ig-parameter"><extension url="code"><valueString value="autoload-resources"/></extension><extension url="value"><valueString value="true"/></extension></extension><extension url="http://hl7.org/fhir/tools/StructureDefinition/ig-parameter"><extension url="code"><valueString value="path-liquid"/></extension><extension url="value"><valueString value="template/liquid"/></extension></extension><extension url="http://hl7.org/fhir/tools/StructureDefinition/ig-parameter"><extension url="code"><valueString value="path-liquid"/></extension><extension url="value"><valueString value="input/liquid"/></extension></extension><extension url="http://hl7.org/fhir/tools/StructureDefinition/ig-parameter"><extension url="code"><valueString value="path-qa"/></extension><extension url="value"><valueString value="temp/qa"/></extension></extension><extension url="http://hl7.org/fhir/tools/StructureDefinition/ig-parameter"><extension url="code"><valueString value="path-temp"/></extension><extension url="value"><valueString value="temp/pages"/></extension></extension><extension url="http://hl7.org/fhir/tools/StructureDefinition/ig-parameter"><extension url="code"><valueString value="path-output"/></extension><extension url="value"><valueString value="output"/></extension></extension><extension url="http://hl7.org/fhir/tools/StructureDefinition/ig-parameter"><extension url="code"><valueString value="path-suppressed-warnings"/></extension><extension url="value"><valueString value="input/ignoreWarnings.txt"/></extension></extension><extension url="http://hl7.org/fhir/tools/StructureDefinition/ig-parameter"><extension url="code"><valueString value="path-history"/></extension><extension url="value"><valueString value="https://johnmoehrke.github.io/MHV-PGHD/history.html"/></extension></extension><extension url="http://hl7.org/fhir/tools/StructureDefinition/ig-parameter"><extension url="code"><valueString value="template-html"/></extension><extension url="value"><valueString value="template-page.html"/></extension></extension><extension url="http://hl7.org/fhir/tools/StructureDefinition/ig-parameter"><extension url="code"><valueString value="template-md"/></extension><extension url="value"><valueString value="template-page-md.html"/></extension></extension><extension url="http://hl7.org/fhir/tools/StructureDefinition/ig-parameter"><extension url="code"><valueString value="apply-contact"/></extension><extension url="value"><valueString value="true"/></extension></extension><extension url="http://hl7.org/fhir/tools/StructureDefinition/ig-parameter"><extension url="code"><valueString value="apply-context"/></extension><extension url="value"><valueString value="true"/></extension></extension><extension url="http://hl7.org/fhir/tools/StructureDefinition/ig-parameter"><extension url="code"><valueString value="apply-copyright"/></extension><extension url="value"><valueString value="true"/></extension></extension><extension url="http://hl7.org/fhir/tools/StructureDefinition/ig-parameter"><extension url="code"><valueString value="apply-jurisdiction"/></extension><extension url="value"><valueString value="true"/></extension></extension><extension url="http://hl7.org/fhir/tools/StructureDefinition/ig-parameter"><extension url="code"><valueString value="apply-license"/></extension><extension url="value"><valueString value="true"/></extension></extension><extension url="http://hl7.org/fhir/tools/StructureDefinition/ig-parameter"><extension url="code"><valueString value="apply-publisher"/></extension><extension url="value"><valueString value="true"/></extension></extension><extension url="http://hl7.org/fhir/tools/StructureDefinition/ig-parameter"><extension url="code"><valueString value="apply-version"/></extension><extension url="value"><valueString value="true"/></extension></extension><extension url="http://hl7.org/fhir/tools/StructureDefinition/ig-parameter"><extension url="code"><valueString value="active-tables"/></extension><extension url="value"><valueString value="true"/></extension></extension><grouping id="_str_profile"><name value="Structures: Resource Profiles"/><description value="These define constraints on FHIR resources for systems conforming to this implementation guide"/></grouping><grouping id="_term_valueset"><name value="Terminology: Value Sets"/><description value="These define sets of codes used by systems conforming to this implementation guide"/></grouping><grouping id="_term_codesystem"><name value="Terminology: Code Systems"/><description value="These define new code systems used by systems conforming to this implementation guide"/></grouping><grouping id="_ex_example"><name value="Example: Example Instances"/><description value="These are example instances that show what data produced and consumed by systems conforming with this implementation guide might look like"/></grouping><grouping id="_other"><name value="Other"/><description value="These are resources that are used within this implementation guide that do not fit into one of the other categories"/></grouping><resource><extension url="http://hl7.org/fhir/StructureDefinition/implementationguide-page"><valueUri value="Encounter-example.html"/></extension><reference><reference value="Encounter/example"/></reference><groupingId value="_other"/></resource><resource><extension url="http://hl7.org/fhir/StructureDefinition/implementationguide-page"><valueUri value="Observation-ex-MHV-heartRate-1.html"/></extension><reference><reference value="Observation/ex-MHV-heartRate-1"/></reference><name value="Example Observation - ex-MHV-heartRate-1"/><exampleCanonical value="https://johnmoehrke.github.io/MHV-PGHD/StructureDefinition/VA.MHV.heartRate"/><groupingId value="_ex_example"/></resource><resource><extension url="http://hl7.org/fhir/StructureDefinition/implementationguide-page"><valueUri value="Observation-ex-MHV-heartRate-2.html"/></extension><reference><reference value="Observation/ex-MHV-heartRate-2"/></reference><name value="Example Observation - ex-MHV-heartRate-2"/><exampleCanonical value="https://johnmoehrke.github.io/MHV-PGHD/StructureDefinition/VA.MHV.heartRate"/><groupingId value="_ex_example"/></resource><resource><extension url="http://hl7.org/fhir/StructureDefinition/implementationguide-page"><valueUri value="Observation-ex-MHV-heartRate-3.html"/></extension><reference><reference value="Observation/ex-MHV-heartRate-3"/></reference><name value="Example Observation - ex-MHV-heartRate-3"/><exampleCanonical value="https://johnmoehrke.github.io/MHV-PGHD/StructureDefinition/VA.MHV.heartRate"/><groupingId value="_ex_example"/></resource><resource><extension url="http://hl7.org/fhir/StructureDefinition/implementationguide-page"><valueUri value="Observation-ex-MHV-temperature-0.html"/></extension><reference><reference value="Observation/ex-MHV-temperature-0"/></reference><name value="Example Observation - ex-MHV-temperature-0"/><exampleCanonical value="https://johnmoehrke.github.io/MHV-PGHD/StructureDefinition/VA.MHV.bodyTemperature"/><groupingId value="_ex_example"/></resource><resource><extension url="http://hl7.org/fhir/StructureDefinition/implementationguide-page"><valueUri value="Observation-ex-MHV-temperature-1.html"/></extension><reference><reference value="Observation/ex-MHV-temperature-1"/></reference><name value="Example Observation - ex-MHV-temperature-1"/><exampleCanonical value="https://johnmoehrke.github.io/MHV-PGHD/StructureDefinition/VA.MHV.bodyTemperature"/><groupingId value="_ex_example"/></resource><resource><extension url="http://hl7.org/fhir/StructureDefinition/implementationguide-page"><valueUri value="Observation-ex-MHV-temperature-2.html"/></extension><reference><reference value="Observation/ex-MHV-temperature-2"/></reference><name value="Example Observation - ex-MHV-temperature-2"/><exampleCanonical value="https://johnmoehrke.github.io/MHV-PGHD/StructureDefinition/VA.MHV.bodyTemperature"/><groupingId value="_ex_example"/></resource><resource><extension url="http://hl7.org/fhir/StructureDefinition/implementationguide-page"><valueUri value="Observation-ex-MHV-temperature-3.html"/></extension><reference><reference value="Observation/ex-MHV-temperature-3"/></reference><name value="Example Observation - ex-MHV-temperature-3"/><exampleCanonical value="https://johnmoehrke.github.io/MHV-PGHD/StructureDefinition/VA.MHV.bodyTemperature"/><groupingId value="_ex_example"/></resource><resource><extension url="http://hl7.org/fhir/StructureDefinition/implementationguide-page"><valueUri value="Observation-ex-MHV-temperature-4.html"/></extension><reference><reference value="Observation/ex-MHV-temperature-4"/></reference><name value="Example Observation - ex-MHV-temperature-4"/><exampleCanonical value="https://johnmoehrke.github.io/MHV-PGHD/StructureDefinition/VA.MHV.bodyTemperature"/><groupingId value="_ex_example"/></resource><resource><extension url="http://hl7.org/fhir/StructureDefinition/implementationguide-page"><valueUri value="Observation-ex-MHV-temperature-5.html"/></extension><reference><reference value="Observation/ex-MHV-temperature-5"/></reference><name value="Example Observation - ex-MHV-temperature-5"/><exampleCanonical value="https://johnmoehrke.github.io/MHV-PGHD/StructureDefinition/VA.MHV.bodyTemperature"/><groupingId value="_ex_example"/></resource><resource><extension url="http://hl7.org/fhir/StructureDefinition/implementationguide-page"><valueUri value="Observation-ex-MHV-temperature-6.html"/></extension><reference><reference value="Observation/ex-MHV-temperature-6"/></reference><name value="Example Observation - ex-MHV-temperature-6"/><exampleCanonical value="https://johnmoehrke.github.io/MHV-PGHD/StructureDefinition/VA.MHV.bodyTemperature"/><groupingId value="_ex_example"/></resource><resource><extension url="http://hl7.org/fhir/StructureDefinition/implementationguide-page"><valueUri value="Observation-ex-MHV-temperature-7.html"/></extension><reference><reference value="Observation/ex-MHV-temperature-7"/></reference><name value="Example Observation - ex-MHV-temperature-7"/><exampleCanonical value="https://johnmoehrke.github.io/MHV-PGHD/StructureDefinition/VA.MHV.bodyTemperature"/><groupingId value="_ex_example"/></resource><resource><extension url="http://hl7.org/fhir/StructureDefinition/implementationguide-page"><valueUri value="Observation-ex-MHV-weight-core.html"/></extension><reference><reference value="Observation/ex-MHV-weight-core"/></reference><groupingId value="_other"/></resource><resource><extension url="http://hl7.org/fhir/StructureDefinition/implementationguide-page"><valueUri value="Observation-ex-MHV-weight-stone.html"/></extension><reference><reference value="Observation/ex-MHV-weight-stone"/></reference><groupingId value="_other"/></resource><resource><extension url="http://hl7.org/fhir/StructureDefinition/implementationguide-page"><valueUri value="Observation-ex-MHV-weight.html"/></extension><reference><reference value="Observation/ex-MHV-weight"/></reference><name value="Example Observation - ex-MHV-weight"/><exampleCanonical value="https://johnmoehrke.github.io/MHV-PGHD/StructureDefinition/VA.MHV.bodyWeight"/><groupingId value="_ex_example"/></resource><resource><extension url="http://hl7.org/fhir/StructureDefinition/implementationguide-page"><valueUri value="Observation-ex-temperature-10.html"/></extension><reference><reference value="Observation/ex-temperature-10"/></reference><groupingId value="_other"/></resource><resource><extension url="http://hl7.org/fhir/StructureDefinition/implementationguide-page"><valueUri value="Observation-ex-temperature-8.html"/></extension><reference><reference value="Observation/ex-temperature-8"/></reference><groupingId value="_other"/></resource><resource><extension url="http://hl7.org/fhir/StructureDefinition/implementationguide-page"><valueUri value="Observation-ex-temperature-9.html"/></extension><reference><reference value="Observation/ex-temperature-9"/></reference><groupingId value="_other"/></resource><resource><extension url="http://hl7.org/fhir/StructureDefinition/implementationguide-page"><valueUri value="StructureDefinition-VA.MHV.bodyTemperature.html"/></extension><reference><reference value="StructureDefinition/VA.MHV.bodyTemperature"/></reference><name value="VA MHV Body Temperature Observation"/><description value="A profile on the Observation that declares how MHV will Create/Update in PGHD for body temperature measurements."/><groupingId value="_str_profile"/></resource><resource><extension url="http://hl7.org/fhir/StructureDefinition/implementationguide-page"><valueUri value="StructureDefinition-VA.MHV.bodyWeight.html"/></extension><reference><reference value="StructureDefinition/VA.MHV.bodyWeight"/></reference><name value="VA MHV BodyWeight Observation"/><description value="A profile on the Observation that declares how MHV will Create/Update in PGHD for body weight measurements."/><groupingId value="_str_profile"/></resource><resource><extension url="http://hl7.org/fhir/StructureDefinition/implementationguide-page"><valueUri value="StructureDefinition-VA.MHV.heartRate.html"/></extension><reference><reference value="StructureDefinition/VA.MHV.heartRate"/></reference><name value="VA MHV HeartRate Observation"/><description value="A profile on the Observation that declares how MHV will Create/Update in PGHD for heart rate measurements."/><groupingId value="_str_profile"/></resource><resource><extension url="http://hl7.org/fhir/StructureDefinition/implementationguide-page"><valueUri value="CodeSystem-OnclC.html"/></extension><reference><reference value="CodeSystem/OnclC"/></reference><name value="PGD apps"/><description value="App identifiers for use with PGD"/><groupingId value="_term_codesystem"/></resource><resource><extension url="http://hl7.org/fhir/StructureDefinition/implementationguide-page"><valueUri value="ValueSet-mhv-body-temperature-sites.html"/></extension><reference><reference value="ValueSet/mhv-body-temperature-sites"/></reference><name value="The body temperature measurement sites that MHV supports"/><description value="These are the SNOMED body sites that MHV supports."/><groupingId value="_term_valueset"/></resource><resource><extension url="http://hl7.org/fhir/StructureDefinition/implementationguide-page"><valueUri value="ValueSet-mhv-body-temperatures.html"/></extension><reference><reference value="ValueSet/mhv-body-temperatures"/></reference><name value="The body temperature measurement types that MHV supports"/><description value="These are the UCUM types that MHV supports."/><groupingId value="_term_valueset"/></resource><resource><extension url="http://hl7.org/fhir/StructureDefinition/implementationguide-page"><valueUri value="ValueSet-mhv-body-weights.html"/></extension><reference><reference value="ValueSet/mhv-body-weights"/></reference><name value="The body weight measurement types that MHV supports"/><description value="These are the UCUM types that MHV supports. This is a subset of the full bodyWeight types (which also brings in grams. Others might also include stone)."/><groupingId value="_term_valueset"/></resource><page><nameUrl value="toc.html"/><title value="Table of Contents"/><generation value="html"/><page><nameUrl value="index.html"/><title value="MyIG Home Page"/><generation value="html"/></page><page><nameUrl value="background.html"/><title value="Background"/><generation value="markdown"/></page><page><nameUrl value="downloads.html"/><title value="Useful Downloads"/><generation value="html"/></page><page><nameUrl value="changes.html"/><title value="IG Change History"/><generation value="html"/></page><page><nameUrl value="artifacts.html"/><title value="Artifacts Summary"/><generation value="html"/><page><nameUrl value="StructureDefinition-VA.MHV.bodyTemperature.html"/><title value="VA MHV Body Temperature Observation"/><generation value="generated"/></page><page><nameUrl value="StructureDefinition-VA.MHV.bodyWeight.html"/><title value="VA MHV BodyWeight Observation"/><generation value="generated"/></page><page><nameUrl value="StructureDefinition-VA.MHV.heartRate.html"/><title value="VA MHV HeartRate Observation"/><generation value="generated"/></page><page><nameUrl value="ValueSet-mhv-body-temperature-sites.html"/><title value="The body temperature measurement sites that MHV supports"/><generation value="generated"/></page><page><nameUrl value="ValueSet-mhv-body-temperatures.html"/><title value="The body temperature measurement types that MHV supports"/><generation value="generated"/></page><page><nameUrl value="ValueSet-mhv-body-weights.html"/><title value="The body weight measurement types that MHV supports"/><generation value="generated"/></page><page><nameUrl value="CodeSystem-OnclC.html"/><title value="PGD apps"/><generation value="generated"/></page><page><nameUrl value="Observation-ex-MHV-heartRate-1.html"/><title value="Example Observation - ex-MHV-heartRate-1"/><generation value="generated"/></page><page><nameUrl value="Observation-ex-MHV-heartRate-2.html"/><title value="Example Observation - ex-MHV-heartRate-2"/><generation value="generated"/></page><page><nameUrl value="Observation-ex-MHV-heartRate-3.html"/><title value="Example Observation - ex-MHV-heartRate-3"/><generation value="generated"/></page><page><nameUrl value="Observation-ex-MHV-temperature-0.html"/><title value="Example Observation - ex-MHV-temperature-0"/><generation value="generated"/></page><page><nameUrl value="Observation-ex-MHV-temperature-1.html"/><title value="Example Observation - ex-MHV-temperature-1"/><generation value="generated"/></page><page><nameUrl value="Observation-ex-MHV-temperature-2.html"/><title value="Example Observation - ex-MHV-temperature-2"/><generation value="generated"/></page><page><nameUrl value="Observation-ex-MHV-temperature-3.html"/><title value="Example Observation - ex-MHV-temperature-3"/><generation value="generated"/></page><page><nameUrl value="Observation-ex-MHV-temperature-4.html"/><title value="Example Observation - ex-MHV-temperature-4"/><generation value="generated"/></page><page><nameUrl value="Observation-ex-MHV-temperature-5.html"/><title value="Example Observation - ex-MHV-temperature-5"/><generation value="generated"/></page><page><nameUrl value="Observation-ex-MHV-temperature-6.html"/><title value="Example Observation - ex-MHV-temperature-6"/><generation value="generated"/></page><page><nameUrl value="Observation-ex-MHV-temperature-7.html"/><title value="Example Observation - ex-MHV-temperature-7"/><generation value="generated"/></page><page><nameUrl value="Observation-ex-MHV-weight.html"/><title value="Example Observation - ex-MHV-weight"/><generation value="generated"/></page><page><nameUrl value="Encounter-example.html"/><generation value="generated"/></page><page><nameUrl value="Observation-ex-MHV-weight-core.html"/><generation value="generated"/></page><page><nameUrl value="Observation-ex-MHV-weight-stone.html"/><generation value="generated"/></page><page><nameUrl value="Observation-ex-temperature-10.html"/><generation value="generated"/></page><page><nameUrl value="Observation-ex-temperature-8.html"/><generation value="generated"/></page><page><nameUrl value="Observation-ex-temperature-9.html"/><generation value="generated"/></page></page></page><parameter><code value="path-resource"/><value value="input/capabilities"/></parameter><parameter><code value="path-resource"/><value value="input/examples"/></parameter><parameter><code value="path-resource"/><value value="input/extensions"/></parameter><parameter><code value="path-resource"/><value value="input/models"/></parameter><parameter><code value="path-resource"/><value value="input/operations"/></parameter><parameter><code value="path-resource"/><value value="input/profiles"/></parameter><parameter><code value="path-resource"/><value value="input/resources"/></parameter><parameter><code value="path-resource"/><value value="input/vocabulary"/></parameter><parameter><code value="path-resource"/><value value="input/maps"/></parameter><parameter><code value="path-resource"/><value value="input/testing"/></parameter><parameter><code value="path-resource"/><value value="input/history"/></parameter><parameter><code value="path-resource"/><value value="fsh-generated/resources"/></parameter><parameter><code value="path-pages"/><value value="template/config"/></parameter><parameter><code value="path-pages"/><value value="input/images"/></parameter><parameter><code value="path-tx-cache"/><value value="input-cache/txcache"/></parameter></definition></ImplementationGuide>