<?xml version="1.0" encoding="UTF-8"?><ValueSet xmlns="http://hl7.org/fhir"><id value="mhv-medication-routes"/><text><status value="generated"/><div xmlns="http://www.w3.org/1999/xhtml"><ul><li>Include these codes as defined in <a href="http://www.snomed.org/"><code>http://snomed.info/sct</code></a><table class="none"><tr><td style="white-space:nowrap"><b>Code</b></td><td><b>Display</b></td></tr><tr><td><a href="http://snomed.info/id/26643006">26643006</a></td><td>Oral use</td></tr><tr><td><a href="http://snomed.info/id/37161004">37161004</a></td><td>Rectal use</td></tr><tr><td><a href="http://snomed.info/id/45890007">45890007</a></td><td>Transdermal use</td></tr><tr><td><a href="http://snomed.info/id/6064005">6064005</a></td><td>Topical route</td></tr><tr><td><a href="http://snomed.info/id/78421000">78421000</a></td><td>Intramuscular use</td></tr><tr><td><a href="http://snomed.info/id/47625008">47625008</a></td><td>Intravenous use</td></tr></table></li></ul></div></text><url value="https://johnmoehrke.github.io/MHV-PGHD/ValueSet/mhv-medication-routes"/><version value="0.2.8-beta"/><name value="MHVmedicationRoutes"/><title value="The routes of medication that MHV supports"/><status value="active"/><date value="2022-04-15T09:43:59-05:00"/><contact><name value="John Moehrke"/></contact><description value="These are the SNOMED-CT routes for medications that MHV supports."/><jurisdiction><coding><system value="urn:iso:std:iso:3166"/><code value="USA"/></coding></jurisdiction><compose><include><system value="http://snomed.info/sct"/><concept><code value="26643006"/><display value="Oral use"/></concept><concept><code value="37161004"/><display value="Rectal use"/></concept><concept><code value="45890007"/><display value="Transdermal use"/></concept><concept><code value="6064005"/><display value="Topical route"/></concept><concept><code value="78421000"/><display value="Intramuscular use"/></concept><concept><code value="47625008"/><display value="Intravenous use"/></concept></include></compose></ValueSet>