<?xml version="1.0" encoding="UTF-8"?><ValueSet xmlns="http://hl7.org/fhir"><id value="AllAppIdCodes"/><text><status value="generated"/><div xmlns="http://www.w3.org/1999/xhtml"><p>This value set includes codes based on the following rules:</p><ul><li>Include all codes defined in <a href="CodeSystem-OnclC.html"><code>https://wiki.mobilehealth.va.gov/x/Onc1C</code></a></li><li>Include all codes defined in <a href="CodeSystem-CPM.html"><code>https://wiki.mobilehealth.va.gov/display/PGDMS/Client+Provenance+Mapping</code></a></li></ul></div></text><url value="https://johnmoehrke.github.io/MHV-PGHD/ValueSet/AllAppIdCodes"/><version value="0.2.4-beta"/><name value="AllAppIdCodes"/><status value="active"/><date value="2020-12-17T06:12:53-06:00"/><contact><name value="John Moehrke"/></contact><jurisdiction><coding><system value="http://unstats.un.org/unsd/methods/m49/m49.htm"/><code value="001"/></coding></jurisdiction><compose><include><system value="https://wiki.mobilehealth.va.gov/x/Onc1C"/></include><include><system value="https://wiki.mobilehealth.va.gov/display/PGDMS/Client+Provenance+Mapping"/></include></compose></ValueSet>