<?xml version="1.0" encoding="UTF-8"?><ValueSet xmlns="http://hl7.org/fhir"><id value="mhv-blood-sugar-methods-sites"/><text><status value="generated"/><div xmlns="http://www.w3.org/1999/xhtml"><ul><li>Include these codes as defined in <a href="http://www.snomed.org/"><code>http://snomed.info/sct</code></a><table class="none"><tr><td style="white-space:nowrap"><b>Code</b></td><td><b>Display</b></td></tr><tr><td><a href="http://browser.ihtsdotools.org/?perspective=full&amp;conceptId1=15220000">15220000</a></td><td>Laboratory Test</td></tr><tr><td><a href="http://browser.ihtsdotools.org/?perspective=full&amp;conceptId1=350810002">350810002</a></td><td>Lancet</td></tr><tr><td><a href="http://browser.ihtsdotools.org/?perspective=full&amp;conceptId1=263902000">263902000</a></td><td>Transcutaneous method</td></tr><tr><td><a href="http://browser.ihtsdotools.org/?perspective=full&amp;conceptId1=261373009">261373009</a></td><td>Implant technique</td></tr></table></li></ul></div></text><url value="https://johnmoehrke.github.io/MHV-PGHD/ValueSet/mhv-blood-sugar-methods-sites"/><version value="0.2.4-beta"/><name value="MHVbloodSugarMethods"/><title value="The methods of measurement for blood sugar that MHV supports"/><status value="active"/><date value="2021-04-15T12:13:48-05:00"/><contact><name value="John Moehrke"/></contact><description value="These are the SNOMED body sites that MHV supports."/><jurisdiction><coding><system value="http://unstats.un.org/unsd/methods/m49/m49.htm"/><code value="001"/></coding></jurisdiction><compose><include><system value="http://snomed.info/sct"/><concept><code value="15220000"/><display value="Laboratory Test"/></concept><concept><code value="350810002"/><display value="Lancet"/></concept><concept><code value="263902000"/><display value="Transcutaneous method"/></concept><concept><code value="261373009"/><display value="Implant technique"/></concept></include></compose></ValueSet>