<?xml version="1.0" encoding="UTF-8"?><ValueSet xmlns="http://hl7.org/fhir"><id value="mhv-body-weights"/><text><status value="generated"/><div xmlns="http://www.w3.org/1999/xhtml"><ul><li>Include these codes as defined in <a href="http://unitsofmeasure.org"><code>http://unitsofmeasure.org</code></a><table class="none"><tr><td style="white-space:nowrap"><b>Code</b></td><td><b>Display</b></td></tr><tr><td>[lb_av]</td><td>[lb_av]</td></tr><tr><td>kg</td><td>kg</td></tr></table></li></ul></div></text><url value="https://johnmoehrke.github.io/MHV-PGHD/ValueSet/mhv-body-weights"/><version value="0.2.6-beta"/><name value="MHVbodyWeights"/><title value="The body weight measurement types that MHV supports"/><status value="active"/><date value="2021-08-16T16:39:12-05:00"/><contact><name value="John Moehrke"/></contact><description value="These are the UCUM types that MHV supports. This is a subset of the full bodyWeight types (which also brings in grams. Others might also include stone)."/><jurisdiction><coding><system value="http://unstats.un.org/unsd/methods/m49/m49.htm"/><code value="001"/></coding></jurisdiction><compose><include><system value="http://unitsofmeasure.org"/><concept><code value="[lb_av]"/></concept><concept><code value="kg"/></concept></include></compose></ValueSet>