<?xml version="1.0" encoding="UTF-8"?><ValueSet xmlns="http://hl7.org/fhir"><id value="mhv-blood-pressure-positions"/><text><status value="generated"/><div xmlns="http://www.w3.org/1999/xhtml"><ul><li>Include these codes as defined in <a href="http://loinc.org"><code>http://loinc.org</code></a><table class="none"><tr><td style="white-space:nowrap"><b>Code</b></td><td><b>Display</b></td></tr><tr><td><a href="http://details.loinc.org/LOINC/69000-8.html">69000-8</a></td><td>Heart rate - sitting</td></tr><tr><td><a href="http://details.loinc.org/LOINC/69001-6.html">69001-6</a></td><td>Heart rate - standing</td></tr><tr><td><a href="http://details.loinc.org/LOINC/68999-2.html">68999-2</a></td><td>Heart rate - supine</td></tr><tr><td><a href="http://details.loinc.org/LOINC/40443-4.html">40443-4</a></td><td>Heart rate - resting</td></tr></table></li></ul></div></text><url value="https://johnmoehrke.github.io/MHV-PGHD/ValueSet/mhv-blood-pressure-positions"/><version value="0.2.7-beta"/><name value="MHVbloodPressurePositions"/><title value="The methods of measurement for blood pressure that MHV supports"/><status value="active"/><date value="2022-02-09T10:24:17-06:00"/><contact><name value="John Moehrke"/></contact><description value="These are the loinc body positions that MHV supports on blood pressure."/><jurisdiction><coding><system value="http://unstats.un.org/unsd/methods/m49/m49.htm"/><code value="001"/></coding></jurisdiction><compose><include><system value="http://loinc.org"/><concept><code value="69000-8"/><display value="Heart rate - sitting"/></concept><concept><code value="69001-6"/><display value="Heart rate - standing"/></concept><concept><code value="68999-2"/><display value="Heart rate - supine"/></concept><concept><code value="40443-4"/><display value="Heart rate - resting"/></concept></include></compose></ValueSet>