<?xml version="1.0" encoding="UTF-8"?><ValueSet xmlns="http://hl7.org/fhir"><id value="AllAppIdCodes"/><text><status value="generated"/><div xmlns="http://www.w3.org/1999/xhtml"><p>This value set includes codes based on the following rules:</p><ul><li>Include all codes defined in <a href="CodeSystem-OnclC.html"><code>https://wiki.mobilehealth.va.gov/x/Onc1C</code></a></li><li>Include all codes defined in <a href="CodeSystem-CPM.html"><code>https://wiki.mobilehealth.va.gov/display/PGDMS/Client+Provenance+Mapping</code></a></li></ul></div></text><url value="https://johnmoehrke.github.io/MHV-PGHD/ValueSet/AllAppIdCodes"/><version value="0.2.7-beta"/><name value="AllAppIdCodes"/><status value="active"/><date value="2022-04-11T07:37:02-05:00"/><contact><name value="John Moehrke"/></contact><jurisdiction><coding><system value="urn:iso:std:iso:3166"/><code value="USA"/></coding></jurisdiction><compose><include><system value="https://wiki.mobilehealth.va.gov/x/Onc1C"/></include><include><system value="https://wiki.mobilehealth.va.gov/display/PGDMS/Client+Provenance+Mapping"/></include></compose></ValueSet>