<?xml version="1.0" encoding="UTF-8"?><ValueSet xmlns="http://hl7.org/fhir"><id value="mhv-blood-sugar-methods-sites"/><text><status value="generated"/><div xmlns="http://www.w3.org/1999/xhtml"><ul><li>Include these codes as defined in <a href="http://www.snomed.org/"><code>http://snomed.info/sct</code></a><table class="none"><tr><td style="white-space:nowrap"><b>Code</b></td><td><b>Display</b></td></tr><tr><td><a href="http://snomed.info/id/15220000">15220000</a></td><td>Laboratory Test</td></tr><tr><td><a href="http://snomed.info/id/350810002">350810002</a></td><td>Lancet</td></tr><tr><td><a href="http://snomed.info/id/263902000">263902000</a></td><td>Transcutaneous method</td></tr><tr><td><a href="http://snomed.info/id/261373009">261373009</a></td><td>Implant technique</td></tr></table></li></ul></div></text><extension url="http://hl7.org/fhir/StructureDefinition/structuredefinition-fmm"><valueInteger value="2"><extension url="http://hl7.org/fhir/StructureDefinition/structuredefinition-conformance-derivedFrom"><valueCanonical value="https://johnmoehrke.github.io/MHV-PGHD/ImplementationGuide/va.mhv.example"/></extension></valueInteger></extension><extension url="http://hl7.org/fhir/StructureDefinition/structuredefinition-standards-status"><valueCode value="trial-use"><extension url="http://hl7.org/fhir/StructureDefinition/structuredefinition-conformance-derivedFrom"><valueCanonical value="https://johnmoehrke.github.io/MHV-PGHD/ImplementationGuide/va.mhv.example"/></extension></valueCode></extension><url value="https://johnmoehrke.github.io/MHV-PGHD/ValueSet/mhv-blood-sugar-methods-sites"/><version value="0.2.9-beta"/><name value="MHVbloodSugarMethods"/><title value="The methods of measurement for blood sugar that MHV supports"/><status value="active"/><experimental value="false"/><date value="2023-02-16T09:21:54-06:00"/><publisher value="John Moehrke (himself)"/><contact><name value="John Moehrke (himself)"/><telecom><system value="url"/><value value="http://healthcaresecprivacy.blogspot.com"/></telecom><telecom><system value="email"/><value value="JohnMoehrke@gmail.com"/></telecom></contact><contact><name value="John Moehrke (himself)"/><telecom><system value="email"/><value value="JohnMoehrke@gmail.com"/></telecom></contact><description value="These are the SNOMED body sites that MHV supports."/><jurisdiction><coding><system value="urn:iso:std:iso:3166"/><code value="US"/></coding></jurisdiction><compose><include><system value="http://snomed.info/sct"/><concept><code value="15220000"/><display value="Laboratory Test"/></concept><concept><code value="350810002"/><display value="Lancet"/></concept><concept><code value="263902000"/><display value="Transcutaneous method"/></concept><concept><code value="261373009"/><display value="Implant technique"/></concept></include></compose></ValueSet>