{
  "resourceType" : "Bundle",
  "id" : "5cd38f8e-5d59-40d8-ac7f-3c843bf31450",
  "meta" : {
    "lastUpdated" : "2020-11-20T06:47:11.922-06:00"
  },
  "type" : "collection",
  "entry" : [{
    "resource" : {
      "resourceType" : "ValueSet",
      "text" : {
        "status" : "generated",
        "div" : "<div xmlns=\"http://www.w3.org/1999/xhtml\"><p>This value set contains 5 concepts</p><p style=\"border: black 1px dotted; background-color: #EEEEEE; padding: 8px; margin-bottom: 8px\">Expansion based on SNOMED CT International edition 31-Jul 2020</p><p>All codes from system <a href=\"http://hl7.org/fhir/R4/codesystem-snomedct.html\"><code>http://snomed.info/sct</code></a></p><table class=\"codes\"><tr><td style=\"white-space:nowrap\"><b>Code</b></td><td><b>Display</b></td><td><b>Definition</b></td></tr><tr><td style=\"white-space:nowrap\"><a name=\"http---snomed.info-sct-422005\"> </a><a href=\"http://browser.ihtsdotools.org/?perspective=full&amp;conceptId1=422005\">422005</a></td><td>Inferior surface of tongue</td><td/></tr><tr><td style=\"white-space:nowrap\"><a name=\"http---snomed.info-sct-362732006\"> </a><a href=\"http://browser.ihtsdotools.org/?perspective=full&amp;conceptId1=362732006\">362732006</a></td><td>Entire axillary region</td><td/></tr><tr><td style=\"white-space:nowrap\"><a name=\"http---snomed.info-sct-1910005\"> </a><a href=\"http://browser.ihtsdotools.org/?perspective=full&amp;conceptId1=1910005\">1910005</a></td><td>Entire ear</td><td/></tr><tr><td style=\"white-space:nowrap\"><a name=\"http---snomed.info-sct-21082005\"> </a><a href=\"http://browser.ihtsdotools.org/?perspective=full&amp;conceptId1=21082005\">21082005</a></td><td>Entire mouth region</td><td/></tr><tr><td style=\"white-space:nowrap\"><a name=\"http---snomed.info-sct-181261002\"> </a><a href=\"http://browser.ihtsdotools.org/?perspective=full&amp;conceptId1=181261002\">181261002</a></td><td>Entire rectum</td><td/></tr></table></div>"
      },
      "status" : "active",
      "expansion" : {
        "identifier" : "urn:uuid:f1ff7e3d-ab4c-4647-ba8e-a49a7a2c4967",
        "timestamp" : "2020-11-19T20:06:19.753Z",
        "parameter" : [{
          "name" : "limitedExpansion",
          "valueBoolean" : true
        },
        {
          "name" : "version",
          "valueString" : "http://snomed.info/sct|http://snomed.info/sct/900000000000207008/version/20200731"
        }],
        "contains" : [{
          "system" : "http://snomed.info/sct",
          "code" : "422005",
          "display" : "Inferior surface of tongue"
        },
        {
          "system" : "http://snomed.info/sct",
          "code" : "362732006",
          "display" : "Entire axillary region"
        },
        {
          "system" : "http://snomed.info/sct",
          "code" : "1910005",
          "display" : "Entire ear"
        },
        {
          "system" : "http://snomed.info/sct",
          "code" : "21082005",
          "display" : "Entire mouth region"
        },
        {
          "system" : "http://snomed.info/sct",
          "code" : "181261002",
          "display" : "Entire rectum"
        }]
      }
    }
  },
  {
    "resource" : {
      "resourceType" : "ValueSet",
      "text" : {
        "status" : "generated",
        "div" : "<div xmlns=\"http://www.w3.org/1999/xhtml\"><p>This value set contains 2 concepts</p><p style=\"border: black 1px dotted; background-color: #EEEEEE; padding: 8px; margin-bottom: 8px\">Expansion based on UCUM version 2.0.1</p><p>All codes from system <code>http://unitsofmeasure.org</code></p><table class=\"codes\"><tr><td style=\"white-space:nowrap\"><b>Code</b></td><td><b>Display</b></td></tr><tr><td style=\"white-space:nowrap\"><a name=\"http---unitsofmeasure.org--degF-\"> </a>[degF]</td><td>degree Fahrenheit</td></tr><tr><td style=\"white-space:nowrap\"><a name=\"http---unitsofmeasure.org-Cel\"> </a>Cel</td><td>degree Celsius</td></tr></table></div>"
      },
      "status" : "active",
      "expansion" : {
        "identifier" : "urn:uuid:fb18b968-ef19-43c6-ac1b-e754b02709b0",
        "timestamp" : "2020-11-18T21:46:56.034Z",
        "parameter" : [{
          "name" : "limitedExpansion",
          "valueBoolean" : true
        },
        {
          "name" : "version",
          "valueString" : "http://unitsofmeasure.org|2.0.1"
        }],
        "contains" : [{
          "system" : "http://unitsofmeasure.org",
          "code" : "[degF]",
          "display" : "degree Fahrenheit"
        },
        {
          "system" : "http://unitsofmeasure.org",
          "code" : "Cel",
          "display" : "degree Celsius"
        }]
      }
    }
  },
  {
    "resource" : {
      "resourceType" : "ValueSet",
      "text" : {
        "status" : "generated",
        "div" : "<div xmlns=\"http://www.w3.org/1999/xhtml\"><p>This value set contains 2 concepts</p><p style=\"border: black 1px dotted; background-color: #EEEEEE; padding: 8px; margin-bottom: 8px\">Expansion based on UCUM version 2.0.1</p><p>All codes from system <code>http://unitsofmeasure.org</code></p><table class=\"codes\"><tr><td style=\"white-space:nowrap\"><b>Code</b></td><td><b>Display</b></td></tr><tr><td style=\"white-space:nowrap\"><a name=\"http---unitsofmeasure.org--lb-av-\"> </a>[lb_av]</td><td>pound (US and British)</td></tr><tr><td style=\"white-space:nowrap\"><a name=\"http---unitsofmeasure.org-kg\"> </a>kg</td><td>kilogram</td></tr></table></div>"
      },
      "status" : "active",
      "expansion" : {
        "identifier" : "urn:uuid:3b1198ae-6907-4268-b7f8-7b8328f44224",
        "timestamp" : "2020-11-18T19:16:06.223Z",
        "parameter" : [{
          "name" : "limitedExpansion",
          "valueBoolean" : true
        },
        {
          "name" : "version",
          "valueString" : "http://unitsofmeasure.org|2.0.1"
        }],
        "contains" : [{
          "system" : "http://unitsofmeasure.org",
          "code" : "[lb_av]",
          "display" : "pound (US and British)"
        },
        {
          "system" : "http://unitsofmeasure.org",
          "code" : "kg",
          "display" : "kilogram"
        }]
      }
    }
  }]
}