{
  "resourceType": "Observation",
  "id": "example-weight-min",
  "meta": {
    "profile": [
      "http://example.org/va.mhv.example/StructureDefinition/VA.MHV.bodyWeight"
    ],
    "tag": [
      {
        "system": "https://wiki.mobilehealth.va.gov/x/Onc1C",
        "code": "2ce6d9aa-c068-4809-8dda-662bcb16d09a"
      }
    ]
  },
  "text": {
    "status": "additional",
    "div": "<div xmlns=\"http://www.w3.org/1999/xhtml\"><p>TestPlan: This is a minimally specified weight that MHV should display as 83.9146 kg, a bit podgy. in DSTU2</p></div>"
  },
  "status": "final",
  "category": [
    {
      "coding": [
        {
          "system": "http://terminology.hl7.org/CodeSystem/observation-category",
          "code": "vital-signs",
          "display": "Vital Signs"
        }
      ]
    }
  ],
  "code": {
    "coding": [
      {
        "system": "http://loinc.org",
        "code": "29463-7"
      }
    ]
  },
  "subject": {
    "reference": "Patient/example"
  },
  "effectiveDateTime": "2012-09-17",
  "valueQuantity": {
    "value": 185,
    "unit": "lb_av",
    "system": "http://unitsofmeasure.org",
    "code": "[lb_av]"
  },
  "note": [
    {
      "text": "a bit heavy"
    }
  ]
}