<?xml version="1.0" encoding="UTF-8"?>

<AllergyIntolerance xmlns="http://hl7.org/fhir">
  <id value="ex-MHV-allergy-0"/>
  <meta>
    <profile value="https://johnmoehrke.github.io/MHV-PGHD/StructureDefinition/VA.MHV.allergy"/>
    <tag>
      <system value="https://wiki.mobilehealth.va.gov/x/Onc1C"/>
      <code value="2ce6d9aa-c068-4809-8dda-662bcb16d09a"/>
    </tag>
  </meta>
  <text>
    <status value="generated"/><div xmlns="http://www.w3.org/1999/xhtml"><p><b>Generated Narrative</b></p><p><b>clinicalStatus</b>: <span title="Codes: {http://terminology.hl7.org/CodeSystem/allergyintolerance-clinical active}">Active</span></p><p><b>verificationStatus</b>: <span title="Codes: {http://terminology.hl7.org/CodeSystem/allergyintolerance-verification unconfirmed}">Unconfirmed</span></p><p><b>type</b>: allergy</p><p><b>category</b>: medication</p><p><b>code</b>: <span title="Codes: {http://snomed.info/sct 293586001}">Aspirin allergy</span></p><p><b>patient</b>: <a href="Patient-ex-patient.html">Generated Summary: Jack Smith </a></p><p><b>onset</b>: Dec 25, 2020 10:50:50 PM</p><p><b>recordedDate</b>: Dec 25, 2020 10:50:50 PM</p><p><b>recorder</b>: <a href="Patient-ex-patient.html">Generated Summary: Jack Smith </a></p><p><b>asserter</b>: <a href="Patient-ex-patient.html">Generated Summary: Jack Smith </a></p><p><b>note</b>: hard to breath, but able to</p><h3>Reactions</h3><table class="grid"><tr><td>-</td><td><b>Manifestation</b></td><td><b>Description</b></td></tr><tr><td>*</td><td><span title="Codes: {http://snomed.info/sct 39579001}">Anaphylaxis</span></td><td>Anaphylaxis</td></tr></table></div>
  </text>
  <clinicalStatus>
    <coding>
      <system value="http://terminology.hl7.org/CodeSystem/allergyintolerance-clinical"/>
      <code value="active"/>
    </coding>
  </clinicalStatus>
  <verificationStatus>
    <coding>
      <system value="http://terminology.hl7.org/CodeSystem/allergyintolerance-verification"/>
      <code value="unconfirmed"/>
    </coding>
  </verificationStatus>
  <type value="allergy"/>
  <category value="medication"/>
  <code>
    <coding>
      <system value="http://snomed.info/sct"/>
      <code value="293586001"/>
      <display value="Aspirin allergy"/>
    </coding>
  </code>
  <patient>
    <reference value="Patient/ex-patient"/>
  </patient>
  <onsetDateTime value="2020-12-25T23:50:50-05:00"/>
  <recordedDate value="2020-12-25T23:50:50-05:00"/>
  <recorder>
    <reference value="Patient/ex-patient"/>
  </recorder>
  <asserter>
    <reference value="Patient/ex-patient"/>
  </asserter>
  <note>
    <text value="hard to breath, but able to"/>
  </note>
  <reaction>
    <manifestation>
      <coding>
        <system value="http://snomed.info/sct"/>
        <code value="39579001"/>
        <display value="Anaphylaxis"/>
      </coding>
    </manifestation>
    <description value="Anaphylaxis"/>
  </reaction>
</AllergyIntolerance>