[
  {
    "id": "va.mhv.example",
    "type": "ImplementationGuide",
    "url": "https://johnmoehrke.github.io/MHV-PGHD/ImplementationGuide/va.mhv.example",
    "version": "0.2.0",
    "name": "MHVtoPGHD_Example"
  },
  {
    "id": "VA.MHV.bodyTemperature",
    "type": "StructureDefinition",
    "url": "https://johnmoehrke.github.io/MHV-PGHD/StructureDefinition/VA.MHV.bodyTemperature",
    "version": "0.2.0",
    "name": "MHVbodyTemperature"
  },
  {
    "id": "VA.MHV.bodyWeight",
    "type": "StructureDefinition",
    "url": "https://johnmoehrke.github.io/MHV-PGHD/StructureDefinition/VA.MHV.bodyWeight",
    "version": "0.2.0",
    "name": "MHVbodyWeight"
  },
  {
    "id": "VA.MHV.heartRate",
    "type": "StructureDefinition",
    "url": "https://johnmoehrke.github.io/MHV-PGHD/StructureDefinition/VA.MHV.heartRate",
    "version": "0.2.0",
    "name": "MHVheartRate"
  },
  {
    "id": "VA.MHV.pain",
    "type": "StructureDefinition",
    "url": "https://johnmoehrke.github.io/MHV-PGHD/StructureDefinition/VA.MHV.pain",
    "version": "0.2.0",
    "name": "MHVpain"
  },
  {
    "id": "mhv-body-temperature-sites",
    "type": "ValueSet",
    "url": "https://johnmoehrke.github.io/MHV-PGHD/ValueSet/mhv-body-temperature-sites",
    "version": "0.2.0",
    "name": "MHVbodyTemperatureSites"
  },
  {
    "id": "mhv-body-temperatures",
    "type": "ValueSet",
    "url": "https://johnmoehrke.github.io/MHV-PGHD/ValueSet/mhv-body-temperatures",
    "version": "0.2.0",
    "name": "MHVbodyTemperatures"
  },
  {
    "id": "mhv-body-weights",
    "type": "ValueSet",
    "url": "https://johnmoehrke.github.io/MHV-PGHD/ValueSet/mhv-body-weights",
    "version": "0.2.0",
    "name": "MHVbodyWeights"
  },
  {
    "id": "OnclC",
    "type": "CodeSystem",
    "url": "https://wiki.mobilehealth.va.gov/x/Onc1C",
    "version": "0.2.0",
    "name": "AppIdCodes"
  }
]