[
  {
    "id": "App-id-codes",
    "type": "CodeSystem",
    "url": "https://johnmoehrke.github.io/MHV-PGHD/CodeSystem/App-id-codes",
    "version": "0.2.0",
    "name": "AppIdCodes"
  },
  {
    "id": "va.mhv.example",
    "type": "ImplementationGuide",
    "url": "https://johnmoehrke.github.io/MHV-PGHD/ImplementationGuide/va.mhv.example",
    "version": "0.2.0",
    "name": "MHVtoPGHD_Example"
  },
  {
    "id": "VA.MHV.bodyWeight",
    "type": "StructureDefinition",
    "url": "https://johnmoehrke.github.io/MHV-PGHD/StructureDefinition/VA.MHV.bodyWeight",
    "version": "0.2.0",
    "name": "MHVbodyWeight"
  },
  {
    "id": "OnclC",
    "type": "CodeSystem",
    "url": "https://wiki.mobilehealth.va.gov/x/Onc1C",
    "version": "0.2.0",
    "name": "AppIdCodes"
  }
]