[
  {
    "id": "MHVcapabilities",
    "type": "CapabilityStatement",
    "url": "https://johnmoehrke.github.io/MHV-PGHD/CapabilityStatement/MHVcapabilities",
    "version": "0.2.9-beta",
    "name": "MHV_uses_PGHD"
  },
  {
    "id": "Ages",
    "type": "CodeSystem",
    "url": "https://johnmoehrke.github.io/MHV-PGHD/CodeSystem/Ages",
    "version": "0.2.9-beta",
    "name": "Ages"
  },
  {
    "id": "va.mhv.example",
    "type": "ImplementationGuide",
    "url": "https://johnmoehrke.github.io/MHV-PGHD/ImplementationGuide/va.mhv.example",
    "version": "0.2.9-beta",
    "name": "MHVIG"
  },
  {
    "id": "FM-Adopted",
    "type": "StructureDefinition",
    "url": "https://johnmoehrke.github.io/MHV-PGHD/StructureDefinition/FM-Adopted",
    "version": "0.2.9-beta",
    "name": "Adopted"
  },
  {
    "id": "FM-Ethnicity",
    "type": "StructureDefinition",
    "url": "https://johnmoehrke.github.io/MHV-PGHD/StructureDefinition/FM-Ethnicity",
    "version": "0.2.9-beta",
    "name": "Ethnicity"
  },
  {
    "id": "FM-MultiBirth",
    "type": "StructureDefinition",
    "url": "https://johnmoehrke.github.io/MHV-PGHD/StructureDefinition/FM-MultiBirth",
    "version": "0.2.9-beta",
    "name": "MultiBirth"
  },
  {
    "id": "FM-Race",
    "type": "StructureDefinition",
    "url": "https://johnmoehrke.github.io/MHV-PGHD/StructureDefinition/FM-Race",
    "version": "0.2.9-beta",
    "name": "Race"
  },
  {
    "id": "VA.MHV.BlueBundle",
    "type": "StructureDefinition",
    "url": "https://johnmoehrke.github.io/MHV-PGHD/StructureDefinition/VA.MHV.BlueBundle",
    "version": "0.2.9-beta",
    "name": "MHVbundleBluebutton"
  },
  {
    "id": "VA.MHV.BlueComposition",
    "type": "StructureDefinition",
    "url": "https://johnmoehrke.github.io/MHV-PGHD/StructureDefinition/VA.MHV.BlueComposition",
    "version": "0.2.9-beta",
    "name": "MHVcompositionBluebutton"
  },
  {
    "id": "VA.MHV.allergy",
    "type": "StructureDefinition",
    "url": "https://johnmoehrke.github.io/MHV-PGHD/StructureDefinition/VA.MHV.allergy",
    "version": "0.2.9-beta",
    "name": "MHVallergy"
  },
  {
    "id": "VA.MHV.bloodOxygenSat",
    "type": "StructureDefinition",
    "url": "https://johnmoehrke.github.io/MHV-PGHD/StructureDefinition/VA.MHV.bloodOxygenSat",
    "version": "0.2.9-beta",
    "name": "MHVbloodOxygenSat"
  },
  {
    "id": "VA.MHV.bloodPressure",
    "type": "StructureDefinition",
    "url": "https://johnmoehrke.github.io/MHV-PGHD/StructureDefinition/VA.MHV.bloodPressure",
    "version": "0.2.9-beta",
    "name": "MHVbloodPressure"
  },
  {
    "id": "VA.MHV.bloodSugar",
    "type": "StructureDefinition",
    "url": "https://johnmoehrke.github.io/MHV-PGHD/StructureDefinition/VA.MHV.bloodSugar",
    "version": "0.2.9-beta",
    "name": "MHVbloodSugar"
  },
  {
    "id": "VA.MHV.bloodSugarA",
    "type": "StructureDefinition",
    "url": "https://johnmoehrke.github.io/MHV-PGHD/StructureDefinition/VA.MHV.bloodSugarA",
    "version": "0.2.9-beta",
    "name": "MHVbloodSugarA"
  },
  {
    "id": "VA.MHV.bodyTemperature",
    "type": "StructureDefinition",
    "url": "https://johnmoehrke.github.io/MHV-PGHD/StructureDefinition/VA.MHV.bodyTemperature",
    "version": "0.2.9-beta",
    "name": "MHVbodyTemperature"
  },
  {
    "id": "VA.MHV.bodyWeight",
    "type": "StructureDefinition",
    "url": "https://johnmoehrke.github.io/MHV-PGHD/StructureDefinition/VA.MHV.bodyWeight",
    "version": "0.2.9-beta",
    "name": "MHVbodyWeight"
  },
  {
    "id": "VA.MHV.familymemberhistory",
    "type": "StructureDefinition",
    "url": "https://johnmoehrke.github.io/MHV-PGHD/StructureDefinition/VA.MHV.familymemberhistory",
    "version": "0.2.9-beta",
    "name": "MHVfamilymemberhistory"
  },
  {
    "id": "VA.MHV.heartRate",
    "type": "StructureDefinition",
    "url": "https://johnmoehrke.github.io/MHV-PGHD/StructureDefinition/VA.MHV.heartRate",
    "version": "0.2.9-beta",
    "name": "MHVheartRate"
  },
  {
    "id": "VA.MHV.immunization",
    "type": "StructureDefinition",
    "url": "https://johnmoehrke.github.io/MHV-PGHD/StructureDefinition/VA.MHV.immunization",
    "version": "0.2.9-beta",
    "name": "MHVimmunization"
  },
  {
    "id": "VA.MHV.medication",
    "type": "StructureDefinition",
    "url": "https://johnmoehrke.github.io/MHV-PGHD/StructureDefinition/VA.MHV.medication",
    "version": "0.2.9-beta",
    "name": "MHVmedication"
  },
  {
    "id": "VA.MHV.pain",
    "type": "StructureDefinition",
    "url": "https://johnmoehrke.github.io/MHV-PGHD/StructureDefinition/VA.MHV.pain",
    "version": "0.2.9-beta",
    "name": "MHVpain"
  },
  {
    "id": "VA.MHV.respirationRate",
    "type": "StructureDefinition",
    "url": "https://johnmoehrke.github.io/MHV-PGHD/StructureDefinition/VA.MHV.respirationRate",
    "version": "0.2.9-beta",
    "name": "MHVrespirationRate"
  },
  {
    "id": "AgesVS",
    "type": "ValueSet",
    "url": "https://johnmoehrke.github.io/MHV-PGHD/ValueSet/AgesVS",
    "version": "0.2.9-beta",
    "name": "AgesVS"
  },
  {
    "id": "AllAppIdCodes",
    "type": "ValueSet",
    "url": "https://johnmoehrke.github.io/MHV-PGHD/ValueSet/AllAppIdCodes",
    "version": "0.2.9-beta",
    "name": "AllAppIdCodes"
  },
  {
    "id": "mhv-blood-pressure-positions",
    "type": "ValueSet",
    "url": "https://johnmoehrke.github.io/MHV-PGHD/ValueSet/mhv-blood-pressure-positions",
    "version": "0.2.9-beta",
    "name": "MHVbloodPressurePositions"
  },
  {
    "id": "mhv-blood-sugar-methods-sites",
    "type": "ValueSet",
    "url": "https://johnmoehrke.github.io/MHV-PGHD/ValueSet/mhv-blood-sugar-methods-sites",
    "version": "0.2.9-beta",
    "name": "MHVbloodSugarMethods"
  },
  {
    "id": "mhv-body-temperature-sites",
    "type": "ValueSet",
    "url": "https://johnmoehrke.github.io/MHV-PGHD/ValueSet/mhv-body-temperature-sites",
    "version": "0.2.9-beta",
    "name": "MHVbodyTemperatureSites"
  },
  {
    "id": "mhv-body-temperatures",
    "type": "ValueSet",
    "url": "https://johnmoehrke.github.io/MHV-PGHD/ValueSet/mhv-body-temperatures",
    "version": "0.2.9-beta",
    "name": "MHVbodyTemperatures"
  },
  {
    "id": "mhv-body-weights",
    "type": "ValueSet",
    "url": "https://johnmoehrke.github.io/MHV-PGHD/ValueSet/mhv-body-weights",
    "version": "0.2.9-beta",
    "name": "MHVbodyWeights"
  },
  {
    "id": "mhv-medication-routes",
    "type": "ValueSet",
    "url": "https://johnmoehrke.github.io/MHV-PGHD/ValueSet/mhv-medication-routes",
    "version": "0.2.9-beta",
    "name": "MHVmedicationRoutes"
  },
  {
    "id": "CPM",
    "type": "CodeSystem",
    "url": "https://wiki.mobilehealth.va.gov/display/PGDMS/Client+Provenance+Mapping",
    "version": "0.2.9-beta",
    "name": "AppIdCodesToo"
  },
  {
    "id": "OnclC",
    "type": "CodeSystem",
    "url": "https://wiki.mobilehealth.va.gov/x/Onc1C",
    "version": "0.2.9-beta",
    "name": "AppIdCodes"
  }
]