{
  "resourceType": "CodeSystem",
  "id": "CPM",
  "text": {
    "status": "generated",
    "div": "<div xmlns=\"http://www.w3.org/1999/xhtml\"><p>This code system <code>https://wiki.mobilehealth.va.gov/display/PGDMS/Client+Provenance+Mapping</code> defines the following codes:</p><table class=\"codes\"><tr><td style=\"white-space:nowrap\"><b>Code</b></td><td><b>Display</b></td></tr><tr><td style=\"white-space:nowrap\">1e11b692-1898-4351-a7c5-428f61c91817&quot;<a name=\"CPM-1e11b692-1898-4351-a7c5-428f61c91817.34\"> </a></td><td>MobileKidney</td></tr></table></div>"
  },
  "url": "https://wiki.mobilehealth.va.gov/display/PGDMS/Client+Provenance+Mapping",
  "version": "0.2.8-beta",
  "name": "AppIdCodesToo",
  "title": "PGD other apps",
  "status": "active",
  "experimental": false,
  "date": "2022-10-20T14:08:50-05:00",
  "publisher": "John Moehrke (himself)",
  "contact": [
    {
      "name": "John Moehrke (himself)",
      "telecom": [
        {
          "system": "url",
          "value": "http://healthcaresecprivacy.blogspot.com"
        },
        {
          "system": "email",
          "value": "JohnMoehrke@gmail.com"
        }
      ]
    },
    {
      "name": "John Moehrke (himself)",
      "telecom": [
        {
          "system": "email",
          "value": "JohnMoehrke@gmail.com"
        }
      ]
    }
  ],
  "description": "Seems to be used by Mobile Kidney",
  "jurisdiction": [
    {
      "coding": [
        {
          "system": "urn:iso:std:iso:3166",
          "code": "US"
        }
      ]
    }
  ],
  "caseSensitive": true,
  "content": "complete",
  "count": 1,
  "concept": [
    {
      "code": "1e11b692-1898-4351-a7c5-428f61c91817\"",
      "display": "MobileKidney"
    }
  ]
}