<?xml version="1.0" encoding="UTF-8"?>

<CodeSystem xmlns="http://hl7.org/fhir">
  <id value="OnclC"/>
  <text>
    <status value="generated"/><div xmlns="http://www.w3.org/1999/xhtml"><p>This code system https://wiki.mobilehealth.va.gov/x/Onc1C defines the following codes:</p><table class="codes"><tr><td style="white-space:nowrap"><b>Code</b></td><td><b>Display</b></td></tr><tr><td style="white-space:nowrap">2ce6d9aa-c068-4809-8dda-662bcb16d09a<a name="OnclC-2ce6d9aa-c068-4809-8dda-662bcb16d09a"> </a></td><td>MyHealtheVet</td></tr></table></div>
  </text>
  <url value="https://wiki.mobilehealth.va.gov/x/Onc1C"/>
  <version value="0.2.5-beta"/>
  <name value="AppIdCodes"/>
  <title value="PGD apps"/>
  <status value="active"/>
  <date value="2021-04-19T16:57:11-05:00"/>
  <contact>
    <name value="John Moehrke"/>
  </contact>
  <description value="App identifiers for use with PGD"/>
  <jurisdiction>
    <coding>
      <system value="http://unstats.un.org/unsd/methods/m49/m49.htm"/>
      <code value="001"/>
    </coding>
  </jurisdiction>
  <content value="complete"/>
  <count value="1"/>
  <concept>
    <code value="2ce6d9aa-c068-4809-8dda-662bcb16d09a"/>
    <display value="MyHealtheVet"/>
  </concept>
</CodeSystem>