{
  "resourceType": "CodeSystem",
  "id": "OnclC",
  "text": {
    "status": "generated",
    "div": "<div xmlns=\"http://www.w3.org/1999/xhtml\"><p>This code system https://wiki.mobilehealth.va.gov/x/Onc1C defines the following codes:</p><table class=\"codes\"><tr><td style=\"white-space:nowrap\"><b>Code</b></td><td><b>Display</b></td></tr><tr><td style=\"white-space:nowrap\">2ce6d9aa-c068-4809-8dda-662bcb16d09a<a name=\"OnclC-2ce6d9aa-c068-4809-8dda-662bcb16d09a\"> </a></td><td>MyHealtheVet</td></tr></table></div>"
  },
  "url": "https://wiki.mobilehealth.va.gov/x/Onc1C",
  "version": "0.2.6-beta",
  "name": "AppIdCodes",
  "title": "PGD apps",
  "status": "active",
  "date": "2021-06-04T08:50:56-05:00",
  "contact": [
    {
      "name": "John Moehrke"
    }
  ],
  "description": "App identifiers for use with PGD",
  "jurisdiction": [
    {
      "coding": [
        {
          "system": "http://unstats.un.org/unsd/methods/m49/m49.htm",
          "code": "001"
        }
      ]
    }
  ],
  "content": "complete",
  "count": 1,
  "concept": [
    {
      "code": "2ce6d9aa-c068-4809-8dda-662bcb16d09a",
      "display": "MyHealtheVet"
    }
  ]
}