{
  "resourceType": "Composition",
  "id": "ex-MHV-Composition-0",
  "meta": {
    "profile": [
      "https://johnmoehrke.github.io/MHV-PGHD/StructureDefinition/VA.MHV.BlueComposition"
    ],
    "tag": [
      {
        "system": "https://wiki.mobilehealth.va.gov/x/Onc1C",
        "code": "2ce6d9aa-c068-4809-8dda-662bcb16d09a"
      }
    ]
  },
  "text": {
    "status": "generated",
    "div": "<div xmlns=\"http://www.w3.org/1999/xhtml\"><p><b>Generated Narrative</b></p><p><b>status</b>: final</p><p><b>type</b>: <span title=\"Codes: {http://loinc.org 55188-7}\">Patient data Document</span></p><p><b>date</b>: 2020-11-24</p><p><b>author</b>: <a href=\"Patient-ex-patient.html\">Generated Summary: Jack Smith </a></p><p><b>title</b>: All Vital-Signs entered in past 60 days</p></div>"
  },
  "status": "final",
  "type": {
    "coding": [
      {
        "system": "http://loinc.org",
        "code": "55188-7",
        "display": "Patient data Document"
      }
    ]
  },
  "subject": {
    "reference": "Patient/ex-patient"
  },
  "date": "2020-11-24",
  "author": [
    {
      "reference": "Patient/ex-patient"
    }
  ],
  "title": "All Vital-Signs entered in past 60 days",
  "section": [
    {
      "title": "Blood Pressures",
      "code": {
        "coding": [
          {
            "system": "http://loinc.org",
            "code": "8716-3",
            "display": "Vital Signs"
          }
        ]
      },
      "mode": "snapshot",
      "entry": [
        {
          "reference": "Observation/ex-MHV-weight"
        },
        {
          "reference": "Observation/ex-MHV-bloodSugar-0"
        }
      ]
    }
  ]
}