<?xml version="1.0" encoding="UTF-8"?>

<Composition xmlns="http://hl7.org/fhir">
  <id value="ex-MHV-Composition-0"/>
  <meta>
    <profile value="https://johnmoehrke.github.io/MHV-PGHD/StructureDefinition/VA.MHV.BlueComposition"/>
    <tag>
      <system value="https://wiki.mobilehealth.va.gov/x/Onc1C"/>
      <code value="2ce6d9aa-c068-4809-8dda-662bcb16d09a"/>
    </tag>
  </meta>
  <text>
    <status value="generated"/><div xmlns="http://www.w3.org/1999/xhtml"><p><b>Generated Narrative: Composition</b><a name="ex-MHV-Composition-0"> </a></p><div style="display: inline-block; background-color: #d9e0e7; padding: 6px; margin: 4px; border: 1px solid #8da1b4; border-radius: 5px; line-height: 60%"><p style="margin-bottom: 0px">Resource Composition "ex-MHV-Composition-0" </p><p style="margin-bottom: 0px">Profile: <a href="StructureDefinition-VA.MHV.BlueComposition.html">VA MHV BlueButton Composition</a></p><p style="margin-bottom: 0px">Tag: <span title="{https://wiki.mobilehealth.va.gov/x/Onc1C https://wiki.mobilehealth.va.gov/x/Onc1C}">https://wiki.mobilehealth.va.gov/x/Onc1C</span></p></div><p><b>status</b>: final</p><p><b>type</b>: Patient data Document <span style="background: LightGoldenRodYellow; margin: 4px; border: 1px solid khaki"> (<a href="https://loinc.org/">LOINC</a>#55188-7)</span></p><p><b>date</b>: 2020-11-24</p><p><b>author</b>: <a href="Patient-ex-patient.html">Patient/ex-patient</a> " SCHMIDT"</p><p><b>title</b>: All Vital-Signs entered in past 60 days</p></div>
  </text>
  <status value="final"/>
  <type>
    <coding>
      <system value="http://loinc.org"/>
      <code value="55188-7"/>
      <display value="Patient data Document"/>
    </coding>
  </type>
  <subject>
    <reference value="Patient/ex-patient"/>
  </subject>
  <date value="2020-11-24"/>
  <author>
    <reference value="Patient/ex-patient"/>
  </author>
  <title value="All Vital-Signs entered in past 60 days"/>
  <section>
    <title value="Blood Pressures"/>
    <code>
      <coding>
        <system value="http://loinc.org"/>
        <code value="8716-3"/>
        <display value="Vital Signs"/>
      </coding>
    </code>
    <mode value="snapshot"/>
    <entry>
      <reference value="Observation/ex-MHV-weight"/>
    </entry>
    <entry>
      <reference value="Observation/ex-MHV-bloodSugarB-0"/>
    </entry>
  </section>
</Composition>