<?xml version="1.0" encoding="UTF-8"?>

<Composition xmlns="http://hl7.org/fhir">
  <id value="ex-MHV-Composition-0"/>
  <meta>
    <profile value="https://johnmoehrke.github.io/MHV-PGHD/StructureDefinition/VA.MHV.BlueComposition"/>
    <tag>
      <system value="https://wiki.mobilehealth.va.gov/x/Onc1C"/>
      <code value="2ce6d9aa-c068-4809-8dda-662bcb16d09a"/>
    </tag>
  </meta>
  <text>
    <status value="generated"/><div xmlns="http://www.w3.org/1999/xhtml"><p><b>Generated Narrative</b></p><p><b>status</b>: final</p><p><b>type</b>: <span title="Codes: {http://loinc.org 55188-7}">Patient data Document</span></p><p><b>date</b>: 2020-11-24</p><p><b>author</b>: <a href="Patient-example.html">Generated Summary: ICN: &lt;MVI ICN VALUE WITH CHECKSUM&gt;; Jack Smith , John Jacob Jingleheimer Smith (OFFICIAL), John Jacob Jingleheimer Smith (OFFICIAL)</a></p><p><b>title</b>: All Vital-Signs entered in past 60 days</p></div>
  </text>
  <status value="final"/>
  <type>
    <coding>
      <system value="http://loinc.org"/>
      <code value="55188-7"/>
      <display value="Patient data Document"/>
    </coding>
  </type>
  <subject>
    <reference value="Patient/example"/>
  </subject>
  <date value="2020-11-24"/>
  <author>
    <reference value="Patient/example"/>
  </author>
  <title value="All Vital-Signs entered in past 60 days"/>
  <section>
    <title value="Blood Pressures"/>
    <code>
      <coding>
        <system value="http://loinc.org"/>
        <code value="8716-3"/>
        <display value="Vital Signs"/>
      </coding>
    </code>
    <mode value="snapshot"/>
    <entry>
      <reference value="Observation/ex-MHV-weight"/>
    </entry>
    <entry>
      <reference value="Observation/ex-MHV-bloodSugar-0"/>
    </entry>
  </section>
</Composition>