{
  "resourceType" : "Bundle",
  "id" : "a8db6350-29ca-4893-b894-d48a4015e64b",
  "meta" : {
    "lastUpdated" : "2022-10-25T15:39:47.142-05:00"
  },
  "type" : "collection",
  "entry" : [{
    "fullUrl" : "https://johnmoehrke.github.io/MHV-PGHD/ValueSet/AgesVS",
    "resource" : {
      "resourceType" : "ValueSet",
      "id" : "AgesVS",
      "text" : {
        "status" : "generated",
        "div" : "<div xmlns=\"http://www.w3.org/1999/xhtml\"><p>This value set contains 15 concepts</p><p style=\"border: black 1px dotted; background-color: #EEEEEE; padding: 8px; margin-bottom: 8px\">Expansion based on <a href=\"CodeSystem-Ages.html\">Ages in decades v0.2.9-beta (CodeSystem)</a></p><table class=\"codes\"><tr><td style=\"white-space:nowrap\"><b>Code</b></td><td><b>System</b></td><td><b>Display</b></td></tr><tr><td style=\"white-space:nowrap\"><a name=\"https---johnmoehrke.github.io-MHV-PGHD-CodeSystem-Ages-preBirth\"> </a>  <a href=\"CodeSystem-Ages.html#Ages-preBirth\">preBirth</a></td><td>https://johnmoehrke.github.io/MHV-PGHD/CodeSystem/Ages</td><td>Pre-Birth</td></tr><tr><td style=\"white-space:nowrap\"><a name=\"https---johnmoehrke.github.io-MHV-PGHD-CodeSystem-Ages-newBorn\"> </a>  <a href=\"CodeSystem-Ages.html#Ages-newBorn\">newBorn</a></td><td>https://johnmoehrke.github.io/MHV-PGHD/CodeSystem/Ages</td><td>Newborn</td></tr><tr><td style=\"white-space:nowrap\"><a name=\"https---johnmoehrke.github.io-MHV-PGHD-CodeSystem-Ages-infancy\"> </a>  <a href=\"CodeSystem-Ages.html#Ages-infancy\">infancy</a></td><td>https://johnmoehrke.github.io/MHV-PGHD/CodeSystem/Ages</td><td>In Infancy</td></tr><tr><td style=\"white-space:nowrap\"><a name=\"https---johnmoehrke.github.io-MHV-PGHD-CodeSystem-Ages-childhood\"> </a>  <a href=\"CodeSystem-Ages.html#Ages-childhood\">childhood</a></td><td>https://johnmoehrke.github.io/MHV-PGHD/CodeSystem/Ages</td><td>In Childhood</td></tr><tr><td style=\"white-space:nowrap\"><a name=\"https---johnmoehrke.github.io-MHV-PGHD-CodeSystem-Ages-adolecense\"> </a>  <a href=\"CodeSystem-Ages.html#Ages-adolecense\">adolecense</a></td><td>https://johnmoehrke.github.io/MHV-PGHD/CodeSystem/Ages</td><td>In Adolescence</td></tr><tr><td style=\"white-space:nowrap\"><a name=\"https---johnmoehrke.github.io-MHV-PGHD-CodeSystem-Ages-twenties\"> </a>  <a href=\"CodeSystem-Ages.html#Ages-twenties\">twenties</a></td><td>https://johnmoehrke.github.io/MHV-PGHD/CodeSystem/Ages</td><td>20-29 years</td></tr><tr><td style=\"white-space:nowrap\"><a name=\"https---johnmoehrke.github.io-MHV-PGHD-CodeSystem-Ages-thirties\"> </a>  <a href=\"CodeSystem-Ages.html#Ages-thirties\">thirties</a></td><td>https://johnmoehrke.github.io/MHV-PGHD/CodeSystem/Ages</td><td>30-39 years</td></tr><tr><td style=\"white-space:nowrap\"><a name=\"https---johnmoehrke.github.io-MHV-PGHD-CodeSystem-Ages-fourties\"> </a>  <a href=\"CodeSystem-Ages.html#Ages-fourties\">fourties</a></td><td>https://johnmoehrke.github.io/MHV-PGHD/CodeSystem/Ages</td><td>40-49 years</td></tr><tr><td style=\"white-space:nowrap\"><a name=\"https---johnmoehrke.github.io-MHV-PGHD-CodeSystem-Ages-fifties\"> </a>  <a href=\"CodeSystem-Ages.html#Ages-fifties\">fifties</a></td><td>https://johnmoehrke.github.io/MHV-PGHD/CodeSystem/Ages</td><td>50-59 years</td></tr><tr><td style=\"white-space:nowrap\"><a name=\"https---johnmoehrke.github.io-MHV-PGHD-CodeSystem-Ages-sixties\"> </a>  <a href=\"CodeSystem-Ages.html#Ages-sixties\">sixties</a></td><td>https://johnmoehrke.github.io/MHV-PGHD/CodeSystem/Ages</td><td>60-69 years</td></tr><tr><td style=\"white-space:nowrap\"><a name=\"https---johnmoehrke.github.io-MHV-PGHD-CodeSystem-Ages-seventies\"> </a>  <a href=\"CodeSystem-Ages.html#Ages-seventies\">seventies</a></td><td>https://johnmoehrke.github.io/MHV-PGHD/CodeSystem/Ages</td><td>70-79 years</td></tr><tr><td style=\"white-space:nowrap\"><a name=\"https---johnmoehrke.github.io-MHV-PGHD-CodeSystem-Ages-eighties\"> </a>  <a href=\"CodeSystem-Ages.html#Ages-eighties\">eighties</a></td><td>https://johnmoehrke.github.io/MHV-PGHD/CodeSystem/Ages</td><td>80-89 years</td></tr><tr><td style=\"white-space:nowrap\"><a name=\"https---johnmoehrke.github.io-MHV-PGHD-CodeSystem-Ages-ninties\"> </a>  <a href=\"CodeSystem-Ages.html#Ages-ninties\">ninties</a></td><td>https://johnmoehrke.github.io/MHV-PGHD/CodeSystem/Ages</td><td>90-99 years</td></tr><tr><td style=\"white-space:nowrap\"><a name=\"https---johnmoehrke.github.io-MHV-PGHD-CodeSystem-Ages-centurian\"> </a>  <a href=\"CodeSystem-Ages.html#Ages-centurian\">centurian</a></td><td>https://johnmoehrke.github.io/MHV-PGHD/CodeSystem/Ages</td><td>100 plus years</td></tr><tr><td style=\"white-space:nowrap\"><a name=\"https---johnmoehrke.github.io-MHV-PGHD-CodeSystem-Ages-unknown\"> </a>  <a href=\"CodeSystem-Ages.html#Ages-unknown\">unknown</a></td><td>https://johnmoehrke.github.io/MHV-PGHD/CodeSystem/Ages</td><td>unknown</td></tr></table></div>"
      },
      "url" : "https://johnmoehrke.github.io/MHV-PGHD/ValueSet/AgesVS",
      "version" : "0.2.9-beta",
      "name" : "AgesVS",
      "title" : "Ages ValueSet",
      "status" : "active",
      "experimental" : false,
      "date" : "2022-10-25T15:39:47-05:00",
      "publisher" : "John Moehrke (himself)",
      "contact" : [{
        "name" : "John Moehrke (himself)",
        "telecom" : [{
          "system" : "url",
          "value" : "http://healthcaresecprivacy.blogspot.com"
        },
        {
          "system" : "email",
          "value" : "JohnMoehrke@gmail.com"
        }]
      },
      {
        "name" : "John Moehrke (himself)",
        "telecom" : [{
          "system" : "email",
          "value" : "JohnMoehrke@gmail.com"
        }]
      }],
      "description" : "ValueSet of the Ages allowed",
      "jurisdiction" : [{
        "coding" : [{
          "system" : "urn:iso:std:iso:3166",
          "code" : "US"
        }]
      }],
      "expansion" : {
        "identifier" : "urn:uuid:ebfa176b-3f82-481b-bf3f-7d8e2da03ec8",
        "timestamp" : "2022-10-25T15:41:21-05:00",
        "total" : 15,
        "parameter" : [{
          "name" : "excludeNested",
          "valueBoolean" : false
        },
        {
          "name" : "version",
          "valueUri" : "https://johnmoehrke.github.io/MHV-PGHD/CodeSystem/Ages|0.2.9-beta"
        }],
        "contains" : [{
          "system" : "https://johnmoehrke.github.io/MHV-PGHD/CodeSystem/Ages",
          "code" : "preBirth",
          "display" : "Pre-Birth"
        },
        {
          "system" : "https://johnmoehrke.github.io/MHV-PGHD/CodeSystem/Ages",
          "code" : "newBorn",
          "display" : "Newborn"
        },
        {
          "system" : "https://johnmoehrke.github.io/MHV-PGHD/CodeSystem/Ages",
          "code" : "infancy",
          "display" : "In Infancy"
        },
        {
          "system" : "https://johnmoehrke.github.io/MHV-PGHD/CodeSystem/Ages",
          "code" : "childhood",
          "display" : "In Childhood"
        },
        {
          "system" : "https://johnmoehrke.github.io/MHV-PGHD/CodeSystem/Ages",
          "code" : "adolecense",
          "display" : "In Adolescence"
        },
        {
          "system" : "https://johnmoehrke.github.io/MHV-PGHD/CodeSystem/Ages",
          "code" : "twenties",
          "display" : "20-29 years"
        },
        {
          "system" : "https://johnmoehrke.github.io/MHV-PGHD/CodeSystem/Ages",
          "code" : "thirties",
          "display" : "30-39 years"
        },
        {
          "system" : "https://johnmoehrke.github.io/MHV-PGHD/CodeSystem/Ages",
          "code" : "fourties",
          "display" : "40-49 years"
        },
        {
          "system" : "https://johnmoehrke.github.io/MHV-PGHD/CodeSystem/Ages",
          "code" : "fifties",
          "display" : "50-59 years"
        },
        {
          "system" : "https://johnmoehrke.github.io/MHV-PGHD/CodeSystem/Ages",
          "code" : "sixties",
          "display" : "60-69 years"
        },
        {
          "system" : "https://johnmoehrke.github.io/MHV-PGHD/CodeSystem/Ages",
          "code" : "seventies",
          "display" : "70-79 years"
        },
        {
          "system" : "https://johnmoehrke.github.io/MHV-PGHD/CodeSystem/Ages",
          "code" : "eighties",
          "display" : "80-89 years"
        },
        {
          "system" : "https://johnmoehrke.github.io/MHV-PGHD/CodeSystem/Ages",
          "code" : "ninties",
          "display" : "90-99 years"
        },
        {
          "system" : "https://johnmoehrke.github.io/MHV-PGHD/CodeSystem/Ages",
          "code" : "centurian",
          "display" : "100 plus years"
        },
        {
          "system" : "https://johnmoehrke.github.io/MHV-PGHD/CodeSystem/Ages",
          "code" : "unknown",
          "display" : "unknown"
        }]
      }
    }
  },
  {
    "fullUrl" : "https://johnmoehrke.github.io/MHV-PGHD/ValueSet/AllAppIdCodes",
    "resource" : {
      "resourceType" : "ValueSet",
      "id" : "AllAppIdCodes",
      "text" : {
        "status" : "generated",
        "div" : "<div xmlns=\"http://www.w3.org/1999/xhtml\"><p>This value set contains 2 concepts</p><div style=\"border: black 1px dotted; background-color: #EEEEEE; padding: 8px; margin-bottom: 8px\"><p>Expansion based on: </p><ul><li><a href=\"CodeSystem-OnclC.html\">PGD apps v0.2.9-beta (CodeSystem)</a></li><li><a href=\"CodeSystem-CPM.html\">PGD other apps v0.2.9-beta (CodeSystem)</a></li></ul></div><table class=\"codes\"><tr><td style=\"white-space:nowrap\"><b>Code</b></td><td><b>System</b></td><td><b>Display</b></td></tr><tr><td style=\"white-space:nowrap\"><a name=\"https---wiki.mobilehealth.va.gov-x-Onc1C-2ce6d9aa-c068-4809-8dda-662bcb16d09a\"> </a>  <a href=\"CodeSystem-OnclC.html#OnclC-2ce6d9aa-c068-4809-8dda-662bcb16d09a\">2ce6d9aa-c068-4809-8dda-662bcb16d09a</a></td><td>https://wiki.mobilehealth.va.gov/x/Onc1C</td><td>MyHealtheVet</td></tr><tr><td style=\"white-space:nowrap\"><a name=\"https---wiki.mobilehealth.va.gov-display-PGDMS-Client-Provenance-Mapping-1e11b692-1898-4351-a7c5-428f61c91817-\"> </a>  <a href=\"CodeSystem-CPM.html#CPM-1e11b692-1898-4351-a7c5-428f61c91817.34\">1e11b692-1898-4351-a7c5-428f61c91817&quot;</a></td><td>https://wiki.mobilehealth.va.gov/display/PGDMS/Client+Provenance+Mapping</td><td>MobileKidney</td></tr></table></div>"
      },
      "url" : "https://johnmoehrke.github.io/MHV-PGHD/ValueSet/AllAppIdCodes",
      "version" : "0.2.9-beta",
      "name" : "AllAppIdCodes",
      "title" : "PGD App Id Codes",
      "status" : "active",
      "experimental" : false,
      "date" : "2022-10-25T15:39:47-05:00",
      "publisher" : "John Moehrke (himself)",
      "contact" : [{
        "name" : "John Moehrke (himself)",
        "telecom" : [{
          "system" : "url",
          "value" : "http://healthcaresecprivacy.blogspot.com"
        },
        {
          "system" : "email",
          "value" : "JohnMoehrke@gmail.com"
        }]
      },
      {
        "name" : "John Moehrke (himself)",
        "telecom" : [{
          "system" : "email",
          "value" : "JohnMoehrke@gmail.com"
        }]
      }],
      "description" : "All valid App ID codes",
      "jurisdiction" : [{
        "coding" : [{
          "system" : "urn:iso:std:iso:3166",
          "code" : "US"
        }]
      }],
      "expansion" : {
        "identifier" : "urn:uuid:b9c5cf91-9795-4a2a-9075-905911b9c202",
        "timestamp" : "2022-10-25T15:41:21-05:00",
        "total" : 2,
        "parameter" : [{
          "name" : "excludeNested",
          "valueBoolean" : false
        },
        {
          "name" : "version",
          "valueUri" : "https://wiki.mobilehealth.va.gov/x/Onc1C|0.2.9-beta"
        },
        {
          "name" : "version",
          "valueUri" : "https://wiki.mobilehealth.va.gov/display/PGDMS/Client+Provenance+Mapping|0.2.9-beta"
        }],
        "contains" : [{
          "system" : "https://wiki.mobilehealth.va.gov/x/Onc1C",
          "code" : "2ce6d9aa-c068-4809-8dda-662bcb16d09a",
          "display" : "MyHealtheVet"
        },
        {
          "system" : "https://wiki.mobilehealth.va.gov/display/PGDMS/Client+Provenance+Mapping",
          "code" : "1e11b692-1898-4351-a7c5-428f61c91817\"",
          "display" : "MobileKidney"
        }]
      }
    }
  },
  {
    "fullUrl" : "https://johnmoehrke.github.io/MHV-PGHD/ValueSet/mhv-blood-pressure-positions",
    "resource" : {
      "resourceType" : "ValueSet",
      "id" : "mhv-blood-pressure-positions",
      "text" : {
        "status" : "generated",
        "div" : "<div xmlns=\"http://www.w3.org/1999/xhtml\"><p>This value set contains 4 concepts</p><p style=\"border: black 1px dotted; background-color: #EEEEEE; padding: 8px; margin-bottom: 8px\">Expansion based on Loinc v2.73</p><table class=\"codes\"><tr><td style=\"white-space:nowrap\"><b>Code</b></td><td><b>System</b></td><td><b>Display</b></td></tr><tr><td style=\"white-space:nowrap\"><a name=\"http---loinc.org-69000-8\"> </a>  <a href=\"http://details.loinc.org/LOINC/69000-8.html\">69000-8</a></td><td>http://loinc.org</td><td>Heart rate - sitting</td></tr><tr><td style=\"white-space:nowrap\"><a name=\"http---loinc.org-69001-6\"> </a>  <a href=\"http://details.loinc.org/LOINC/69001-6.html\">69001-6</a></td><td>http://loinc.org</td><td>Heart rate - standing</td></tr><tr><td style=\"white-space:nowrap\"><a name=\"http---loinc.org-68999-2\"> </a>  <a href=\"http://details.loinc.org/LOINC/68999-2.html\">68999-2</a></td><td>http://loinc.org</td><td>Heart rate - supine</td></tr><tr><td style=\"white-space:nowrap\"><a name=\"http---loinc.org-40443-4\"> </a>  <a href=\"http://details.loinc.org/LOINC/40443-4.html\">40443-4</a></td><td>http://loinc.org</td><td>Heart rate - resting</td></tr></table></div>"
      },
      "url" : "https://johnmoehrke.github.io/MHV-PGHD/ValueSet/mhv-blood-pressure-positions",
      "version" : "0.2.9-beta",
      "name" : "MHVbloodPressurePositions",
      "title" : "The methods of measurement for blood pressure that MHV supports",
      "status" : "active",
      "experimental" : false,
      "date" : "2022-10-25T15:39:47-05:00",
      "publisher" : "John Moehrke (himself)",
      "contact" : [{
        "name" : "John Moehrke (himself)",
        "telecom" : [{
          "system" : "url",
          "value" : "http://healthcaresecprivacy.blogspot.com"
        },
        {
          "system" : "email",
          "value" : "JohnMoehrke@gmail.com"
        }]
      },
      {
        "name" : "John Moehrke (himself)",
        "telecom" : [{
          "system" : "email",
          "value" : "JohnMoehrke@gmail.com"
        }]
      }],
      "description" : "These are the loinc body positions that MHV supports on blood pressure.",
      "jurisdiction" : [{
        "coding" : [{
          "system" : "urn:iso:std:iso:3166",
          "code" : "US"
        }]
      }],
      "expansion" : {
        "identifier" : "urn:uuid:a911aa8c-5ab0-4382-89a6-64ef354929aa",
        "timestamp" : "2022-10-25T15:41:21-05:00",
        "total" : 4,
        "parameter" : [{
          "name" : "excludeNested",
          "valueBoolean" : false
        },
        {
          "name" : "limitedExpansion",
          "valueBoolean" : true
        },
        {
          "name" : "version",
          "valueUri" : "http://loinc.org|2.73"
        }],
        "contains" : [{
          "system" : "http://loinc.org",
          "code" : "69000-8",
          "display" : "Heart rate - sitting"
        },
        {
          "system" : "http://loinc.org",
          "code" : "69001-6",
          "display" : "Heart rate - standing"
        },
        {
          "system" : "http://loinc.org",
          "code" : "68999-2",
          "display" : "Heart rate - supine"
        },
        {
          "system" : "http://loinc.org",
          "code" : "40443-4",
          "display" : "Heart rate - resting"
        }]
      }
    }
  },
  {
    "fullUrl" : "https://johnmoehrke.github.io/MHV-PGHD/ValueSet/mhv-blood-sugar-methods-sites",
    "resource" : {
      "resourceType" : "ValueSet",
      "id" : "mhv-blood-sugar-methods-sites",
      "text" : {
        "status" : "generated",
        "div" : "<div xmlns=\"http://www.w3.org/1999/xhtml\"><p>This value set contains 4 concepts</p><p style=\"border: black 1px dotted; background-color: #EEEEEE; padding: 8px; margin-bottom: 8px\">Expansion based on SNOMED CT International edition 31-Jul 2022</p><table class=\"codes\"><tr><td style=\"white-space:nowrap\"><b>Code</b></td><td><b>System</b></td><td><b>Display</b></td></tr><tr><td style=\"white-space:nowrap\"><a name=\"http---snomed.info-sct-15220000\"> </a>  <a href=\"http://snomed.info/id/15220000\">15220000</a></td><td>http://snomed.info/sct</td><td>Laboratory Test</td></tr><tr><td style=\"white-space:nowrap\"><a name=\"http---snomed.info-sct-350810002\"> </a>  <a href=\"http://snomed.info/id/350810002\">350810002</a></td><td>http://snomed.info/sct</td><td>Lancet</td></tr><tr><td style=\"white-space:nowrap\"><a name=\"http---snomed.info-sct-263902000\"> </a>  <a href=\"http://snomed.info/id/263902000\">263902000</a></td><td>http://snomed.info/sct</td><td>Transcutaneous method</td></tr><tr><td style=\"white-space:nowrap\"><a name=\"http---snomed.info-sct-261373009\"> </a>  <a href=\"http://snomed.info/id/261373009\">261373009</a></td><td>http://snomed.info/sct</td><td>Implant technique</td></tr></table></div>"
      },
      "url" : "https://johnmoehrke.github.io/MHV-PGHD/ValueSet/mhv-blood-sugar-methods-sites",
      "version" : "0.2.9-beta",
      "name" : "MHVbloodSugarMethods",
      "title" : "The methods of measurement for blood sugar that MHV supports",
      "status" : "active",
      "experimental" : false,
      "date" : "2022-10-25T15:39:47-05:00",
      "publisher" : "John Moehrke (himself)",
      "contact" : [{
        "name" : "John Moehrke (himself)",
        "telecom" : [{
          "system" : "url",
          "value" : "http://healthcaresecprivacy.blogspot.com"
        },
        {
          "system" : "email",
          "value" : "JohnMoehrke@gmail.com"
        }]
      },
      {
        "name" : "John Moehrke (himself)",
        "telecom" : [{
          "system" : "email",
          "value" : "JohnMoehrke@gmail.com"
        }]
      }],
      "description" : "These are the SNOMED body sites that MHV supports.",
      "jurisdiction" : [{
        "coding" : [{
          "system" : "urn:iso:std:iso:3166",
          "code" : "US"
        }]
      }],
      "expansion" : {
        "identifier" : "urn:uuid:114c8723-3c83-4687-9567-191413c06249",
        "timestamp" : "2022-10-25T15:41:22-05:00",
        "total" : 4,
        "parameter" : [{
          "name" : "excludeNested",
          "valueBoolean" : false
        },
        {
          "name" : "limitedExpansion",
          "valueBoolean" : true
        },
        {
          "name" : "version",
          "valueUri" : "http://snomed.info/sct|http://snomed.info/sct/900000000000207008/version/20220731"
        }],
        "contains" : [{
          "system" : "http://snomed.info/sct",
          "code" : "15220000",
          "display" : "Laboratory Test"
        },
        {
          "system" : "http://snomed.info/sct",
          "code" : "350810002",
          "display" : "Lancet"
        },
        {
          "system" : "http://snomed.info/sct",
          "code" : "263902000",
          "display" : "Transcutaneous method"
        },
        {
          "system" : "http://snomed.info/sct",
          "code" : "261373009",
          "display" : "Implant technique"
        }]
      }
    }
  },
  {
    "fullUrl" : "https://johnmoehrke.github.io/MHV-PGHD/ValueSet/mhv-body-temperature-sites",
    "resource" : {
      "resourceType" : "ValueSet",
      "id" : "mhv-body-temperature-sites",
      "text" : {
        "status" : "generated",
        "div" : "<div xmlns=\"http://www.w3.org/1999/xhtml\"><p>This value set contains 8 concepts</p><p style=\"border: black 1px dotted; background-color: #EEEEEE; padding: 8px; margin-bottom: 8px\">Expansion based on SNOMED CT International edition 31-Jul 2022</p><table class=\"codes\"><tr><td style=\"white-space:nowrap\"><b>Code</b></td><td><b>System</b></td><td><b>Display</b></td></tr><tr><td style=\"white-space:nowrap\"><a name=\"http---snomed.info-sct-422005\"> </a>  <a href=\"http://snomed.info/id/422005\">422005</a></td><td>http://snomed.info/sct</td><td>Inferior surface of tongue</td></tr><tr><td style=\"white-space:nowrap\"><a name=\"http---snomed.info-sct-362732006\"> </a>  <a href=\"http://snomed.info/id/362732006\">362732006</a></td><td>http://snomed.info/sct</td><td>Entire axillary region</td></tr><tr><td style=\"white-space:nowrap\"><a name=\"http---snomed.info-sct-1910005\"> </a>  <a href=\"http://snomed.info/id/1910005\">1910005</a></td><td>http://snomed.info/sct</td><td>Entire ear</td></tr><tr><td style=\"white-space:nowrap\"><a name=\"http---snomed.info-sct-21082005\"> </a>  <a href=\"http://snomed.info/id/21082005\">21082005</a></td><td>http://snomed.info/sct</td><td>Entire mouth region</td></tr><tr><td style=\"white-space:nowrap\"><a name=\"http---snomed.info-sct-181261002\"> </a>  <a href=\"http://snomed.info/id/181261002\">181261002</a></td><td>http://snomed.info/sct</td><td>Entire rectum</td></tr><tr><td style=\"white-space:nowrap\"><a name=\"http---snomed.info-sct-39937001\"> </a>  <a href=\"http://snomed.info/id/39937001\">39937001</a></td><td>http://snomed.info/sct</td><td>Skin structure</td></tr><tr><td style=\"white-space:nowrap\"><a name=\"http---snomed.info-sct-362620003\"> </a>  <a href=\"http://snomed.info/id/362620003\">362620003</a></td><td>http://snomed.info/sct</td><td>Entire temporal region</td></tr><tr><td style=\"white-space:nowrap\"><a name=\"http---snomed.info-sct-89837001\"> </a>  <a href=\"http://snomed.info/id/89837001\">89837001</a></td><td>http://snomed.info/sct</td><td>Urinary bladder structure</td></tr></table></div>"
      },
      "url" : "https://johnmoehrke.github.io/MHV-PGHD/ValueSet/mhv-body-temperature-sites",
      "version" : "0.2.9-beta",
      "name" : "MHVbodyTemperatureSites",
      "title" : "The body temperature measurement sites that MHV supports",
      "status" : "active",
      "experimental" : false,
      "date" : "2022-10-25T15:39:47-05:00",
      "publisher" : "John Moehrke (himself)",
      "contact" : [{
        "name" : "John Moehrke (himself)",
        "telecom" : [{
          "system" : "url",
          "value" : "http://healthcaresecprivacy.blogspot.com"
        },
        {
          "system" : "email",
          "value" : "JohnMoehrke@gmail.com"
        }]
      },
      {
        "name" : "John Moehrke (himself)",
        "telecom" : [{
          "system" : "email",
          "value" : "JohnMoehrke@gmail.com"
        }]
      }],
      "description" : "These are the SNOMED body sites that MHV supports.",
      "jurisdiction" : [{
        "coding" : [{
          "system" : "urn:iso:std:iso:3166",
          "code" : "US"
        }]
      }],
      "expansion" : {
        "identifier" : "urn:uuid:f6cb4f08-b258-451d-9c37-429607b609b1",
        "timestamp" : "2022-10-25T15:41:22-05:00",
        "total" : 8,
        "parameter" : [{
          "name" : "excludeNested",
          "valueBoolean" : false
        },
        {
          "name" : "limitedExpansion",
          "valueBoolean" : true
        },
        {
          "name" : "version",
          "valueUri" : "http://snomed.info/sct|http://snomed.info/sct/900000000000207008/version/20220731"
        }],
        "contains" : [{
          "system" : "http://snomed.info/sct",
          "code" : "422005",
          "display" : "Inferior surface of tongue"
        },
        {
          "system" : "http://snomed.info/sct",
          "code" : "362732006",
          "display" : "Entire axillary region"
        },
        {
          "system" : "http://snomed.info/sct",
          "code" : "1910005",
          "display" : "Entire ear"
        },
        {
          "system" : "http://snomed.info/sct",
          "code" : "21082005",
          "display" : "Entire mouth region"
        },
        {
          "system" : "http://snomed.info/sct",
          "code" : "181261002",
          "display" : "Entire rectum"
        },
        {
          "system" : "http://snomed.info/sct",
          "code" : "39937001",
          "display" : "Skin structure"
        },
        {
          "system" : "http://snomed.info/sct",
          "code" : "362620003",
          "display" : "Entire temporal region"
        },
        {
          "system" : "http://snomed.info/sct",
          "code" : "89837001",
          "display" : "Urinary bladder structure"
        }]
      }
    }
  },
  {
    "fullUrl" : "https://johnmoehrke.github.io/MHV-PGHD/ValueSet/mhv-body-temperatures",
    "resource" : {
      "resourceType" : "ValueSet",
      "id" : "mhv-body-temperatures",
      "text" : {
        "status" : "generated",
        "div" : "<div xmlns=\"http://www.w3.org/1999/xhtml\"><p>This value set contains 2 concepts</p><p style=\"border: black 1px dotted; background-color: #EEEEEE; padding: 8px; margin-bottom: 8px\">Expansion based on UCUM version 2.0.1</p><table class=\"codes\"><tr><td style=\"white-space:nowrap\"><b>Code</b></td><td><b>System</b></td><td><b>Display</b></td></tr><tr><td style=\"white-space:nowrap\"><a name=\"http---unitsofmeasure.org--degF-\"> </a>  [degF]</td><td>http://unitsofmeasure.org</td><td>degree Fahrenheit</td></tr><tr><td style=\"white-space:nowrap\"><a name=\"http---unitsofmeasure.org-Cel\"> </a>  Cel</td><td>http://unitsofmeasure.org</td><td>degree Celsius</td></tr></table></div>"
      },
      "url" : "https://johnmoehrke.github.io/MHV-PGHD/ValueSet/mhv-body-temperatures",
      "version" : "0.2.9-beta",
      "name" : "MHVbodyTemperatures",
      "title" : "The body temperature measurement types that MHV supports",
      "status" : "active",
      "experimental" : false,
      "date" : "2022-10-25T15:39:47-05:00",
      "publisher" : "John Moehrke (himself)",
      "contact" : [{
        "name" : "John Moehrke (himself)",
        "telecom" : [{
          "system" : "url",
          "value" : "http://healthcaresecprivacy.blogspot.com"
        },
        {
          "system" : "email",
          "value" : "JohnMoehrke@gmail.com"
        }]
      },
      {
        "name" : "John Moehrke (himself)",
        "telecom" : [{
          "system" : "email",
          "value" : "JohnMoehrke@gmail.com"
        }]
      }],
      "description" : "These are the UCUM types that MHV supports.",
      "jurisdiction" : [{
        "coding" : [{
          "system" : "urn:iso:std:iso:3166",
          "code" : "US"
        }]
      }],
      "expansion" : {
        "identifier" : "urn:uuid:46407763-e74f-4fa4-b866-10e36c961a6f",
        "timestamp" : "2022-10-25T15:41:22-05:00",
        "total" : 2,
        "parameter" : [{
          "name" : "excludeNested",
          "valueBoolean" : false
        },
        {
          "name" : "limitedExpansion",
          "valueBoolean" : true
        },
        {
          "name" : "version",
          "valueUri" : "http://unitsofmeasure.org|2.0.1"
        }],
        "contains" : [{
          "system" : "http://unitsofmeasure.org",
          "code" : "[degF]",
          "display" : "degree Fahrenheit"
        },
        {
          "system" : "http://unitsofmeasure.org",
          "code" : "Cel",
          "display" : "degree Celsius"
        }]
      }
    }
  },
  {
    "fullUrl" : "https://johnmoehrke.github.io/MHV-PGHD/ValueSet/mhv-body-weights",
    "resource" : {
      "resourceType" : "ValueSet",
      "id" : "mhv-body-weights",
      "text" : {
        "status" : "generated",
        "div" : "<div xmlns=\"http://www.w3.org/1999/xhtml\"><p>This value set contains 2 concepts</p><p style=\"border: black 1px dotted; background-color: #EEEEEE; padding: 8px; margin-bottom: 8px\">Expansion based on UCUM version 2.0.1</p><table class=\"codes\"><tr><td style=\"white-space:nowrap\"><b>Code</b></td><td><b>System</b></td><td><b>Display</b></td></tr><tr><td style=\"white-space:nowrap\"><a name=\"http---unitsofmeasure.org--lb-av-\"> </a>  [lb_av]</td><td>http://unitsofmeasure.org</td><td>[lb_av]</td></tr><tr><td style=\"white-space:nowrap\"><a name=\"http---unitsofmeasure.org-kg\"> </a>  kg</td><td>http://unitsofmeasure.org</td><td>kg</td></tr></table></div>"
      },
      "url" : "https://johnmoehrke.github.io/MHV-PGHD/ValueSet/mhv-body-weights",
      "version" : "0.2.9-beta",
      "name" : "MHVbodyWeights",
      "title" : "The body weight measurement types that MHV supports",
      "status" : "active",
      "experimental" : false,
      "date" : "2022-10-25T15:39:47-05:00",
      "publisher" : "John Moehrke (himself)",
      "contact" : [{
        "name" : "John Moehrke (himself)",
        "telecom" : [{
          "system" : "url",
          "value" : "http://healthcaresecprivacy.blogspot.com"
        },
        {
          "system" : "email",
          "value" : "JohnMoehrke@gmail.com"
        }]
      },
      {
        "name" : "John Moehrke (himself)",
        "telecom" : [{
          "system" : "email",
          "value" : "JohnMoehrke@gmail.com"
        }]
      }],
      "description" : "These are the UCUM types that MHV supports. This is a subset of the full bodyWeight types (which also brings in grams. Others might also include stone).",
      "jurisdiction" : [{
        "coding" : [{
          "system" : "urn:iso:std:iso:3166",
          "code" : "US"
        }]
      }],
      "expansion" : {
        "identifier" : "urn:uuid:66a478e4-5a4c-4053-92b2-b78842c8dfd6",
        "timestamp" : "2022-10-25T15:41:22-05:00",
        "total" : 2,
        "parameter" : [{
          "name" : "excludeNested",
          "valueBoolean" : false
        },
        {
          "name" : "limitedExpansion",
          "valueBoolean" : true
        },
        {
          "name" : "version",
          "valueUri" : "http://unitsofmeasure.org|2.0.1"
        }],
        "contains" : [{
          "system" : "http://unitsofmeasure.org",
          "code" : "[lb_av]",
          "display" : "[lb_av]"
        },
        {
          "system" : "http://unitsofmeasure.org",
          "code" : "kg",
          "display" : "kg"
        }]
      }
    }
  },
  {
    "fullUrl" : "https://johnmoehrke.github.io/MHV-PGHD/ValueSet/mhv-medication-routes",
    "resource" : {
      "resourceType" : "ValueSet",
      "id" : "mhv-medication-routes",
      "text" : {
        "status" : "generated",
        "div" : "<div xmlns=\"http://www.w3.org/1999/xhtml\"><p>This value set contains 6 concepts</p><p style=\"border: black 1px dotted; background-color: #EEEEEE; padding: 8px; margin-bottom: 8px\">Expansion based on SNOMED CT International edition 31-Jul 2022</p><table class=\"codes\"><tr><td style=\"white-space:nowrap\"><b>Code</b></td><td><b>System</b></td><td><b>Display</b></td></tr><tr><td style=\"white-space:nowrap\"><a name=\"http---snomed.info-sct-26643006\"> </a>  <a href=\"http://snomed.info/id/26643006\">26643006</a></td><td>http://snomed.info/sct</td><td>Oral use</td></tr><tr><td style=\"white-space:nowrap\"><a name=\"http---snomed.info-sct-37161004\"> </a>  <a href=\"http://snomed.info/id/37161004\">37161004</a></td><td>http://snomed.info/sct</td><td>Rectal use</td></tr><tr><td style=\"white-space:nowrap\"><a name=\"http---snomed.info-sct-45890007\"> </a>  <a href=\"http://snomed.info/id/45890007\">45890007</a></td><td>http://snomed.info/sct</td><td>Transdermal use</td></tr><tr><td style=\"white-space:nowrap\"><a name=\"http---snomed.info-sct-6064005\"> </a>  <a href=\"http://snomed.info/id/6064005\">6064005</a></td><td>http://snomed.info/sct</td><td>Topical route</td></tr><tr><td style=\"white-space:nowrap\"><a name=\"http---snomed.info-sct-78421000\"> </a>  <a href=\"http://snomed.info/id/78421000\">78421000</a></td><td>http://snomed.info/sct</td><td>Intramuscular use</td></tr><tr><td style=\"white-space:nowrap\"><a name=\"http---snomed.info-sct-47625008\"> </a>  <a href=\"http://snomed.info/id/47625008\">47625008</a></td><td>http://snomed.info/sct</td><td>Intravenous use</td></tr></table></div>"
      },
      "url" : "https://johnmoehrke.github.io/MHV-PGHD/ValueSet/mhv-medication-routes",
      "version" : "0.2.9-beta",
      "name" : "MHVmedicationRoutes",
      "title" : "The routes of medication that MHV supports",
      "status" : "active",
      "experimental" : false,
      "date" : "2022-10-25T15:39:47-05:00",
      "publisher" : "John Moehrke (himself)",
      "contact" : [{
        "name" : "John Moehrke (himself)",
        "telecom" : [{
          "system" : "url",
          "value" : "http://healthcaresecprivacy.blogspot.com"
        },
        {
          "system" : "email",
          "value" : "JohnMoehrke@gmail.com"
        }]
      },
      {
        "name" : "John Moehrke (himself)",
        "telecom" : [{
          "system" : "email",
          "value" : "JohnMoehrke@gmail.com"
        }]
      }],
      "description" : "These are the SNOMED-CT routes for medications that MHV supports.",
      "jurisdiction" : [{
        "coding" : [{
          "system" : "urn:iso:std:iso:3166",
          "code" : "US"
        }]
      }],
      "expansion" : {
        "identifier" : "urn:uuid:ef8700b3-8984-4f6c-a8af-629d2c7dd4ab",
        "timestamp" : "2022-10-25T15:41:22-05:00",
        "total" : 6,
        "parameter" : [{
          "name" : "excludeNested",
          "valueBoolean" : false
        },
        {
          "name" : "limitedExpansion",
          "valueBoolean" : true
        },
        {
          "name" : "version",
          "valueUri" : "http://snomed.info/sct|http://snomed.info/sct/900000000000207008/version/20220731"
        }],
        "contains" : [{
          "system" : "http://snomed.info/sct",
          "code" : "26643006",
          "display" : "Oral use"
        },
        {
          "system" : "http://snomed.info/sct",
          "code" : "37161004",
          "display" : "Rectal use"
        },
        {
          "system" : "http://snomed.info/sct",
          "code" : "45890007",
          "display" : "Transdermal use"
        },
        {
          "system" : "http://snomed.info/sct",
          "code" : "6064005",
          "display" : "Topical route"
        },
        {
          "system" : "http://snomed.info/sct",
          "code" : "78421000",
          "display" : "Intramuscular use"
        },
        {
          "system" : "http://snomed.info/sct",
          "code" : "47625008",
          "display" : "Intravenous use"
        }]
      }
    }
  }]
}