<?xml version="1.0" encoding="UTF-8"?>

<FamilyMemberHistory xmlns="http://hl7.org/fhir">
  <id value="ex-mother"/>
  <meta>
    <profile value="https://johnmoehrke.github.io/MHV-PGHD/StructureDefinition/VA.MHV.familymemberhistory"/>
    <tag>
      <system value="https://wiki.mobilehealth.va.gov/x/Onc1C"/>
      <code value="2ce6d9aa-c068-4809-8dda-662bcb16d09a"/>
    </tag>
  </meta>
  <text>
    <status value="generated"/><div xmlns="http://www.w3.org/1999/xhtml"><p><b>Generated Narrative: FamilyMemberHistory</b><a name="ex-mother"> </a></p><div style="display: inline-block; background-color: #d9e0e7; padding: 6px; margin: 4px; border: 1px solid #8da1b4; border-radius: 5px; line-height: 60%"><p style="margin-bottom: 0px">Resource FamilyMemberHistory &quot;ex-mother&quot; </p><p style="margin-bottom: 0px">Profile: <a href="StructureDefinition-VA.MHV.familymemberhistory.html">VA MHV FamilyMemberHistory</a></p><p style="margin-bottom: 0px">Tag: <span title="{https://wiki.mobilehealth.va.gov/x/Onc1C https://wiki.mobilehealth.va.gov/x/Onc1C}">https://wiki.mobilehealth.va.gov/x/Onc1C</span></p></div><p><b>status</b>: completed</p><p><b>patient</b>: <a href="Patient-ex-patient.html">Patient/ex-patient</a> &quot; SCHMIDT&quot;</p><p><b>date</b>: 2022-04-08</p><p><b>name</b>: Katherine Irene Schmidt</p><p><b>relationship</b>: mother <span style="background: LightGoldenRodYellow; margin: 4px; border: 1px solid khaki"> (<a href="http://terminology.hl7.org/4.0.0/CodeSystem-v3-RoleCode.html">RoleCode</a>#MTH)</span></p><p><b>sex</b>: Female <span style="background: LightGoldenRodYellow; margin: 4px; border: 1px solid khaki"> (<a href="http://hl7.org/fhir/R4/codesystem-administrative-gender.html">AdministrativeGender</a>#female)</span></p><p><b>note</b>: His mother, Katherine Irene Schmidt, (nee O'Cleary) was an immigrant from Ireland, who had left the &quot;Auld Sod&quot; back in 1849 as a young girl escaping the Potato Famine. She worked at the Broadhurst Manor Hotel as a maid, dishwasher, and cook's helper, saving every penny possible.</p><blockquote><p><b>condition</b></p><p><b>code</b>: Spontaneous abortion with laceration of cervix <span style="background: LightGoldenRodYellow; margin: 4px; border: 1px solid khaki"> (<a href="https://browser.ihtsdotools.org/">SNOMED CT</a>#127009)</span></p></blockquote><blockquote><p><b>condition</b></p><p><b>code</b>: Decreased hair growth <span style="background: LightGoldenRodYellow; margin: 4px; border: 1px solid khaki"> (<a href="https://browser.ihtsdotools.org/">SNOMED CT</a>#134006)</span></p></blockquote></div>
  </text>
  <status value="completed"/>
  <patient>
    <reference value="Patient/ex-patient"/>
  </patient>
  <date value="2022-04-08"/>
  <name value="Katherine Irene Schmidt"/>
  <relationship>
    <coding>
      <system value="http://terminology.hl7.org/CodeSystem/v3-RoleCode"/>
      <code value="MTH"/>
      <display value="mother"/>
    </coding>
  </relationship>
  <sex>
    <coding>
      <system value="http://hl7.org/fhir/administrative-gender"/>
      <code value="female"/>
      <display value="Female"/>
    </coding>
  </sex>
  <note>
    <text value="His mother, Katherine Irene Schmidt, (nee O'Cleary) was an immigrant from Ireland, who had left the &quot;Auld Sod&quot; back in 1849 as a young girl escaping the Potato Famine. She worked at the Broadhurst Manor Hotel as a maid, dishwasher, and cook's helper, saving every penny possible."/>
  </note>
  <condition>
    <code>
      <coding>
        <system value="http://snomed.info/sct"/>
        <code value="127009"/>
        <display value="Spontaneous abortion with laceration of cervix"/>
      </coding>
    </code>
  </condition>
  <condition>
    <code>
      <coding>
        <system value="http://snomed.info/sct"/>
        <code value="134006"/>
        <display value="Decreased hair growth"/>
      </coding>
    </code>
  </condition>
</FamilyMemberHistory>