{
  "resourceType": "FamilyMemberHistory",
  "id": "12db5508-b375-49a1-a8e1-558ad8448600",
  "meta": {
    "versionId": "2",
    "lastUpdated": "2022-01-19T20:38:09.017+00:00",
    "source": "#193abb1ecee7a597",
    "tag": [
      {
        "system": "https://wiki.mobilehealth.va.gov/x/Onc1C",
        "code": "a0e116eb-faa1-4703-aafe-1a270128607a",
        "display": "Health Hub"
      }
    ]
  },
  "text": {
    "status": "generated",
    "div": "<div xmlns=\"http://www.w3.org/1999/xhtml\"><p><b>Generated Narrative</b></p><div style=\"display: inline-block; background-color: #d9e0e7; padding: 6px; margin: 4px; border: 1px solid #8da1b4; border-radius: 5px; line-height: 60%\"><p style=\"margin-bottom: 0px\">Resource \"12db5508-b375-49a1-a8e1-558ad8448600\" Version \"2\" Updated \"2022-01-19 08:38:09+0000\" </p><p style=\"margin-bottom: 0px\">Information Source: #193abb1ecee7a597!</p><p style=\"margin-bottom: 0px\">Tag: <span title=\"{https://wiki.mobilehealth.va.gov/x/Onc1C https://wiki.mobilehealth.va.gov/x/Onc1C}\">https://wiki.mobilehealth.va.gov/x/Onc1C</span></p></div><p><b>status</b>: partial</p><p><b>patient</b>: <a href=\"Patient/b694c410-9d06-4dd8-bb32-760c4275a3e4\">Patient/b694c410-9d06-4dd8-bb32-760c4275a3e4</a></p><p><b>name</b>: Brother #1</p><p><b>relationship</b>: Brother <span style=\"background: LightGoldenRodYellow; margin: 4px; border: 1px solid khaki\"> (<a href=\"http://terminology.hl7.org/3.1.0/CodeSystem-v3-RoleCode.html\">RoleCode</a>#BRO)</span></p><p><b>sex</b>: Male <span style=\"background: LightGoldenRodYellow; margin: 4px; border: 1px solid khaki\"> (<a href=\"http://hl7.org/fhir/R4/codesystem-administrative-gender.html\">AdministrativeGender</a>#male)</span></p><p><b>age</b>: 30–39 years</p><blockquote><p><b>condition</b></p><p><b>code</b>: Bone Cancer <span style=\"background: LightGoldenRodYellow; margin: 4px; border: 1px solid khaki\"> (<a href=\"https://browser.ihtsdotools.org/\">SNOMED CT</a>#269466003)</span></p><p><b>onset</b>: Newborn</p></blockquote><blockquote><p><b>condition</b></p><p><b>code</b>: Brain Cancer <span style=\"background: LightGoldenRodYellow; margin: 4px; border: 1px solid khaki\"> (<a href=\"https://browser.ihtsdotools.org/\">SNOMED CT</a>#1000000)</span></p><p><b>onset</b>: Childhood</p></blockquote><blockquote><p><b>condition</b></p><p><b>code</b>: Breast Cancer <span style=\"background: LightGoldenRodYellow; margin: 4px; border: 1px solid khaki\"> (<a href=\"https://browser.ihtsdotools.org/\">SNOMED CT</a>#254837009)</span></p><p><b>onset</b>: Infancy</p></blockquote><blockquote><p><b>condition</b></p><p><b>code</b>: ---Breast Cancer (triple negative) <span style=\"background: LightGoldenRodYellow; margin: 4px; border: 1px solid khaki\"> (<a href=\"https://browser.ihtsdotools.org/\">SNOMED CT</a>#706970001)</span></p><p><b>onset</b>: Adolescence</p></blockquote><blockquote><p><b>condition</b></p><p><b>code</b>: Colon Cancer <span style=\"background: LightGoldenRodYellow; margin: 4px; border: 1px solid khaki\"> (<a href=\"https://browser.ihtsdotools.org/\">SNOMED CT</a>#363406005)</span></p><p><b>onset</b>: 30–39 years</p></blockquote><blockquote><p><b>condition</b></p><p><b>code</b>: Colorectal Cancer <span style=\"background: LightGoldenRodYellow; margin: 4px; border: 1px solid khaki\"> (<a href=\"https://browser.ihtsdotools.org/\">SNOMED CT</a>#1000001)</span></p><p><b>onset</b>: 40–49 years</p></blockquote><blockquote><p><b>condition</b></p><p><b>code</b>: Esophageal Cancer <span style=\"background: LightGoldenRodYellow; margin: 4px; border: 1px solid khaki\"> (<a href=\"https://browser.ihtsdotools.org/\">SNOMED CT</a>#363402007)</span></p><p><b>onset</b>: 40–49 years</p></blockquote><blockquote><p><b>condition</b></p><p><b>code</b>: Familia adnenomatous polyposis (FAP) <span style=\"background: LightGoldenRodYellow; margin: 4px; border: 1px solid khaki\"> (<a href=\"https://browser.ihtsdotools.org/\">SNOMED CT</a>#72900001)</span></p><p><b>onset</b>: 40–49 years</p></blockquote><blockquote><p><b>condition</b></p><p><b>code</b>: Gastric Cancer <span style=\"background: LightGoldenRodYellow; margin: 4px; border: 1px solid khaki\"> (<a href=\"https://browser.ihtsdotools.org/\">SNOMED CT</a>#363349007)</span></p><p><b>onset</b>: 40–49 years</p></blockquote><blockquote><p><b>condition</b></p><p><b>code</b>: Lynch Syndrome/Hereditary non-polyposis colorectal cancer (HNPCC) <span style=\"background: LightGoldenRodYellow; margin: 4px; border: 1px solid khaki\"> (<a href=\"https://browser.ihtsdotools.org/\">SNOMED CT</a>#315058005)</span></p><p><b>onset</b>: Adolescence</p></blockquote><blockquote><p><b>condition</b></p><p><b>code</b>: Kidney Cancer <span style=\"background: LightGoldenRodYellow; margin: 4px; border: 1px solid khaki\"> (<a href=\"https://browser.ihtsdotools.org/\">SNOMED CT</a>#363518003)</span></p><p><b>onset</b>: 20–29 years</p></blockquote><blockquote><p><b>condition</b></p><p><b>code</b>: Leukemia <span style=\"background: LightGoldenRodYellow; margin: 4px; border: 1px solid khaki\"> (<a href=\"https://browser.ihtsdotools.org/\">SNOMED CT</a>#93143009)</span></p><p><b>onset</b>: 30–39 years</p></blockquote><blockquote><p><b>condition</b></p><p><b>code</b>: Liver Cancer <span style=\"background: LightGoldenRodYellow; margin: 4px; border: 1px solid khaki\"> (<a href=\"https://browser.ihtsdotools.org/\">SNOMED CT</a>#93870000)</span></p><p><b>onset</b>: 30–39 years</p></blockquote><blockquote><p><b>condition</b></p><p><b>code</b>: Lung Cancer <span style=\"background: LightGoldenRodYellow; margin: 4px; border: 1px solid khaki\"> (<a href=\"https://browser.ihtsdotools.org/\">SNOMED CT</a>#363358000)</span></p><p><b>onset</b>: 40–49 years</p></blockquote><blockquote><p><b>condition</b></p><p><b>code</b>: Muscle Cancer <span style=\"background: LightGoldenRodYellow; margin: 4px; border: 1px solid khaki\"> (<a href=\"https://browser.ihtsdotools.org/\">SNOMED CT</a>#363495004)</span></p><p><b>onset</b>: 40–49 years</p></blockquote><blockquote><p><b>condition</b></p><p><b>code</b>: Other Cancer <span style=\"background: LightGoldenRodYellow; margin: 4px; border: 1px solid khaki\"> (<a href=\"https://browser.ihtsdotools.org/\">SNOMED CT</a>#OTCANCER)</span></p><p><b>onset</b>: 30–39 years</p></blockquote><blockquote><p><b>condition</b></p><p><b>code</b>: Ovarian Cancer/Fallopian Tube Cancer <span style=\"background: LightGoldenRodYellow; margin: 4px; border: 1px solid khaki\"> (<a href=\"https://browser.ihtsdotools.org/\">SNOMED CT</a>#363443007)</span></p><p><b>onset</b>: 40–49 years</p></blockquote><blockquote><p><b>condition</b></p><p><b>code</b>: Pancreatic Cancer <span style=\"background: LightGoldenRodYellow; margin: 4px; border: 1px solid khaki\"> (<a href=\"https://browser.ihtsdotools.org/\">SNOMED CT</a>#363418001)</span></p><p><b>onset</b>: 40–49 years</p></blockquote><blockquote><p><b>condition</b></p><p><b>code</b>: ProstateCancer <span style=\"background: LightGoldenRodYellow; margin: 4px; border: 1px solid khaki\"> (<a href=\"https://browser.ihtsdotools.org/\">SNOMED CT</a>#399068003)</span></p><p><b>onset</b>: 40–49 years</p></blockquote><blockquote><p><b>condition</b></p><p><b>code</b>: Rectal Cancer <span style=\"background: LightGoldenRodYellow; margin: 4px; border: 1px solid khaki\"> (<a href=\"https://browser.ihtsdotools.org/\">SNOMED CT</a>#254582000)</span></p><p><b>onset</b>: 40–49 years</p></blockquote><blockquote><p><b>condition</b></p><p><b>code</b>: Skin Cancer <span style=\"background: LightGoldenRodYellow; margin: 4px; border: 1px solid khaki\"> (<a href=\"https://browser.ihtsdotools.org/\">SNOMED CT</a>#372130007)</span></p><p><b>onset</b>: 40–49 years</p></blockquote><blockquote><p><b>condition</b></p><p><b>code</b>: Thyroid Cancer <span style=\"background: LightGoldenRodYellow; margin: 4px; border: 1px solid khaki\"> (<a href=\"https://browser.ihtsdotools.org/\">SNOMED CT</a>#363478007)</span></p><p><b>onset</b>: 30–39 years</p></blockquote><blockquote><p><b>condition</b></p><p><b>code</b>: Unknown Cancer <span style=\"background: LightGoldenRodYellow; margin: 4px; border: 1px solid khaki\"> (<a href=\"https://browser.ihtsdotools.org/\">SNOMED CT</a>#UNCANCER)</span></p><p><b>onset</b>: Infancy</p></blockquote><blockquote><p><b>condition</b></p><p><b>code</b>: Uterine Cancer <span style=\"background: LightGoldenRodYellow; margin: 4px; border: 1px solid khaki\"> (<a href=\"https://browser.ihtsdotools.org/\">SNOMED CT</a>#371973000)</span></p><p><b>onset</b>: Pre-Birth</p></blockquote><blockquote><p><b>condition</b></p><p><b>code</b>: Clotting Disorder <span style=\"background: LightGoldenRodYellow; margin: 4px; border: 1px solid khaki\"> (<a href=\"https://browser.ihtsdotools.org/\">SNOMED CT</a>#4779008)</span></p><p><b>onset</b>: Infancy</p></blockquote><blockquote><p><b>condition</b></p><p><b>code</b>: Deep Vein Thrombosis (DVT) <span style=\"background: LightGoldenRodYellow; margin: 4px; border: 1px solid khaki\"> (<a href=\"https://browser.ihtsdotools.org/\">SNOMED CT</a>#128053003)</span></p><p><b>onset</b>: Adolescence</p></blockquote><blockquote><p><b>condition</b></p><p><b>code</b>: Pulmonary Embolism <span style=\"background: LightGoldenRodYellow; margin: 4px; border: 1px solid khaki\"> (<a href=\"https://browser.ihtsdotools.org/\">SNOMED CT</a>#59282003)</span></p><p><b>onset</b>: 30–39 years</p></blockquote><blockquote><p><b>condition</b></p><p><b>code</b>: Unknown Clotting Disorder <span style=\"background: LightGoldenRodYellow; margin: 4px; border: 1px solid khaki\"> (<a href=\"https://browser.ihtsdotools.org/\">SNOMED CT</a>#UNCLODIS)</span></p><p><b>onset</b>: 30–39 years</p></blockquote><blockquote><p><b>condition</b></p><p><b>code</b>: Dementia/Alzheimers <span style=\"background: LightGoldenRodYellow; margin: 4px; border: 1px solid khaki\"> (<a href=\"https://browser.ihtsdotools.org/\">SNOMED CT</a>#26929004)</span></p><p><b>onset</b>: Newborn</p></blockquote><blockquote><p><b>condition</b></p><p><b>code</b>: Diabetes <span style=\"background: LightGoldenRodYellow; margin: 4px; border: 1px solid khaki\"> (<a href=\"https://browser.ihtsdotools.org/\">SNOMED CT</a>#73211009)</span></p><p><b>onset</b>: Adolescence</p></blockquote><blockquote><p><b>condition</b></p><p><b>code</b>: Gestational Diabetes <span style=\"background: LightGoldenRodYellow; margin: 4px; border: 1px solid khaki\"> (<a href=\"https://browser.ihtsdotools.org/\">SNOMED CT</a>#11687002)</span></p><p><b>onset</b>: Adolescence</p></blockquote><blockquote><p><b>condition</b></p><p><b>code</b>: Impaired Fasting Glucose <span style=\"background: LightGoldenRodYellow; margin: 4px; border: 1px solid khaki\"> (<a href=\"https://browser.ihtsdotools.org/\">SNOMED CT</a>#82141001)</span></p><p><b>onset</b>: 40–49 years</p></blockquote><blockquote><p><b>condition</b></p><p><b>code</b>: Impaired Glucose Tolerance <span style=\"background: LightGoldenRodYellow; margin: 4px; border: 1px solid khaki\"> (<a href=\"https://browser.ihtsdotools.org/\">SNOMED CT</a>#9414007)</span></p><p><b>onset</b>: 40–49 years</p></blockquote><blockquote><p><b>condition</b></p><p><b>code</b>: Insulin Resistance <span style=\"background: LightGoldenRodYellow; margin: 4px; border: 1px solid khaki\"> (<a href=\"https://browser.ihtsdotools.org/\">SNOMED CT</a>#32284009)</span></p><p><b>onset</b>: Adolescence</p></blockquote><blockquote><p><b>condition</b></p><p><b>code</b>: Maturity Onset Diabetes Mellitus in Young (MODY) <span style=\"background: LightGoldenRodYellow; margin: 4px; border: 1px solid khaki\"> (<a href=\"https://browser.ihtsdotools.org/\">SNOMED CT</a>#472972006)</span></p><p><b>onset</b>: Infancy</p></blockquote><blockquote><p><b>condition</b></p><p><b>code</b>: Pre-Diabetes <span style=\"background: LightGoldenRodYellow; margin: 4px; border: 1px solid khaki\"> (<a href=\"https://browser.ihtsdotools.org/\">SNOMED CT</a>#PREDIABE)</span></p><p><b>onset</b>: 20–29 years</p></blockquote><blockquote><p><b>condition</b></p><p><b>code</b>: Type 1 Diabetes <span style=\"background: LightGoldenRodYellow; margin: 4px; border: 1px solid khaki\"> (<a href=\"https://browser.ihtsdotools.org/\">SNOMED CT</a>#46635009)</span></p><p><b>onset</b>: 30–39 years</p></blockquote><blockquote><p><b>condition</b></p><p><b>code</b>: Type 2 Diabetes <span style=\"background: LightGoldenRodYellow; margin: 4px; border: 1px solid khaki\"> (<a href=\"https://browser.ihtsdotools.org/\">SNOMED CT</a>#44054006)</span></p><p><b>onset</b>: 40–49 years</p></blockquote><blockquote><p><b>condition</b></p><p><b>code</b>: Unknown Diabetes <span style=\"background: LightGoldenRodYellow; margin: 4px; border: 1px solid khaki\"> (<a href=\"https://browser.ihtsdotools.org/\">SNOMED CT</a>#UNDIABET)</span></p><p><b>onset</b>: 20–29 years</p></blockquote><blockquote><p><b>condition</b></p><p><b>code</b>: ColonPolyp <span style=\"background: LightGoldenRodYellow; margin: 4px; border: 1px solid khaki\"> (<a href=\"https://browser.ihtsdotools.org/\">SNOMED CT</a>#68496003)</span></p><p><b>onset</b>: Newborn</p></blockquote><blockquote><p><b>condition</b></p><p><b>code</b>: Crohn's Disease <span style=\"background: LightGoldenRodYellow; margin: 4px; border: 1px solid khaki\"> (<a href=\"https://browser.ihtsdotools.org/\">SNOMED CT</a>#34000006)</span></p><p><b>onset</b>: Childhood</p></blockquote><blockquote><p><b>condition</b></p><p><b>code</b>: Familia Adnenomatous Polyposis (FAP) <span style=\"background: LightGoldenRodYellow; margin: 4px; border: 1px solid khaki\"> (<a href=\"https://browser.ihtsdotools.org/\">SNOMED CT</a>#72900001)</span></p><p><b>onset</b>: 20–29 years</p></blockquote><blockquote><p><b>condition</b></p><p><b>code</b>: Gastrointestinal Disorder <span style=\"background: LightGoldenRodYellow; margin: 4px; border: 1px solid khaki\"> (<a href=\"https://browser.ihtsdotools.org/\">SNOMED CT</a>#119292006)</span></p><p><b>onset</b>: 20–29 years</p></blockquote><blockquote><p><b>condition</b></p><p><b>code</b>: Irritable Bowel Syndrome <span style=\"background: LightGoldenRodYellow; margin: 4px; border: 1px solid khaki\"> (<a href=\"https://browser.ihtsdotools.org/\">SNOMED CT</a>#10743008)</span></p><p><b>onset</b>: 20–29 years</p></blockquote><blockquote><p><b>condition</b></p><p><b>code</b>: Ulcerative Colitis <span style=\"background: LightGoldenRodYellow; margin: 4px; border: 1px solid khaki\"> (<a href=\"https://browser.ihtsdotools.org/\">SNOMED CT</a>#64766004)</span></p><p><b>onset</b>: Childhood</p></blockquote><blockquote><p><b>condition</b></p><p><b>code</b>: Unknown Gastrointestinal Disorder <span style=\"background: LightGoldenRodYellow; margin: 4px; border: 1px solid khaki\"> (<a href=\"https://browser.ihtsdotools.org/\">SNOMED CT</a>#UNGASDIS)</span></p><p><b>onset</b>: 20–29 years</p></blockquote><blockquote><p><b>condition</b></p><p><b>code</b>: Angina <span style=\"background: LightGoldenRodYellow; margin: 4px; border: 1px solid khaki\"> (<a href=\"https://browser.ihtsdotools.org/\">SNOMED CT</a>#194828000)</span></p><p><b>onset</b>: Adolescence</p></blockquote><blockquote><p><b>condition</b></p><p><b>code</b>: Coronary Artery Disease <span style=\"background: LightGoldenRodYellow; margin: 4px; border: 1px solid khaki\"> (<a href=\"https://browser.ihtsdotools.org/\">SNOMED CT</a>#53741008)</span></p><p><b>onset</b>: 20–29 years</p></blockquote><blockquote><p><b>condition</b></p><p><b>code</b>: Heart Attack <span style=\"background: LightGoldenRodYellow; margin: 4px; border: 1px solid khaki\"> (<a href=\"https://browser.ihtsdotools.org/\">SNOMED CT</a>#22298006)</span></p><p><b>onset</b>: 30–39 years</p></blockquote><blockquote><p><b>condition</b></p><p><b>code</b>: Heart Disease <span style=\"background: LightGoldenRodYellow; margin: 4px; border: 1px solid khaki\"> (<a href=\"https://browser.ihtsdotools.org/\">SNOMED CT</a>#56265001)</span></p><p><b>onset</b>: 40–49 years</p></blockquote><blockquote><p><b>condition</b></p><p><b>code</b>: Familial Hypercholesterolemia <span style=\"background: LightGoldenRodYellow; margin: 4px; border: 1px solid khaki\"> (<a href=\"https://browser.ihtsdotools.org/\">SNOMED CT</a>#398036000)</span></p><p><b>onset</b>: Newborn</p></blockquote><blockquote><p><b>condition</b></p><p><b>code</b>: Unknown Heart Disease <span style=\"background: LightGoldenRodYellow; margin: 4px; border: 1px solid khaki\"> (<a href=\"https://browser.ihtsdotools.org/\">SNOMED CT</a>#UNHEADIS)</span></p><p><b>onset</b>: Infancy</p></blockquote><blockquote><p><b>condition</b></p><p><b>code</b>: High Cholesterol <span style=\"background: LightGoldenRodYellow; margin: 4px; border: 1px solid khaki\"> (<a href=\"https://browser.ihtsdotools.org/\">SNOMED CT</a>#55822004)</span></p><p><b>onset</b>: Childhood</p></blockquote><blockquote><p><b>condition</b></p><p><b>code</b>: High Cholesterol Familia Hypercholesterolemia <span style=\"background: LightGoldenRodYellow; margin: 4px; border: 1px solid khaki\"> (<a href=\"https://browser.ihtsdotools.org/\">SNOMED CT</a>#398036000)</span></p><p><b>onset</b>: 30–39 years</p></blockquote><blockquote><p><b>condition</b></p><p><b>code</b>: Hypertension <span style=\"background: LightGoldenRodYellow; margin: 4px; border: 1px solid khaki\"> (<a href=\"https://browser.ihtsdotools.org/\">SNOMED CT</a>#38341003)</span></p><p><b>onset</b>: 20–29 years</p></blockquote><blockquote><p><b>condition</b></p><p><b>code</b>: Cystic Kidney Disease <span style=\"background: LightGoldenRodYellow; margin: 4px; border: 1px solid khaki\"> (<a href=\"https://browser.ihtsdotools.org/\">SNOMED CT</a>#236439005)</span></p><p><b>onset</b>: 30–39 years</p></blockquote><blockquote><p><b>condition</b></p><p><b>code</b>: Diabetic Kidney Disease <span style=\"background: LightGoldenRodYellow; margin: 4px; border: 1px solid khaki\"> (<a href=\"https://browser.ihtsdotools.org/\">SNOMED CT</a>#127013003)</span></p><p><b>onset</b>: 40–49 years</p></blockquote><blockquote><p><b>condition</b></p><p><b>code</b>: Kidney Disease Present from Birth <span style=\"background: LightGoldenRodYellow; margin: 4px; border: 1px solid khaki\"> (<a href=\"https://browser.ihtsdotools.org/\">SNOMED CT</a>#82525005)</span></p><p><b>onset</b>: Unknown</p></blockquote><blockquote><p><b>condition</b></p><p><b>code</b>: Kidney Nephrosis <span style=\"background: LightGoldenRodYellow; margin: 4px; border: 1px solid khaki\"> (<a href=\"https://browser.ihtsdotools.org/\">SNOMED CT</a>#90708001)</span></p><p><b>onset</b>: Newborn</p></blockquote><blockquote><p><b>condition</b></p><p><b>code</b>: Nephritis <span style=\"background: LightGoldenRodYellow; margin: 4px; border: 1px solid khaki\"> (<a href=\"https://browser.ihtsdotools.org/\">SNOMED CT</a>#52845002)</span></p></blockquote><blockquote><p><b>condition</b></p><p><b>code</b>: Other Kidney Disease <span style=\"background: LightGoldenRodYellow; margin: 4px; border: 1px solid khaki\"> (<a href=\"https://browser.ihtsdotools.org/\">SNOMED CT</a>#OTKIDDIS)</span></p><p><b>onset</b>: Infancy</p></blockquote><blockquote><p><b>condition</b></p><p><b>code</b>: Unknown Kidney Disease <span style=\"background: LightGoldenRodYellow; margin: 4px; border: 1px solid khaki\"> (<a href=\"https://browser.ihtsdotools.org/\">SNOMED CT</a>#UNKIDDIS)</span></p><p><b>onset</b>: Adolescence</p></blockquote><blockquote><p><b>condition</b></p><p><b>code</b>: Asthma <span style=\"background: LightGoldenRodYellow; margin: 4px; border: 1px solid khaki\"> (<a href=\"https://browser.ihtsdotools.org/\">SNOMED CT</a>#195967001)</span></p><p><b>onset</b>: 20–29 years</p></blockquote><blockquote><p><b>condition</b></p><p><b>code</b>: COPD <span style=\"background: LightGoldenRodYellow; margin: 4px; border: 1px solid khaki\"> (<a href=\"https://browser.ihtsdotools.org/\">SNOMED CT</a>#13645005)</span></p><p><b>onset</b>: 20–29 years</p></blockquote><blockquote><p><b>condition</b></p><p><b>code</b>: Chronic Bronchitis <span style=\"background: LightGoldenRodYellow; margin: 4px; border: 1px solid khaki\"> (<a href=\"https://browser.ihtsdotools.org/\">SNOMED CT</a>#63480004)</span></p><p><b>onset</b>: 20–29 years</p></blockquote><blockquote><p><b>condition</b></p><p><b>code</b>: Chronic Lower Respiratory Disease <span style=\"background: LightGoldenRodYellow; margin: 4px; border: 1px solid khaki\"> (<a href=\"https://browser.ihtsdotools.org/\">SNOMED CT</a>#196229000)</span></p><p><b>onset</b>: Adolescence</p></blockquote><blockquote><p><b>condition</b></p><p><b>code</b>: Emphysema <span style=\"background: LightGoldenRodYellow; margin: 4px; border: 1px solid khaki\"> (<a href=\"https://browser.ihtsdotools.org/\">SNOMED CT</a>#87433001)</span></p><p><b>onset</b>: Adolescence</p></blockquote><blockquote><p><b>condition</b></p><p><b>code</b>: Influenza/Pneumonia <span style=\"background: LightGoldenRodYellow; margin: 4px; border: 1px solid khaki\"> (<a href=\"https://browser.ihtsdotools.org/\">SNOMED CT</a>#195878008)</span></p><p><b>onset</b>: 20–29 years</p></blockquote><blockquote><p><b>condition</b></p><p><b>code</b>: Lung Disease <span style=\"background: LightGoldenRodYellow; margin: 4px; border: 1px solid khaki\"> (<a href=\"https://browser.ihtsdotools.org/\">SNOMED CT</a>#19829001)</span></p><p><b>onset</b>: 20–29 years</p></blockquote><blockquote><p><b>condition</b></p><p><b>code</b>: Unknown Lung Disease <span style=\"background: LightGoldenRodYellow; margin: 4px; border: 1px solid khaki\"> (<a href=\"https://browser.ihtsdotools.org/\">SNOMED CT</a>#UNLUNDIS)</span></p><p><b>onset</b>: 30–39 years</p></blockquote><blockquote><p><b>condition</b></p><p><b>code</b>: Osteoporosis <span style=\"background: LightGoldenRodYellow; margin: 4px; border: 1px solid khaki\"> (<a href=\"https://browser.ihtsdotools.org/\">SNOMED CT</a>#64859006)</span></p><p><b>onset</b>: 30–39 years</p></blockquote><blockquote><p><b>condition</b></p><p><b>code</b>: Anxiety <span style=\"background: LightGoldenRodYellow; margin: 4px; border: 1px solid khaki\"> (<a href=\"https://browser.ihtsdotools.org/\">SNOMED CT</a>#197480006)</span></p><p><b>onset</b>: Newborn</p></blockquote><blockquote><p><b>condition</b></p><p><b>code</b>: Attention Deficit Disorder-Hyperactivity <span style=\"background: LightGoldenRodYellow; margin: 4px; border: 1px solid khaki\"> (<a href=\"https://browser.ihtsdotools.org/\">SNOMED CT</a>#406506008)</span></p><p><b>onset</b>: 20–29 years</p></blockquote><blockquote><p><b>condition</b></p><p><b>code</b>: Autism <span style=\"background: LightGoldenRodYellow; margin: 4px; border: 1px solid khaki\"> (<a href=\"https://browser.ihtsdotools.org/\">SNOMED CT</a>#408856003)</span></p><p><b>onset</b>: 20–29 years</p></blockquote><blockquote><p><b>condition</b></p><p><b>code</b>: Bipolar Disorder <span style=\"background: LightGoldenRodYellow; margin: 4px; border: 1px solid khaki\"> (<a href=\"https://browser.ihtsdotools.org/\">SNOMED CT</a>#13746004)</span></p><p><b>onset</b>: 20–29 years</p></blockquote><blockquote><p><b>condition</b></p><p><b>code</b>: Dementia <span style=\"background: LightGoldenRodYellow; margin: 4px; border: 1px solid khaki\"> (<a href=\"https://browser.ihtsdotools.org/\">SNOMED CT</a>#52448006)</span></p><p><b>onset</b>: Infancy</p></blockquote><blockquote><p><b>condition</b></p><p><b>code</b>: Depression <span style=\"background: LightGoldenRodYellow; margin: 4px; border: 1px solid khaki\"> (<a href=\"https://browser.ihtsdotools.org/\">SNOMED CT</a>#35489007)</span></p><p><b>onset</b>: Pre-Birth</p></blockquote><blockquote><p><b>condition</b></p><p><b>code</b>: Eating Disorder <span style=\"background: LightGoldenRodYellow; margin: 4px; border: 1px solid khaki\"> (<a href=\"https://browser.ihtsdotools.org/\">SNOMED CT</a>#72366004)</span></p><p><b>onset</b>: Pre-Birth</p></blockquote><blockquote><p><b>condition</b></p><p><b>code</b>: Mental Disorder <span style=\"background: LightGoldenRodYellow; margin: 4px; border: 1px solid khaki\"> (<a href=\"https://browser.ihtsdotools.org/\">SNOMED CT</a>#74732009)</span></p><p><b>onset</b>: Childhood</p></blockquote><blockquote><p><b>condition</b></p><p><b>code</b>: Obsessive Compulsive Disorder <span style=\"background: LightGoldenRodYellow; margin: 4px; border: 1px solid khaki\"> (<a href=\"https://browser.ihtsdotools.org/\">SNOMED CT</a>#191736004)</span></p><p><b>onset</b>: Childhood</p></blockquote><blockquote><p><b>condition</b></p><p><b>code</b>: Panic Disorder <span style=\"background: LightGoldenRodYellow; margin: 4px; border: 1px solid khaki\"> (<a href=\"https://browser.ihtsdotools.org/\">SNOMED CT</a>#371631005)</span></p><p><b>onset</b>: Adolescence</p></blockquote><blockquote><p><b>condition</b></p><p><b>code</b>: Personality Disorder <span style=\"background: LightGoldenRodYellow; margin: 4px; border: 1px solid khaki\"> (<a href=\"https://browser.ihtsdotools.org/\">SNOMED CT</a>#33449004)</span></p><p><b>onset</b>: 20–29 years</p></blockquote><blockquote><p><b>condition</b></p><p><b>code</b>: Post Traumatic Stress Disorder <span style=\"background: LightGoldenRodYellow; margin: 4px; border: 1px solid khaki\"> (<a href=\"https://browser.ihtsdotools.org/\">SNOMED CT</a>#47505003)</span></p><p><b>onset</b>: 30–39 years</p></blockquote><blockquote><p><b>condition</b></p><p><b>code</b>: Schizophrenia <span style=\"background: LightGoldenRodYellow; margin: 4px; border: 1px solid khaki\"> (<a href=\"https://browser.ihtsdotools.org/\">SNOMED CT</a>#58214004)</span></p><p><b>onset</b>: Childhood</p></blockquote><blockquote><p><b>condition</b></p><p><b>code</b>: Social Phobia <span style=\"background: LightGoldenRodYellow; margin: 4px; border: 1px solid khaki\"> (<a href=\"https://browser.ihtsdotools.org/\">SNOMED CT</a>#25501002)</span></p><p><b>onset</b>: 20–29 years</p></blockquote><blockquote><p><b>condition</b></p><p><b>code</b>: Unknown Psychological Disorder <span style=\"background: LightGoldenRodYellow; margin: 4px; border: 1px solid khaki\"> (<a href=\"https://browser.ihtsdotools.org/\">SNOMED CT</a>#UNPSYDIS)</span></p><p><b>onset</b>: 20–29 years</p></blockquote><blockquote><p><b>condition</b></p><p><b>code</b>: Septicemia <span style=\"background: LightGoldenRodYellow; margin: 4px; border: 1px solid khaki\"> (<a href=\"https://browser.ihtsdotools.org/\">SNOMED CT</a>#105592009)</span></p><p><b>onset</b>: 30–39 years</p></blockquote><blockquote><p><b>condition</b></p><p><b>code</b>: Stroke <span style=\"background: LightGoldenRodYellow; margin: 4px; border: 1px solid khaki\"> (<a href=\"https://browser.ihtsdotools.org/\">SNOMED CT</a>#116288000)</span></p><p><b>onset</b>: 30–39 years</p></blockquote><blockquote><p><b>condition</b></p><p><b>code</b>: Sudden Infant Death <span style=\"background: LightGoldenRodYellow; margin: 4px; border: 1px solid khaki\"> (<a href=\"https://browser.ihtsdotools.org/\">SNOMED CT</a>#51178009)</span></p><p><b>onset</b>: 30–39 years</p></blockquote><blockquote><p><b>condition</b></p><p><b>code</b>: Unknown Disease <span style=\"background: LightGoldenRodYellow; margin: 4px; border: 1px solid khaki\"> (<a href=\"https://browser.ihtsdotools.org/\">SNOMED CT</a>#315645005)</span></p><p><b>onset</b>: 20–29 years</p></blockquote></div>"
  },
  "status": "partial",
  "patient": {
    "reference": "Patient/b694c410-9d06-4dd8-bb32-760c4275a3e4"
  },
  "name": "Brother #1",
  "relationship": {
    "coding": [
      {
        "system": "http://terminology.hl7.org/CodeSystem/v3-RoleCode",
        "code": "BRO",
        "display": "Brother"
      }
    ]
  },
  "sex": {
    "coding": [
      {
        "system": "http://hl7.org/fhir/administrative-gender",
        "code": "male",
        "display": "Male",
        "userSelected": true
      }
    ],
    "text": "Male"
  },
  "ageString": "30–39 years",
  "condition": [
    {
      "code": {
        "coding": [
          {
            "system": "http://snomed.info/sct",
            "code": "269466003",
            "display": "Bone Cancer",
            "userSelected": true
          }
        ]
      },
      "onsetString": "Newborn"
    },
    {
      "code": {
        "coding": [
          {
            "system": "http://snomed.info/sct",
            "code": "1000000",
            "display": "Brain Cancer",
            "userSelected": true
          }
        ]
      },
      "onsetString": "Childhood"
    },
    {
      "code": {
        "coding": [
          {
            "system": "http://snomed.info/sct",
            "code": "254837009",
            "display": "Breast Cancer",
            "userSelected": true
          }
        ]
      },
      "onsetString": "Infancy"
    },
    {
      "code": {
        "coding": [
          {
            "system": "http://snomed.info/sct",
            "code": "706970001",
            "display": "---Breast Cancer (triple negative)",
            "userSelected": true
          }
        ]
      },
      "onsetString": "Adolescence"
    },
    {
      "code": {
        "coding": [
          {
            "system": "http://snomed.info/sct",
            "code": "363406005",
            "display": "Colon Cancer",
            "userSelected": true
          }
        ]
      },
      "onsetString": "30–39 years"
    },
    {
      "code": {
        "coding": [
          {
            "system": "http://snomed.info/sct",
            "code": "1000001",
            "display": "Colorectal Cancer",
            "userSelected": true
          }
        ]
      },
      "onsetString": "40–49 years"
    },
    {
      "code": {
        "coding": [
          {
            "system": "http://snomed.info/sct",
            "code": "363402007",
            "display": "Esophageal Cancer",
            "userSelected": true
          }
        ]
      },
      "onsetString": "40–49 years"
    },
    {
      "code": {
        "coding": [
          {
            "system": "http://snomed.info/sct",
            "code": "72900001",
            "display": "Familia adnenomatous polyposis (FAP)",
            "userSelected": true
          }
        ]
      },
      "onsetString": "40–49 years"
    },
    {
      "code": {
        "coding": [
          {
            "system": "http://snomed.info/sct",
            "code": "363349007",
            "display": "Gastric Cancer",
            "userSelected": true
          }
        ]
      },
      "onsetString": "40–49 years"
    },
    {
      "code": {
        "coding": [
          {
            "system": "http://snomed.info/sct",
            "code": "315058005",
            "display": "Lynch Syndrome/Hereditary non-polyposis colorectal cancer (HNPCC)",
            "userSelected": true
          }
        ]
      },
      "onsetString": "Adolescence"
    },
    {
      "code": {
        "coding": [
          {
            "system": "http://snomed.info/sct",
            "code": "363518003",
            "display": "Kidney Cancer",
            "userSelected": true
          }
        ]
      },
      "onsetString": "20–29 years"
    },
    {
      "code": {
        "coding": [
          {
            "system": "http://snomed.info/sct",
            "code": "93143009",
            "display": "Leukemia",
            "userSelected": true
          }
        ]
      },
      "onsetString": "30–39 years"
    },
    {
      "code": {
        "coding": [
          {
            "system": "http://snomed.info/sct",
            "code": "93870000",
            "display": "Liver Cancer",
            "userSelected": true
          }
        ]
      },
      "onsetString": "30–39 years"
    },
    {
      "code": {
        "coding": [
          {
            "system": "http://snomed.info/sct",
            "code": "363358000",
            "display": "Lung Cancer",
            "userSelected": true
          }
        ]
      },
      "onsetString": "40–49 years"
    },
    {
      "code": {
        "coding": [
          {
            "system": "http://snomed.info/sct",
            "code": "363495004",
            "display": "Muscle Cancer",
            "userSelected": true
          }
        ]
      },
      "onsetString": "40–49 years"
    },
    {
      "code": {
        "coding": [
          {
            "system": "http://snomed.info/sct",
            "code": "OTCANCER",
            "display": "Other Cancer",
            "userSelected": true
          }
        ]
      },
      "onsetString": "30–39 years"
    },
    {
      "code": {
        "coding": [
          {
            "system": "http://snomed.info/sct",
            "code": "363443007",
            "display": "Ovarian Cancer/Fallopian Tube Cancer",
            "userSelected": true
          }
        ]
      },
      "onsetString": "40–49 years"
    },
    {
      "code": {
        "coding": [
          {
            "system": "http://snomed.info/sct",
            "code": "363418001",
            "display": "Pancreatic Cancer",
            "userSelected": true
          }
        ]
      },
      "onsetString": "40–49 years"
    },
    {
      "code": {
        "coding": [
          {
            "system": "http://snomed.info/sct",
            "code": "399068003",
            "display": "ProstateCancer",
            "userSelected": true
          }
        ]
      },
      "onsetString": "40–49 years"
    },
    {
      "code": {
        "coding": [
          {
            "system": "http://snomed.info/sct",
            "code": "254582000",
            "display": "Rectal Cancer",
            "userSelected": true
          }
        ]
      },
      "onsetString": "40–49 years"
    },
    {
      "code": {
        "coding": [
          {
            "system": "http://snomed.info/sct",
            "code": "372130007",
            "display": "Skin Cancer",
            "userSelected": true
          }
        ]
      },
      "onsetString": "40–49 years"
    },
    {
      "code": {
        "coding": [
          {
            "system": "http://snomed.info/sct",
            "code": "363478007",
            "display": "Thyroid Cancer",
            "userSelected": true
          }
        ]
      },
      "onsetString": "30–39 years"
    },
    {
      "code": {
        "coding": [
          {
            "system": "http://snomed.info/sct",
            "code": "UNCANCER",
            "display": "Unknown Cancer",
            "userSelected": true
          }
        ]
      },
      "onsetString": "Infancy"
    },
    {
      "code": {
        "coding": [
          {
            "system": "http://snomed.info/sct",
            "code": "371973000",
            "display": "Uterine Cancer",
            "userSelected": true
          }
        ]
      },
      "onsetString": "Pre-Birth"
    },
    {
      "code": {
        "coding": [
          {
            "system": "http://snomed.info/sct",
            "code": "4779008",
            "display": "Clotting Disorder",
            "userSelected": true
          }
        ]
      },
      "onsetString": "Infancy"
    },
    {
      "code": {
        "coding": [
          {
            "system": "http://snomed.info/sct",
            "code": "128053003",
            "display": "Deep Vein Thrombosis (DVT)",
            "userSelected": true
          }
        ]
      },
      "onsetString": "Adolescence"
    },
    {
      "code": {
        "coding": [
          {
            "system": "http://snomed.info/sct",
            "code": "59282003",
            "display": "Pulmonary Embolism",
            "userSelected": true
          }
        ]
      },
      "onsetString": "30–39 years"
    },
    {
      "code": {
        "coding": [
          {
            "system": "http://snomed.info/sct",
            "code": "UNCLODIS",
            "display": "Unknown Clotting Disorder",
            "userSelected": true
          }
        ]
      },
      "onsetString": "30–39 years"
    },
    {
      "code": {
        "coding": [
          {
            "system": "http://snomed.info/sct",
            "code": "26929004",
            "display": "Dementia/Alzheimers",
            "userSelected": true
          }
        ]
      },
      "onsetString": "Newborn"
    },
    {
      "code": {
        "coding": [
          {
            "system": "http://snomed.info/sct",
            "code": "73211009",
            "display": "Diabetes",
            "userSelected": true
          }
        ]
      },
      "onsetString": "Adolescence"
    },
    {
      "code": {
        "coding": [
          {
            "system": "http://snomed.info/sct",
            "code": "11687002",
            "display": "Gestational Diabetes",
            "userSelected": true
          }
        ]
      },
      "onsetString": "Adolescence"
    },
    {
      "code": {
        "coding": [
          {
            "system": "http://snomed.info/sct",
            "code": "82141001",
            "display": "Impaired Fasting Glucose",
            "userSelected": true
          }
        ]
      },
      "onsetString": "40–49 years"
    },
    {
      "code": {
        "coding": [
          {
            "system": "http://snomed.info/sct",
            "code": "9414007",
            "display": "Impaired Glucose Tolerance",
            "userSelected": true
          }
        ]
      },
      "onsetString": "40–49 years"
    },
    {
      "code": {
        "coding": [
          {
            "system": "http://snomed.info/sct",
            "code": "32284009",
            "display": "Insulin Resistance",
            "userSelected": true
          }
        ]
      },
      "onsetString": "Adolescence"
    },
    {
      "code": {
        "coding": [
          {
            "system": "http://snomed.info/sct",
            "code": "472972006",
            "display": "Maturity Onset Diabetes Mellitus in Young (MODY)",
            "userSelected": true
          }
        ]
      },
      "onsetString": "Infancy"
    },
    {
      "code": {
        "coding": [
          {
            "system": "http://snomed.info/sct",
            "code": "PREDIABE",
            "display": "Pre-Diabetes",
            "userSelected": true
          }
        ]
      },
      "onsetString": "20–29 years"
    },
    {
      "code": {
        "coding": [
          {
            "system": "http://snomed.info/sct",
            "code": "46635009",
            "display": "Type 1 Diabetes",
            "userSelected": true
          }
        ]
      },
      "onsetString": "30–39 years"
    },
    {
      "code": {
        "coding": [
          {
            "system": "http://snomed.info/sct",
            "code": "44054006",
            "display": "Type 2 Diabetes",
            "userSelected": true
          }
        ]
      },
      "onsetString": "40–49 years"
    },
    {
      "code": {
        "coding": [
          {
            "system": "http://snomed.info/sct",
            "code": "UNDIABET",
            "display": "Unknown Diabetes",
            "userSelected": true
          }
        ]
      },
      "onsetString": "20–29 years"
    },
    {
      "code": {
        "coding": [
          {
            "system": "http://snomed.info/sct",
            "code": "68496003",
            "display": "ColonPolyp",
            "userSelected": true
          }
        ]
      },
      "onsetString": "Newborn"
    },
    {
      "code": {
        "coding": [
          {
            "system": "http://snomed.info/sct",
            "code": "34000006",
            "display": "Crohn's Disease",
            "userSelected": true
          }
        ]
      },
      "onsetString": "Childhood"
    },
    {
      "code": {
        "coding": [
          {
            "system": "http://snomed.info/sct",
            "code": "72900001",
            "display": "Familia Adnenomatous Polyposis (FAP)",
            "userSelected": true
          }
        ]
      },
      "onsetString": "20–29 years"
    },
    {
      "code": {
        "coding": [
          {
            "system": "http://snomed.info/sct",
            "code": "119292006",
            "display": "Gastrointestinal Disorder",
            "userSelected": true
          }
        ]
      },
      "onsetString": "20–29 years"
    },
    {
      "code": {
        "coding": [
          {
            "system": "http://snomed.info/sct",
            "code": "10743008",
            "display": "Irritable Bowel Syndrome",
            "userSelected": true
          }
        ]
      },
      "onsetString": "20–29 years"
    },
    {
      "code": {
        "coding": [
          {
            "system": "http://snomed.info/sct",
            "code": "64766004",
            "display": "Ulcerative Colitis",
            "userSelected": true
          }
        ]
      },
      "onsetString": "Childhood"
    },
    {
      "code": {
        "coding": [
          {
            "system": "http://snomed.info/sct",
            "code": "UNGASDIS",
            "display": "Unknown Gastrointestinal Disorder",
            "userSelected": true
          }
        ]
      },
      "onsetString": "20–29 years"
    },
    {
      "code": {
        "coding": [
          {
            "system": "http://snomed.info/sct",
            "code": "194828000",
            "display": "Angina",
            "userSelected": true
          }
        ]
      },
      "onsetString": "Adolescence"
    },
    {
      "code": {
        "coding": [
          {
            "system": "http://snomed.info/sct",
            "code": "53741008",
            "display": "Coronary Artery Disease",
            "userSelected": true
          }
        ]
      },
      "onsetString": "20–29 years"
    },
    {
      "code": {
        "coding": [
          {
            "system": "http://snomed.info/sct",
            "code": "22298006",
            "display": "Heart Attack",
            "userSelected": true
          }
        ]
      },
      "onsetString": "30–39 years"
    },
    {
      "code": {
        "coding": [
          {
            "system": "http://snomed.info/sct",
            "code": "56265001",
            "display": "Heart Disease",
            "userSelected": true
          }
        ]
      },
      "onsetString": "40–49 years"
    },
    {
      "code": {
        "coding": [
          {
            "system": "http://snomed.info/sct",
            "code": "398036000",
            "display": "Familial Hypercholesterolemia",
            "userSelected": true
          }
        ]
      },
      "onsetString": "Newborn"
    },
    {
      "code": {
        "coding": [
          {
            "system": "http://snomed.info/sct",
            "code": "UNHEADIS",
            "display": "Unknown Heart Disease",
            "userSelected": true
          }
        ]
      },
      "onsetString": "Infancy"
    },
    {
      "code": {
        "coding": [
          {
            "system": "http://snomed.info/sct",
            "code": "55822004",
            "display": "High Cholesterol",
            "userSelected": true
          }
        ]
      },
      "onsetString": "Childhood"
    },
    {
      "code": {
        "coding": [
          {
            "system": "http://snomed.info/sct",
            "code": "398036000",
            "display": "High Cholesterol Familia Hypercholesterolemia",
            "userSelected": true
          }
        ]
      },
      "onsetString": "30–39 years"
    },
    {
      "code": {
        "coding": [
          {
            "system": "http://snomed.info/sct",
            "code": "38341003",
            "display": "Hypertension",
            "userSelected": true
          }
        ]
      },
      "onsetString": "20–29 years"
    },
    {
      "code": {
        "coding": [
          {
            "system": "http://snomed.info/sct",
            "code": "236439005",
            "display": "Cystic Kidney Disease",
            "userSelected": true
          }
        ]
      },
      "onsetString": "30–39 years"
    },
    {
      "code": {
        "coding": [
          {
            "system": "http://snomed.info/sct",
            "code": "127013003",
            "display": "Diabetic Kidney Disease",
            "userSelected": true
          }
        ]
      },
      "onsetString": "40–49 years"
    },
    {
      "code": {
        "coding": [
          {
            "system": "http://snomed.info/sct",
            "code": "82525005",
            "display": "Kidney Disease Present from Birth",
            "userSelected": true
          }
        ]
      },
      "onsetString": "Unknown"
    },
    {
      "code": {
        "coding": [
          {
            "system": "http://snomed.info/sct",
            "code": "90708001",
            "display": "Kidney Nephrosis",
            "userSelected": true
          }
        ]
      },
      "onsetString": "Newborn"
    },
    {
      "code": {
        "coding": [
          {
            "system": "http://snomed.info/sct",
            "code": "52845002",
            "display": "Nephritis",
            "userSelected": true
          }
        ]
      }
    },
    {
      "code": {
        "coding": [
          {
            "system": "http://snomed.info/sct",
            "code": "OTKIDDIS",
            "display": "Other Kidney Disease",
            "userSelected": true
          }
        ]
      },
      "onsetString": "Infancy"
    },
    {
      "code": {
        "coding": [
          {
            "system": "http://snomed.info/sct",
            "code": "UNKIDDIS",
            "display": "Unknown Kidney Disease",
            "userSelected": true
          }
        ]
      },
      "onsetString": "Adolescence"
    },
    {
      "code": {
        "coding": [
          {
            "system": "http://snomed.info/sct",
            "code": "195967001",
            "display": "Asthma",
            "userSelected": true
          }
        ]
      },
      "onsetString": "20–29 years"
    },
    {
      "code": {
        "coding": [
          {
            "system": "http://snomed.info/sct",
            "code": "13645005",
            "display": "COPD",
            "userSelected": true
          }
        ]
      },
      "onsetString": "20–29 years"
    },
    {
      "code": {
        "coding": [
          {
            "system": "http://snomed.info/sct",
            "code": "63480004",
            "display": "Chronic Bronchitis",
            "userSelected": true
          }
        ]
      },
      "onsetString": "20–29 years"
    },
    {
      "code": {
        "coding": [
          {
            "system": "http://snomed.info/sct",
            "code": "196229000",
            "display": "Chronic Lower Respiratory Disease",
            "userSelected": true
          }
        ]
      },
      "onsetString": "Adolescence"
    },
    {
      "code": {
        "coding": [
          {
            "system": "http://snomed.info/sct",
            "code": "87433001",
            "display": "Emphysema",
            "userSelected": true
          }
        ]
      },
      "onsetString": "Adolescence"
    },
    {
      "code": {
        "coding": [
          {
            "system": "http://snomed.info/sct",
            "code": "195878008",
            "display": "Influenza/Pneumonia",
            "userSelected": true
          }
        ]
      },
      "onsetString": "20–29 years"
    },
    {
      "code": {
        "coding": [
          {
            "system": "http://snomed.info/sct",
            "code": "19829001",
            "display": "Lung Disease",
            "userSelected": true
          }
        ]
      },
      "onsetString": "20–29 years"
    },
    {
      "code": {
        "coding": [
          {
            "system": "http://snomed.info/sct",
            "code": "UNLUNDIS",
            "display": "Unknown Lung Disease",
            "userSelected": true
          }
        ]
      },
      "onsetString": "30–39 years"
    },
    {
      "code": {
        "coding": [
          {
            "system": "http://snomed.info/sct",
            "code": "64859006",
            "display": "Osteoporosis",
            "userSelected": true
          }
        ]
      },
      "onsetString": "30–39 years"
    },
    {
      "code": {
        "coding": [
          {
            "system": "http://snomed.info/sct",
            "code": "197480006",
            "display": "Anxiety",
            "userSelected": true
          }
        ]
      },
      "onsetString": "Newborn"
    },
    {
      "code": {
        "coding": [
          {
            "system": "http://snomed.info/sct",
            "code": "406506008",
            "display": "Attention Deficit Disorder-Hyperactivity",
            "userSelected": true
          }
        ]
      },
      "onsetString": "20–29 years"
    },
    {
      "code": {
        "coding": [
          {
            "system": "http://snomed.info/sct",
            "code": "408856003",
            "display": "Autism",
            "userSelected": true
          }
        ]
      },
      "onsetString": "20–29 years"
    },
    {
      "code": {
        "coding": [
          {
            "system": "http://snomed.info/sct",
            "code": "13746004",
            "display": "Bipolar Disorder",
            "userSelected": true
          }
        ]
      },
      "onsetString": "20–29 years"
    },
    {
      "code": {
        "coding": [
          {
            "system": "http://snomed.info/sct",
            "code": "52448006",
            "display": "Dementia",
            "userSelected": true
          }
        ]
      },
      "onsetString": "Infancy"
    },
    {
      "code": {
        "coding": [
          {
            "system": "http://snomed.info/sct",
            "code": "35489007",
            "display": "Depression",
            "userSelected": true
          }
        ]
      },
      "onsetString": "Pre-Birth"
    },
    {
      "code": {
        "coding": [
          {
            "system": "http://snomed.info/sct",
            "code": "72366004",
            "display": "Eating Disorder",
            "userSelected": true
          }
        ]
      },
      "onsetString": "Pre-Birth"
    },
    {
      "code": {
        "coding": [
          {
            "system": "http://snomed.info/sct",
            "code": "74732009",
            "display": "Mental Disorder",
            "userSelected": true
          }
        ]
      },
      "onsetString": "Childhood"
    },
    {
      "code": {
        "coding": [
          {
            "system": "http://snomed.info/sct",
            "code": "191736004",
            "display": "Obsessive Compulsive Disorder",
            "userSelected": true
          }
        ]
      },
      "onsetString": "Childhood"
    },
    {
      "code": {
        "coding": [
          {
            "system": "http://snomed.info/sct",
            "code": "371631005",
            "display": "Panic Disorder",
            "userSelected": true
          }
        ]
      },
      "onsetString": "Adolescence"
    },
    {
      "code": {
        "coding": [
          {
            "system": "http://snomed.info/sct",
            "code": "33449004",
            "display": "Personality Disorder",
            "userSelected": true
          }
        ]
      },
      "onsetString": "20–29 years"
    },
    {
      "code": {
        "coding": [
          {
            "system": "http://snomed.info/sct",
            "code": "47505003",
            "display": "Post Traumatic Stress Disorder",
            "userSelected": true
          }
        ]
      },
      "onsetString": "30–39 years"
    },
    {
      "code": {
        "coding": [
          {
            "system": "http://snomed.info/sct",
            "code": "58214004",
            "display": "Schizophrenia",
            "userSelected": true
          }
        ]
      },
      "onsetString": "Childhood"
    },
    {
      "code": {
        "coding": [
          {
            "system": "http://snomed.info/sct",
            "code": "25501002",
            "display": "Social Phobia",
            "userSelected": true
          }
        ]
      },
      "onsetString": "20–29 years"
    },
    {
      "code": {
        "coding": [
          {
            "system": "http://snomed.info/sct",
            "code": "UNPSYDIS",
            "display": "Unknown Psychological Disorder",
            "userSelected": true
          }
        ]
      },
      "onsetString": "20–29 years"
    },
    {
      "code": {
        "coding": [
          {
            "system": "http://snomed.info/sct",
            "code": "105592009",
            "display": "Septicemia",
            "userSelected": true
          }
        ]
      },
      "onsetString": "30–39 years"
    },
    {
      "code": {
        "coding": [
          {
            "system": "http://snomed.info/sct",
            "code": "116288000",
            "display": "Stroke",
            "userSelected": true
          }
        ]
      },
      "onsetString": "30–39 years"
    },
    {
      "code": {
        "coding": [
          {
            "system": "http://snomed.info/sct",
            "code": "51178009",
            "display": "Sudden Infant Death",
            "userSelected": true
          }
        ]
      },
      "onsetString": "30–39 years"
    },
    {
      "code": {
        "coding": [
          {
            "system": "http://snomed.info/sct",
            "code": "315645005",
            "display": "Unknown Disease",
            "userSelected": true
          }
        ]
      },
      "onsetString": "20–29 years"
    }
  ]
}