{
  "resourceType": "FamilyMemberHistory",
  "id": "ex-wife",
  "meta": {
    "profile": [
      "https://johnmoehrke.github.io/MHV-PGHD/StructureDefinition/VA.MHV.familymemberhistory"
    ],
    "tag": [
      {
        "system": "https://wiki.mobilehealth.va.gov/x/Onc1C",
        "code": "2ce6d9aa-c068-4809-8dda-662bcb16d09a"
      }
    ]
  },
  "text": {
    "status": "generated",
    "div": "<div xmlns=\"http://www.w3.org/1999/xhtml\"><p><b>Generated Narrative: FamilyMemberHistory</b><a name=\"ex-wife\"> </a></p><div style=\"display: inline-block; background-color: #d9e0e7; padding: 6px; margin: 4px; border: 1px solid #8da1b4; border-radius: 5px; line-height: 60%\"><p style=\"margin-bottom: 0px\">Resource FamilyMemberHistory \"ex-wife\" </p><p style=\"margin-bottom: 0px\">Profile: <a href=\"StructureDefinition-VA.MHV.familymemberhistory.html\">VA MHV FamilyMemberHistory</a></p><p style=\"margin-bottom: 0px\">Tag: <span title=\"{https://wiki.mobilehealth.va.gov/x/Onc1C https://wiki.mobilehealth.va.gov/x/Onc1C}\">https://wiki.mobilehealth.va.gov/x/Onc1C</span></p></div><p><b>status</b>: completed</p><p><b>patient</b>: <a href=\"Patient-ex-patient.html\">Patient/ex-patient</a> \" SCHMIDT\"</p><p><b>date</b>: 2022-04-08</p><p><b>name</b>: Jania Louise Schmidt</p><p><b>relationship</b>: wife <span style=\"background: LightGoldenRodYellow; margin: 4px; border: 1px solid khaki\"> (<a href=\"http://terminology.hl7.org/4.0.0/CodeSystem-v3-RoleCode.html\">RoleCode</a>#WIFE)</span></p><p><b>sex</b>: Female <span style=\"background: LightGoldenRodYellow; margin: 4px; border: 1px solid khaki\"> (<a href=\"http://hl7.org/fhir/R4/codesystem-administrative-gender.html\">AdministrativeGender</a>#female)</span></p><p><b>note</b>: The wife, Jania the daughter of the green grocers.</p><blockquote><p><b>condition</b></p><p><b>code</b>: Chronic pharyngitis <span style=\"background: LightGoldenRodYellow; margin: 4px; border: 1px solid khaki\"> (<a href=\"https://browser.ihtsdotools.org/\">SNOMED CT</a>#140004)</span></p></blockquote><blockquote><p><b>condition</b></p><p><b>code</b>: Normal peripheral vision <span style=\"background: LightGoldenRodYellow; margin: 4px; border: 1px solid khaki\"> (<a href=\"https://browser.ihtsdotools.org/\">SNOMED CT</a>#144008)</span></p></blockquote></div>"
  },
  "status": "completed",
  "patient": {
    "reference": "Patient/ex-patient"
  },
  "date": "2022-04-08",
  "name": "Jania Louise Schmidt",
  "relationship": {
    "coding": [
      {
        "system": "http://terminology.hl7.org/CodeSystem/v3-RoleCode",
        "code": "WIFE",
        "display": "wife"
      }
    ]
  },
  "sex": {
    "coding": [
      {
        "system": "http://hl7.org/fhir/administrative-gender",
        "code": "female",
        "display": "Female"
      }
    ]
  },
  "note": [
    {
      "text": "The wife, Jania the daughter of the green grocers."
    }
  ],
  "condition": [
    {
      "code": {
        "coding": [
          {
            "system": "http://snomed.info/sct",
            "code": "140004",
            "display": "Chronic pharyngitis"
          }
        ]
      }
    },
    {
      "code": {
        "coding": [
          {
            "system": "http://snomed.info/sct",
            "code": "144008",
            "display": "Normal peripheral vision"
          }
        ]
      }
    }
  ]
}