<?xml version="1.0" encoding="UTF-8"?>

<FamilyMemberHistory xmlns="http://hl7.org/fhir">
  <id value="ex-son"/>
  <meta>
    <profile value="https://johnmoehrke.github.io/MHV-PGHD/StructureDefinition/VA.MHV.familymemberhistory"/>
    <tag>
      <system value="https://wiki.mobilehealth.va.gov/x/Onc1C"/>
      <code value="2ce6d9aa-c068-4809-8dda-662bcb16d09a"/>
    </tag>
  </meta>
  <text>
    <status value="extensions"/><div xmlns="http://www.w3.org/1999/xhtml"><p><b>Generated Narrative</b></p><div style="display: inline-block; background-color: #d9e0e7; padding: 6px; margin: 4px; border: 1px solid #8da1b4; border-radius: 5px; line-height: 60%"><p style="margin-bottom: 0px">Resource "ex-son" </p><p style="margin-bottom: 0px">Profile: <a href="StructureDefinition-VA.MHV.familymemberhistory.html">VA MHV FamilyMemberHistory</a></p><p style="margin-bottom: 0px">Tag: <span title="{https://wiki.mobilehealth.va.gov/x/Onc1C https://wiki.mobilehealth.va.gov/x/Onc1C}">https://wiki.mobilehealth.va.gov/x/Onc1C</span></p></div><p><b>MultiBirth indication</b>: 2</p><p><b>status</b>: completed</p><p><b>patient</b>: <a href="Patient-ex-patient.html">Patient/ex-patient</a> " SCHMIDT"</p><p><b>date</b>: 2022-04-08</p><p><b>name</b>: John Jacob Schmidt</p><p><b>relationship</b>: natural son <span style="background: LightGoldenRodYellow; margin: 4px; border: 1px solid khaki"> (<a href="http://terminology.hl7.org/3.1.0/CodeSystem-v3-RoleCode.html">RoleCode</a>#SON)</span></p><p><b>sex</b>: Male <span style="background: LightGoldenRodYellow; margin: 4px; border: 1px solid khaki"> (<a href="http://hl7.org/fhir/R4/codesystem-administrative-gender.html">AdministrativeGender</a>#male)</span></p><p><b>age</b>: 78 a<span style="background: LightGoldenRodYellow"> (Details: UCUM code a = 'a')</span></p><p><b>note</b>: but of course there must be a son named John Jacob...</p><blockquote><p><b>condition</b></p><p><b>code</b>: Superficial foreign body of scrotum without major open wound but with infection <span style="background: LightGoldenRodYellow; margin: 4px; border: 1px solid khaki"> (<a href="https://browser.ihtsdotools.org/">SNOMED CT</a>#147001)</span></p></blockquote><blockquote><p><b>condition</b></p><p><b>code</b>: Abnormal bladder continence <span style="background: LightGoldenRodYellow; margin: 4px; border: 1px solid khaki"> (<a href="https://browser.ihtsdotools.org/">SNOMED CT</a>#150003)</span></p></blockquote></div>
  </text>
  <extension url="https://johnmoehrke.github.io/MHV-PGHD/StructureDefinition/FM-MultiBirth">
    <valueInteger value="2"/>
  </extension>
  <status value="completed"/>
  <patient>
    <reference value="Patient/ex-patient"/>
  </patient>
  <date value="2022-04-08"/>
  <name value="John Jacob Schmidt"/>
  <relationship>
    <coding>
      <system value="http://terminology.hl7.org/CodeSystem/v3-RoleCode"/>
      <code value="SON"/>
      <display value="natural son"/>
    </coding>
  </relationship>
  <sex>
    <coding>
      <system value="http://hl7.org/fhir/administrative-gender"/>
      <code value="male"/>
      <display value="Male"/>
    </coding>
  </sex>
  <ageAge>
    <value value="78"/>
    <system value="http://unitsofmeasure.org"/>
    <code value="a"/>
  </ageAge>
  <note>
    <text value="but of course there must be a son named John Jacob..."/>
  </note>
  <condition>
    <code>
      <coding>
        <system value="http://snomed.info/sct"/>
        <code value="147001"/>
        <display value="Superficial foreign body of scrotum without major open wound but with infection"/>
      </coding>
    </code>
  </condition>
  <condition>
    <code>
      <coding>
        <system value="http://snomed.info/sct"/>
        <code value="150003"/>
        <display value="Abnormal bladder continence"/>
      </coding>
    </code>
  </condition>
</FamilyMemberHistory>