<?xml version="1.0" encoding="UTF-8"?>

<FamilyMemberHistory xmlns="http://hl7.org/fhir">
  <id value="12db5508-b375-49a1-a8e1-558ad8448600"/>
  <meta>
    <versionId value="2"/>
    <lastUpdated value="2022-01-19T20:38:09.017+00:00"/>
    <source value="#193abb1ecee7a597"/>
    <tag>
      <system value="https://wiki.mobilehealth.va.gov/x/Onc1C"/>
      <code value="a0e116eb-faa1-4703-aafe-1a270128607a"/>
      <display value="Health Hub"/>
    </tag>
  </meta>
  <text>
    <status value="generated"/><div xmlns="http://www.w3.org/1999/xhtml"><p><b>Generated Narrative</b></p><div style="display: inline-block; background-color: #d9e0e7; padding: 6px; margin: 4px; border: 1px solid #8da1b4; border-radius: 5px; line-height: 60%"><p style="margin-bottom: 0px">Resource "12db5508-b375-49a1-a8e1-558ad8448600" Version "2" Updated "2022-01-19 08:38:09+0000" </p><p style="margin-bottom: 0px">Information Source: #193abb1ecee7a597!</p><p style="margin-bottom: 0px">Tag: <span title="{https://wiki.mobilehealth.va.gov/x/Onc1C https://wiki.mobilehealth.va.gov/x/Onc1C}">https://wiki.mobilehealth.va.gov/x/Onc1C</span></p></div><p><b>status</b>: partial</p><p><b>patient</b>: <a href="Patient/b694c410-9d06-4dd8-bb32-760c4275a3e4">Patient/b694c410-9d06-4dd8-bb32-760c4275a3e4</a></p><p><b>name</b>: Brother #1</p><p><b>relationship</b>: Brother <span style="background: LightGoldenRodYellow; margin: 4px; border: 1px solid khaki"> (<a href="http://terminology.hl7.org/3.1.0/CodeSystem-v3-RoleCode.html">RoleCode</a>#BRO)</span></p><p><b>sex</b>: Male <span style="background: LightGoldenRodYellow; margin: 4px; border: 1px solid khaki"> (<a href="http://hl7.org/fhir/R4/codesystem-administrative-gender.html">AdministrativeGender</a>#male)</span></p><p><b>age</b>: 30–39 years</p><blockquote><p><b>condition</b></p><p><b>code</b>: Bone Cancer <span style="background: LightGoldenRodYellow; margin: 4px; border: 1px solid khaki"> (<a href="https://browser.ihtsdotools.org/">SNOMED CT</a>#269466003)</span></p><p><b>onset</b>: Newborn</p></blockquote><blockquote><p><b>condition</b></p><p><b>code</b>: Brain Cancer <span style="background: LightGoldenRodYellow; margin: 4px; border: 1px solid khaki"> (<a href="https://browser.ihtsdotools.org/">SNOMED CT</a>#1000000)</span></p><p><b>onset</b>: Childhood</p></blockquote><blockquote><p><b>condition</b></p><p><b>code</b>: Breast Cancer <span style="background: LightGoldenRodYellow; margin: 4px; border: 1px solid khaki"> (<a href="https://browser.ihtsdotools.org/">SNOMED CT</a>#254837009)</span></p><p><b>onset</b>: Infancy</p></blockquote><blockquote><p><b>condition</b></p><p><b>code</b>: ---Breast Cancer (triple negative) <span style="background: LightGoldenRodYellow; margin: 4px; border: 1px solid khaki"> (<a href="https://browser.ihtsdotools.org/">SNOMED CT</a>#706970001)</span></p><p><b>onset</b>: Adolescence</p></blockquote><blockquote><p><b>condition</b></p><p><b>code</b>: Colon Cancer <span style="background: LightGoldenRodYellow; margin: 4px; border: 1px solid khaki"> (<a href="https://browser.ihtsdotools.org/">SNOMED CT</a>#363406005)</span></p><p><b>onset</b>: 30–39 years</p></blockquote><blockquote><p><b>condition</b></p><p><b>code</b>: Colorectal Cancer <span style="background: LightGoldenRodYellow; margin: 4px; border: 1px solid khaki"> (<a href="https://browser.ihtsdotools.org/">SNOMED CT</a>#1000001)</span></p><p><b>onset</b>: 40–49 years</p></blockquote><blockquote><p><b>condition</b></p><p><b>code</b>: Esophageal Cancer <span style="background: LightGoldenRodYellow; margin: 4px; border: 1px solid khaki"> (<a href="https://browser.ihtsdotools.org/">SNOMED CT</a>#363402007)</span></p><p><b>onset</b>: 40–49 years</p></blockquote><blockquote><p><b>condition</b></p><p><b>code</b>: Familia adnenomatous polyposis (FAP) <span style="background: LightGoldenRodYellow; margin: 4px; border: 1px solid khaki"> (<a href="https://browser.ihtsdotools.org/">SNOMED CT</a>#72900001)</span></p><p><b>onset</b>: 40–49 years</p></blockquote><blockquote><p><b>condition</b></p><p><b>code</b>: Gastric Cancer <span style="background: LightGoldenRodYellow; margin: 4px; border: 1px solid khaki"> (<a href="https://browser.ihtsdotools.org/">SNOMED CT</a>#363349007)</span></p><p><b>onset</b>: 40–49 years</p></blockquote><blockquote><p><b>condition</b></p><p><b>code</b>: Lynch Syndrome/Hereditary non-polyposis colorectal cancer (HNPCC) <span style="background: LightGoldenRodYellow; margin: 4px; border: 1px solid khaki"> (<a href="https://browser.ihtsdotools.org/">SNOMED CT</a>#315058005)</span></p><p><b>onset</b>: Adolescence</p></blockquote><blockquote><p><b>condition</b></p><p><b>code</b>: Kidney Cancer <span style="background: LightGoldenRodYellow; margin: 4px; border: 1px solid khaki"> (<a href="https://browser.ihtsdotools.org/">SNOMED CT</a>#363518003)</span></p><p><b>onset</b>: 20–29 years</p></blockquote><blockquote><p><b>condition</b></p><p><b>code</b>: Leukemia <span style="background: LightGoldenRodYellow; margin: 4px; border: 1px solid khaki"> (<a href="https://browser.ihtsdotools.org/">SNOMED CT</a>#93143009)</span></p><p><b>onset</b>: 30–39 years</p></blockquote><blockquote><p><b>condition</b></p><p><b>code</b>: Liver Cancer <span style="background: LightGoldenRodYellow; margin: 4px; border: 1px solid khaki"> (<a href="https://browser.ihtsdotools.org/">SNOMED CT</a>#93870000)</span></p><p><b>onset</b>: 30–39 years</p></blockquote><blockquote><p><b>condition</b></p><p><b>code</b>: Lung Cancer <span style="background: LightGoldenRodYellow; margin: 4px; border: 1px solid khaki"> (<a href="https://browser.ihtsdotools.org/">SNOMED CT</a>#363358000)</span></p><p><b>onset</b>: 40–49 years</p></blockquote><blockquote><p><b>condition</b></p><p><b>code</b>: Muscle Cancer <span style="background: LightGoldenRodYellow; margin: 4px; border: 1px solid khaki"> (<a href="https://browser.ihtsdotools.org/">SNOMED CT</a>#363495004)</span></p><p><b>onset</b>: 40–49 years</p></blockquote><blockquote><p><b>condition</b></p><p><b>code</b>: Other Cancer <span style="background: LightGoldenRodYellow; margin: 4px; border: 1px solid khaki"> (<a href="https://browser.ihtsdotools.org/">SNOMED CT</a>#OTCANCER)</span></p><p><b>onset</b>: 30–39 years</p></blockquote><blockquote><p><b>condition</b></p><p><b>code</b>: Ovarian Cancer/Fallopian Tube Cancer <span style="background: LightGoldenRodYellow; margin: 4px; border: 1px solid khaki"> (<a href="https://browser.ihtsdotools.org/">SNOMED CT</a>#363443007)</span></p><p><b>onset</b>: 40–49 years</p></blockquote><blockquote><p><b>condition</b></p><p><b>code</b>: Pancreatic Cancer <span style="background: LightGoldenRodYellow; margin: 4px; border: 1px solid khaki"> (<a href="https://browser.ihtsdotools.org/">SNOMED CT</a>#363418001)</span></p><p><b>onset</b>: 40–49 years</p></blockquote><blockquote><p><b>condition</b></p><p><b>code</b>: ProstateCancer <span style="background: LightGoldenRodYellow; margin: 4px; border: 1px solid khaki"> (<a href="https://browser.ihtsdotools.org/">SNOMED CT</a>#399068003)</span></p><p><b>onset</b>: 40–49 years</p></blockquote><blockquote><p><b>condition</b></p><p><b>code</b>: Rectal Cancer <span style="background: LightGoldenRodYellow; margin: 4px; border: 1px solid khaki"> (<a href="https://browser.ihtsdotools.org/">SNOMED CT</a>#254582000)</span></p><p><b>onset</b>: 40–49 years</p></blockquote><blockquote><p><b>condition</b></p><p><b>code</b>: Skin Cancer <span style="background: LightGoldenRodYellow; margin: 4px; border: 1px solid khaki"> (<a href="https://browser.ihtsdotools.org/">SNOMED CT</a>#372130007)</span></p><p><b>onset</b>: 40–49 years</p></blockquote><blockquote><p><b>condition</b></p><p><b>code</b>: Thyroid Cancer <span style="background: LightGoldenRodYellow; margin: 4px; border: 1px solid khaki"> (<a href="https://browser.ihtsdotools.org/">SNOMED CT</a>#363478007)</span></p><p><b>onset</b>: 30–39 years</p></blockquote><blockquote><p><b>condition</b></p><p><b>code</b>: Unknown Cancer <span style="background: LightGoldenRodYellow; margin: 4px; border: 1px solid khaki"> (<a href="https://browser.ihtsdotools.org/">SNOMED CT</a>#UNCANCER)</span></p><p><b>onset</b>: Infancy</p></blockquote><blockquote><p><b>condition</b></p><p><b>code</b>: Uterine Cancer <span style="background: LightGoldenRodYellow; margin: 4px; border: 1px solid khaki"> (<a href="https://browser.ihtsdotools.org/">SNOMED CT</a>#371973000)</span></p><p><b>onset</b>: Pre-Birth</p></blockquote><blockquote><p><b>condition</b></p><p><b>code</b>: Clotting Disorder <span style="background: LightGoldenRodYellow; margin: 4px; border: 1px solid khaki"> (<a href="https://browser.ihtsdotools.org/">SNOMED CT</a>#4779008)</span></p><p><b>onset</b>: Infancy</p></blockquote><blockquote><p><b>condition</b></p><p><b>code</b>: Deep Vein Thrombosis (DVT) <span style="background: LightGoldenRodYellow; margin: 4px; border: 1px solid khaki"> (<a href="https://browser.ihtsdotools.org/">SNOMED CT</a>#128053003)</span></p><p><b>onset</b>: Adolescence</p></blockquote><blockquote><p><b>condition</b></p><p><b>code</b>: Pulmonary Embolism <span style="background: LightGoldenRodYellow; margin: 4px; border: 1px solid khaki"> (<a href="https://browser.ihtsdotools.org/">SNOMED CT</a>#59282003)</span></p><p><b>onset</b>: 30–39 years</p></blockquote><blockquote><p><b>condition</b></p><p><b>code</b>: Unknown Clotting Disorder <span style="background: LightGoldenRodYellow; margin: 4px; border: 1px solid khaki"> (<a href="https://browser.ihtsdotools.org/">SNOMED CT</a>#UNCLODIS)</span></p><p><b>onset</b>: 30–39 years</p></blockquote><blockquote><p><b>condition</b></p><p><b>code</b>: Dementia/Alzheimers <span style="background: LightGoldenRodYellow; margin: 4px; border: 1px solid khaki"> (<a href="https://browser.ihtsdotools.org/">SNOMED CT</a>#26929004)</span></p><p><b>onset</b>: Newborn</p></blockquote><blockquote><p><b>condition</b></p><p><b>code</b>: Diabetes <span style="background: LightGoldenRodYellow; margin: 4px; border: 1px solid khaki"> (<a href="https://browser.ihtsdotools.org/">SNOMED CT</a>#73211009)</span></p><p><b>onset</b>: Adolescence</p></blockquote><blockquote><p><b>condition</b></p><p><b>code</b>: Gestational Diabetes <span style="background: LightGoldenRodYellow; margin: 4px; border: 1px solid khaki"> (<a href="https://browser.ihtsdotools.org/">SNOMED CT</a>#11687002)</span></p><p><b>onset</b>: Adolescence</p></blockquote><blockquote><p><b>condition</b></p><p><b>code</b>: Impaired Fasting Glucose <span style="background: LightGoldenRodYellow; margin: 4px; border: 1px solid khaki"> (<a href="https://browser.ihtsdotools.org/">SNOMED CT</a>#82141001)</span></p><p><b>onset</b>: 40–49 years</p></blockquote><blockquote><p><b>condition</b></p><p><b>code</b>: Impaired Glucose Tolerance <span style="background: LightGoldenRodYellow; margin: 4px; border: 1px solid khaki"> (<a href="https://browser.ihtsdotools.org/">SNOMED CT</a>#9414007)</span></p><p><b>onset</b>: 40–49 years</p></blockquote><blockquote><p><b>condition</b></p><p><b>code</b>: Insulin Resistance <span style="background: LightGoldenRodYellow; margin: 4px; border: 1px solid khaki"> (<a href="https://browser.ihtsdotools.org/">SNOMED CT</a>#32284009)</span></p><p><b>onset</b>: Adolescence</p></blockquote><blockquote><p><b>condition</b></p><p><b>code</b>: Maturity Onset Diabetes Mellitus in Young (MODY) <span style="background: LightGoldenRodYellow; margin: 4px; border: 1px solid khaki"> (<a href="https://browser.ihtsdotools.org/">SNOMED CT</a>#472972006)</span></p><p><b>onset</b>: Infancy</p></blockquote><blockquote><p><b>condition</b></p><p><b>code</b>: Pre-Diabetes <span style="background: LightGoldenRodYellow; margin: 4px; border: 1px solid khaki"> (<a href="https://browser.ihtsdotools.org/">SNOMED CT</a>#PREDIABE)</span></p><p><b>onset</b>: 20–29 years</p></blockquote><blockquote><p><b>condition</b></p><p><b>code</b>: Type 1 Diabetes <span style="background: LightGoldenRodYellow; margin: 4px; border: 1px solid khaki"> (<a href="https://browser.ihtsdotools.org/">SNOMED CT</a>#46635009)</span></p><p><b>onset</b>: 30–39 years</p></blockquote><blockquote><p><b>condition</b></p><p><b>code</b>: Type 2 Diabetes <span style="background: LightGoldenRodYellow; margin: 4px; border: 1px solid khaki"> (<a href="https://browser.ihtsdotools.org/">SNOMED CT</a>#44054006)</span></p><p><b>onset</b>: 40–49 years</p></blockquote><blockquote><p><b>condition</b></p><p><b>code</b>: Unknown Diabetes <span style="background: LightGoldenRodYellow; margin: 4px; border: 1px solid khaki"> (<a href="https://browser.ihtsdotools.org/">SNOMED CT</a>#UNDIABET)</span></p><p><b>onset</b>: 20–29 years</p></blockquote><blockquote><p><b>condition</b></p><p><b>code</b>: ColonPolyp <span style="background: LightGoldenRodYellow; margin: 4px; border: 1px solid khaki"> (<a href="https://browser.ihtsdotools.org/">SNOMED CT</a>#68496003)</span></p><p><b>onset</b>: Newborn</p></blockquote><blockquote><p><b>condition</b></p><p><b>code</b>: Crohn's Disease <span style="background: LightGoldenRodYellow; margin: 4px; border: 1px solid khaki"> (<a href="https://browser.ihtsdotools.org/">SNOMED CT</a>#34000006)</span></p><p><b>onset</b>: Childhood</p></blockquote><blockquote><p><b>condition</b></p><p><b>code</b>: Familia Adnenomatous Polyposis (FAP) <span style="background: LightGoldenRodYellow; margin: 4px; border: 1px solid khaki"> (<a href="https://browser.ihtsdotools.org/">SNOMED CT</a>#72900001)</span></p><p><b>onset</b>: 20–29 years</p></blockquote><blockquote><p><b>condition</b></p><p><b>code</b>: Gastrointestinal Disorder <span style="background: LightGoldenRodYellow; margin: 4px; border: 1px solid khaki"> (<a href="https://browser.ihtsdotools.org/">SNOMED CT</a>#119292006)</span></p><p><b>onset</b>: 20–29 years</p></blockquote><blockquote><p><b>condition</b></p><p><b>code</b>: Irritable Bowel Syndrome <span style="background: LightGoldenRodYellow; margin: 4px; border: 1px solid khaki"> (<a href="https://browser.ihtsdotools.org/">SNOMED CT</a>#10743008)</span></p><p><b>onset</b>: 20–29 years</p></blockquote><blockquote><p><b>condition</b></p><p><b>code</b>: Ulcerative Colitis <span style="background: LightGoldenRodYellow; margin: 4px; border: 1px solid khaki"> (<a href="https://browser.ihtsdotools.org/">SNOMED CT</a>#64766004)</span></p><p><b>onset</b>: Childhood</p></blockquote><blockquote><p><b>condition</b></p><p><b>code</b>: Unknown Gastrointestinal Disorder <span style="background: LightGoldenRodYellow; margin: 4px; border: 1px solid khaki"> (<a href="https://browser.ihtsdotools.org/">SNOMED CT</a>#UNGASDIS)</span></p><p><b>onset</b>: 20–29 years</p></blockquote><blockquote><p><b>condition</b></p><p><b>code</b>: Angina <span style="background: LightGoldenRodYellow; margin: 4px; border: 1px solid khaki"> (<a href="https://browser.ihtsdotools.org/">SNOMED CT</a>#194828000)</span></p><p><b>onset</b>: Adolescence</p></blockquote><blockquote><p><b>condition</b></p><p><b>code</b>: Coronary Artery Disease <span style="background: LightGoldenRodYellow; margin: 4px; border: 1px solid khaki"> (<a href="https://browser.ihtsdotools.org/">SNOMED CT</a>#53741008)</span></p><p><b>onset</b>: 20–29 years</p></blockquote><blockquote><p><b>condition</b></p><p><b>code</b>: Heart Attack <span style="background: LightGoldenRodYellow; margin: 4px; border: 1px solid khaki"> (<a href="https://browser.ihtsdotools.org/">SNOMED CT</a>#22298006)</span></p><p><b>onset</b>: 30–39 years</p></blockquote><blockquote><p><b>condition</b></p><p><b>code</b>: Heart Disease <span style="background: LightGoldenRodYellow; margin: 4px; border: 1px solid khaki"> (<a href="https://browser.ihtsdotools.org/">SNOMED CT</a>#56265001)</span></p><p><b>onset</b>: 40–49 years</p></blockquote><blockquote><p><b>condition</b></p><p><b>code</b>: Familial Hypercholesterolemia <span style="background: LightGoldenRodYellow; margin: 4px; border: 1px solid khaki"> (<a href="https://browser.ihtsdotools.org/">SNOMED CT</a>#398036000)</span></p><p><b>onset</b>: Newborn</p></blockquote><blockquote><p><b>condition</b></p><p><b>code</b>: Unknown Heart Disease <span style="background: LightGoldenRodYellow; margin: 4px; border: 1px solid khaki"> (<a href="https://browser.ihtsdotools.org/">SNOMED CT</a>#UNHEADIS)</span></p><p><b>onset</b>: Infancy</p></blockquote><blockquote><p><b>condition</b></p><p><b>code</b>: High Cholesterol <span style="background: LightGoldenRodYellow; margin: 4px; border: 1px solid khaki"> (<a href="https://browser.ihtsdotools.org/">SNOMED CT</a>#55822004)</span></p><p><b>onset</b>: Childhood</p></blockquote><blockquote><p><b>condition</b></p><p><b>code</b>: High Cholesterol Familia Hypercholesterolemia <span style="background: LightGoldenRodYellow; margin: 4px; border: 1px solid khaki"> (<a href="https://browser.ihtsdotools.org/">SNOMED CT</a>#398036000)</span></p><p><b>onset</b>: 30–39 years</p></blockquote><blockquote><p><b>condition</b></p><p><b>code</b>: Hypertension <span style="background: LightGoldenRodYellow; margin: 4px; border: 1px solid khaki"> (<a href="https://browser.ihtsdotools.org/">SNOMED CT</a>#38341003)</span></p><p><b>onset</b>: 20–29 years</p></blockquote><blockquote><p><b>condition</b></p><p><b>code</b>: Cystic Kidney Disease <span style="background: LightGoldenRodYellow; margin: 4px; border: 1px solid khaki"> (<a href="https://browser.ihtsdotools.org/">SNOMED CT</a>#236439005)</span></p><p><b>onset</b>: 30–39 years</p></blockquote><blockquote><p><b>condition</b></p><p><b>code</b>: Diabetic Kidney Disease <span style="background: LightGoldenRodYellow; margin: 4px; border: 1px solid khaki"> (<a href="https://browser.ihtsdotools.org/">SNOMED CT</a>#127013003)</span></p><p><b>onset</b>: 40–49 years</p></blockquote><blockquote><p><b>condition</b></p><p><b>code</b>: Kidney Disease Present from Birth <span style="background: LightGoldenRodYellow; margin: 4px; border: 1px solid khaki"> (<a href="https://browser.ihtsdotools.org/">SNOMED CT</a>#82525005)</span></p><p><b>onset</b>: Unknown</p></blockquote><blockquote><p><b>condition</b></p><p><b>code</b>: Kidney Nephrosis <span style="background: LightGoldenRodYellow; margin: 4px; border: 1px solid khaki"> (<a href="https://browser.ihtsdotools.org/">SNOMED CT</a>#90708001)</span></p><p><b>onset</b>: Newborn</p></blockquote><blockquote><p><b>condition</b></p><p><b>code</b>: Nephritis <span style="background: LightGoldenRodYellow; margin: 4px; border: 1px solid khaki"> (<a href="https://browser.ihtsdotools.org/">SNOMED CT</a>#52845002)</span></p></blockquote><blockquote><p><b>condition</b></p><p><b>code</b>: Other Kidney Disease <span style="background: LightGoldenRodYellow; margin: 4px; border: 1px solid khaki"> (<a href="https://browser.ihtsdotools.org/">SNOMED CT</a>#OTKIDDIS)</span></p><p><b>onset</b>: Infancy</p></blockquote><blockquote><p><b>condition</b></p><p><b>code</b>: Unknown Kidney Disease <span style="background: LightGoldenRodYellow; margin: 4px; border: 1px solid khaki"> (<a href="https://browser.ihtsdotools.org/">SNOMED CT</a>#UNKIDDIS)</span></p><p><b>onset</b>: Adolescence</p></blockquote><blockquote><p><b>condition</b></p><p><b>code</b>: Asthma <span style="background: LightGoldenRodYellow; margin: 4px; border: 1px solid khaki"> (<a href="https://browser.ihtsdotools.org/">SNOMED CT</a>#195967001)</span></p><p><b>onset</b>: 20–29 years</p></blockquote><blockquote><p><b>condition</b></p><p><b>code</b>: COPD <span style="background: LightGoldenRodYellow; margin: 4px; border: 1px solid khaki"> (<a href="https://browser.ihtsdotools.org/">SNOMED CT</a>#13645005)</span></p><p><b>onset</b>: 20–29 years</p></blockquote><blockquote><p><b>condition</b></p><p><b>code</b>: Chronic Bronchitis <span style="background: LightGoldenRodYellow; margin: 4px; border: 1px solid khaki"> (<a href="https://browser.ihtsdotools.org/">SNOMED CT</a>#63480004)</span></p><p><b>onset</b>: 20–29 years</p></blockquote><blockquote><p><b>condition</b></p><p><b>code</b>: Chronic Lower Respiratory Disease <span style="background: LightGoldenRodYellow; margin: 4px; border: 1px solid khaki"> (<a href="https://browser.ihtsdotools.org/">SNOMED CT</a>#196229000)</span></p><p><b>onset</b>: Adolescence</p></blockquote><blockquote><p><b>condition</b></p><p><b>code</b>: Emphysema <span style="background: LightGoldenRodYellow; margin: 4px; border: 1px solid khaki"> (<a href="https://browser.ihtsdotools.org/">SNOMED CT</a>#87433001)</span></p><p><b>onset</b>: Adolescence</p></blockquote><blockquote><p><b>condition</b></p><p><b>code</b>: Influenza/Pneumonia <span style="background: LightGoldenRodYellow; margin: 4px; border: 1px solid khaki"> (<a href="https://browser.ihtsdotools.org/">SNOMED CT</a>#195878008)</span></p><p><b>onset</b>: 20–29 years</p></blockquote><blockquote><p><b>condition</b></p><p><b>code</b>: Lung Disease <span style="background: LightGoldenRodYellow; margin: 4px; border: 1px solid khaki"> (<a href="https://browser.ihtsdotools.org/">SNOMED CT</a>#19829001)</span></p><p><b>onset</b>: 20–29 years</p></blockquote><blockquote><p><b>condition</b></p><p><b>code</b>: Unknown Lung Disease <span style="background: LightGoldenRodYellow; margin: 4px; border: 1px solid khaki"> (<a href="https://browser.ihtsdotools.org/">SNOMED CT</a>#UNLUNDIS)</span></p><p><b>onset</b>: 30–39 years</p></blockquote><blockquote><p><b>condition</b></p><p><b>code</b>: Osteoporosis <span style="background: LightGoldenRodYellow; margin: 4px; border: 1px solid khaki"> (<a href="https://browser.ihtsdotools.org/">SNOMED CT</a>#64859006)</span></p><p><b>onset</b>: 30–39 years</p></blockquote><blockquote><p><b>condition</b></p><p><b>code</b>: Anxiety <span style="background: LightGoldenRodYellow; margin: 4px; border: 1px solid khaki"> (<a href="https://browser.ihtsdotools.org/">SNOMED CT</a>#197480006)</span></p><p><b>onset</b>: Newborn</p></blockquote><blockquote><p><b>condition</b></p><p><b>code</b>: Attention Deficit Disorder-Hyperactivity <span style="background: LightGoldenRodYellow; margin: 4px; border: 1px solid khaki"> (<a href="https://browser.ihtsdotools.org/">SNOMED CT</a>#406506008)</span></p><p><b>onset</b>: 20–29 years</p></blockquote><blockquote><p><b>condition</b></p><p><b>code</b>: Autism <span style="background: LightGoldenRodYellow; margin: 4px; border: 1px solid khaki"> (<a href="https://browser.ihtsdotools.org/">SNOMED CT</a>#408856003)</span></p><p><b>onset</b>: 20–29 years</p></blockquote><blockquote><p><b>condition</b></p><p><b>code</b>: Bipolar Disorder <span style="background: LightGoldenRodYellow; margin: 4px; border: 1px solid khaki"> (<a href="https://browser.ihtsdotools.org/">SNOMED CT</a>#13746004)</span></p><p><b>onset</b>: 20–29 years</p></blockquote><blockquote><p><b>condition</b></p><p><b>code</b>: Dementia <span style="background: LightGoldenRodYellow; margin: 4px; border: 1px solid khaki"> (<a href="https://browser.ihtsdotools.org/">SNOMED CT</a>#52448006)</span></p><p><b>onset</b>: Infancy</p></blockquote><blockquote><p><b>condition</b></p><p><b>code</b>: Depression <span style="background: LightGoldenRodYellow; margin: 4px; border: 1px solid khaki"> (<a href="https://browser.ihtsdotools.org/">SNOMED CT</a>#35489007)</span></p><p><b>onset</b>: Pre-Birth</p></blockquote><blockquote><p><b>condition</b></p><p><b>code</b>: Eating Disorder <span style="background: LightGoldenRodYellow; margin: 4px; border: 1px solid khaki"> (<a href="https://browser.ihtsdotools.org/">SNOMED CT</a>#72366004)</span></p><p><b>onset</b>: Pre-Birth</p></blockquote><blockquote><p><b>condition</b></p><p><b>code</b>: Mental Disorder <span style="background: LightGoldenRodYellow; margin: 4px; border: 1px solid khaki"> (<a href="https://browser.ihtsdotools.org/">SNOMED CT</a>#74732009)</span></p><p><b>onset</b>: Childhood</p></blockquote><blockquote><p><b>condition</b></p><p><b>code</b>: Obsessive Compulsive Disorder <span style="background: LightGoldenRodYellow; margin: 4px; border: 1px solid khaki"> (<a href="https://browser.ihtsdotools.org/">SNOMED CT</a>#191736004)</span></p><p><b>onset</b>: Childhood</p></blockquote><blockquote><p><b>condition</b></p><p><b>code</b>: Panic Disorder <span style="background: LightGoldenRodYellow; margin: 4px; border: 1px solid khaki"> (<a href="https://browser.ihtsdotools.org/">SNOMED CT</a>#371631005)</span></p><p><b>onset</b>: Adolescence</p></blockquote><blockquote><p><b>condition</b></p><p><b>code</b>: Personality Disorder <span style="background: LightGoldenRodYellow; margin: 4px; border: 1px solid khaki"> (<a href="https://browser.ihtsdotools.org/">SNOMED CT</a>#33449004)</span></p><p><b>onset</b>: 20–29 years</p></blockquote><blockquote><p><b>condition</b></p><p><b>code</b>: Post Traumatic Stress Disorder <span style="background: LightGoldenRodYellow; margin: 4px; border: 1px solid khaki"> (<a href="https://browser.ihtsdotools.org/">SNOMED CT</a>#47505003)</span></p><p><b>onset</b>: 30–39 years</p></blockquote><blockquote><p><b>condition</b></p><p><b>code</b>: Schizophrenia <span style="background: LightGoldenRodYellow; margin: 4px; border: 1px solid khaki"> (<a href="https://browser.ihtsdotools.org/">SNOMED CT</a>#58214004)</span></p><p><b>onset</b>: Childhood</p></blockquote><blockquote><p><b>condition</b></p><p><b>code</b>: Social Phobia <span style="background: LightGoldenRodYellow; margin: 4px; border: 1px solid khaki"> (<a href="https://browser.ihtsdotools.org/">SNOMED CT</a>#25501002)</span></p><p><b>onset</b>: 20–29 years</p></blockquote><blockquote><p><b>condition</b></p><p><b>code</b>: Unknown Psychological Disorder <span style="background: LightGoldenRodYellow; margin: 4px; border: 1px solid khaki"> (<a href="https://browser.ihtsdotools.org/">SNOMED CT</a>#UNPSYDIS)</span></p><p><b>onset</b>: 20–29 years</p></blockquote><blockquote><p><b>condition</b></p><p><b>code</b>: Septicemia <span style="background: LightGoldenRodYellow; margin: 4px; border: 1px solid khaki"> (<a href="https://browser.ihtsdotools.org/">SNOMED CT</a>#105592009)</span></p><p><b>onset</b>: 30–39 years</p></blockquote><blockquote><p><b>condition</b></p><p><b>code</b>: Stroke <span style="background: LightGoldenRodYellow; margin: 4px; border: 1px solid khaki"> (<a href="https://browser.ihtsdotools.org/">SNOMED CT</a>#116288000)</span></p><p><b>onset</b>: 30–39 years</p></blockquote><blockquote><p><b>condition</b></p><p><b>code</b>: Sudden Infant Death <span style="background: LightGoldenRodYellow; margin: 4px; border: 1px solid khaki"> (<a href="https://browser.ihtsdotools.org/">SNOMED CT</a>#51178009)</span></p><p><b>onset</b>: 30–39 years</p></blockquote><blockquote><p><b>condition</b></p><p><b>code</b>: Unknown Disease <span style="background: LightGoldenRodYellow; margin: 4px; border: 1px solid khaki"> (<a href="https://browser.ihtsdotools.org/">SNOMED CT</a>#315645005)</span></p><p><b>onset</b>: 20–29 years</p></blockquote></div>
  </text>
  <status value="partial"/>
  <patient>
    <reference value="Patient/b694c410-9d06-4dd8-bb32-760c4275a3e4"/>
  </patient>
  <name value="Brother #1"/>
  <relationship>
    <coding>
      <system value="http://terminology.hl7.org/CodeSystem/v3-RoleCode"/>
      <code value="BRO"/>
      <display value="Brother"/>
    </coding>
  </relationship>
  <sex>
    <coding>
      <system value="http://hl7.org/fhir/administrative-gender"/>
      <code value="male"/>
      <display value="Male"/>
      <userSelected value="true"/>
    </coding>
    <text value="Male"/>
  </sex>
  <ageString value="30–39 years"/>
  <condition>
    <code>
      <coding>
        <system value="http://snomed.info/sct"/>
        <code value="269466003"/>
        <display value="Bone Cancer"/>
        <userSelected value="true"/>
      </coding>
    </code>
    <onsetString value="Newborn"/>
  </condition>
  <condition>
    <code>
      <coding>
        <system value="http://snomed.info/sct"/>
        <code value="1000000"/>
        <display value="Brain Cancer"/>
        <userSelected value="true"/>
      </coding>
    </code>
    <onsetString value="Childhood"/>
  </condition>
  <condition>
    <code>
      <coding>
        <system value="http://snomed.info/sct"/>
        <code value="254837009"/>
        <display value="Breast Cancer"/>
        <userSelected value="true"/>
      </coding>
    </code>
    <onsetString value="Infancy"/>
  </condition>
  <condition>
    <code>
      <coding>
        <system value="http://snomed.info/sct"/>
        <code value="706970001"/>
        <display value="---Breast Cancer (triple negative)"/>
        <userSelected value="true"/>
      </coding>
    </code>
    <onsetString value="Adolescence"/>
  </condition>
  <condition>
    <code>
      <coding>
        <system value="http://snomed.info/sct"/>
        <code value="363406005"/>
        <display value="Colon Cancer"/>
        <userSelected value="true"/>
      </coding>
    </code>
    <onsetString value="30–39 years"/>
  </condition>
  <condition>
    <code>
      <coding>
        <system value="http://snomed.info/sct"/>
        <code value="1000001"/>
        <display value="Colorectal Cancer"/>
        <userSelected value="true"/>
      </coding>
    </code>
    <onsetString value="40–49 years"/>
  </condition>
  <condition>
    <code>
      <coding>
        <system value="http://snomed.info/sct"/>
        <code value="363402007"/>
        <display value="Esophageal Cancer"/>
        <userSelected value="true"/>
      </coding>
    </code>
    <onsetString value="40–49 years"/>
  </condition>
  <condition>
    <code>
      <coding>
        <system value="http://snomed.info/sct"/>
        <code value="72900001"/>
        <display value="Familia adnenomatous polyposis (FAP)"/>
        <userSelected value="true"/>
      </coding>
    </code>
    <onsetString value="40–49 years"/>
  </condition>
  <condition>
    <code>
      <coding>
        <system value="http://snomed.info/sct"/>
        <code value="363349007"/>
        <display value="Gastric Cancer"/>
        <userSelected value="true"/>
      </coding>
    </code>
    <onsetString value="40–49 years"/>
  </condition>
  <condition>
    <code>
      <coding>
        <system value="http://snomed.info/sct"/>
        <code value="315058005"/>
        <display value="Lynch Syndrome/Hereditary non-polyposis colorectal cancer (HNPCC)"/>
        <userSelected value="true"/>
      </coding>
    </code>
    <onsetString value="Adolescence"/>
  </condition>
  <condition>
    <code>
      <coding>
        <system value="http://snomed.info/sct"/>
        <code value="363518003"/>
        <display value="Kidney Cancer"/>
        <userSelected value="true"/>
      </coding>
    </code>
    <onsetString value="20–29 years"/>
  </condition>
  <condition>
    <code>
      <coding>
        <system value="http://snomed.info/sct"/>
        <code value="93143009"/>
        <display value="Leukemia"/>
        <userSelected value="true"/>
      </coding>
    </code>
    <onsetString value="30–39 years"/>
  </condition>
  <condition>
    <code>
      <coding>
        <system value="http://snomed.info/sct"/>
        <code value="93870000"/>
        <display value="Liver Cancer"/>
        <userSelected value="true"/>
      </coding>
    </code>
    <onsetString value="30–39 years"/>
  </condition>
  <condition>
    <code>
      <coding>
        <system value="http://snomed.info/sct"/>
        <code value="363358000"/>
        <display value="Lung Cancer"/>
        <userSelected value="true"/>
      </coding>
    </code>
    <onsetString value="40–49 years"/>
  </condition>
  <condition>
    <code>
      <coding>
        <system value="http://snomed.info/sct"/>
        <code value="363495004"/>
        <display value="Muscle Cancer"/>
        <userSelected value="true"/>
      </coding>
    </code>
    <onsetString value="40–49 years"/>
  </condition>
  <condition>
    <code>
      <coding>
        <system value="http://snomed.info/sct"/>
        <code value="OTCANCER"/>
        <display value="Other Cancer"/>
        <userSelected value="true"/>
      </coding>
    </code>
    <onsetString value="30–39 years"/>
  </condition>
  <condition>
    <code>
      <coding>
        <system value="http://snomed.info/sct"/>
        <code value="363443007"/>
        <display value="Ovarian Cancer/Fallopian Tube Cancer"/>
        <userSelected value="true"/>
      </coding>
    </code>
    <onsetString value="40–49 years"/>
  </condition>
  <condition>
    <code>
      <coding>
        <system value="http://snomed.info/sct"/>
        <code value="363418001"/>
        <display value="Pancreatic Cancer"/>
        <userSelected value="true"/>
      </coding>
    </code>
    <onsetString value="40–49 years"/>
  </condition>
  <condition>
    <code>
      <coding>
        <system value="http://snomed.info/sct"/>
        <code value="399068003"/>
        <display value="ProstateCancer"/>
        <userSelected value="true"/>
      </coding>
    </code>
    <onsetString value="40–49 years"/>
  </condition>
  <condition>
    <code>
      <coding>
        <system value="http://snomed.info/sct"/>
        <code value="254582000"/>
        <display value="Rectal Cancer"/>
        <userSelected value="true"/>
      </coding>
    </code>
    <onsetString value="40–49 years"/>
  </condition>
  <condition>
    <code>
      <coding>
        <system value="http://snomed.info/sct"/>
        <code value="372130007"/>
        <display value="Skin Cancer"/>
        <userSelected value="true"/>
      </coding>
    </code>
    <onsetString value="40–49 years"/>
  </condition>
  <condition>
    <code>
      <coding>
        <system value="http://snomed.info/sct"/>
        <code value="363478007"/>
        <display value="Thyroid Cancer"/>
        <userSelected value="true"/>
      </coding>
    </code>
    <onsetString value="30–39 years"/>
  </condition>
  <condition>
    <code>
      <coding>
        <system value="http://snomed.info/sct"/>
        <code value="UNCANCER"/>
        <display value="Unknown Cancer"/>
        <userSelected value="true"/>
      </coding>
    </code>
    <onsetString value="Infancy"/>
  </condition>
  <condition>
    <code>
      <coding>
        <system value="http://snomed.info/sct"/>
        <code value="371973000"/>
        <display value="Uterine Cancer"/>
        <userSelected value="true"/>
      </coding>
    </code>
    <onsetString value="Pre-Birth"/>
  </condition>
  <condition>
    <code>
      <coding>
        <system value="http://snomed.info/sct"/>
        <code value="4779008"/>
        <display value="Clotting Disorder"/>
        <userSelected value="true"/>
      </coding>
    </code>
    <onsetString value="Infancy"/>
  </condition>
  <condition>
    <code>
      <coding>
        <system value="http://snomed.info/sct"/>
        <code value="128053003"/>
        <display value="Deep Vein Thrombosis (DVT)"/>
        <userSelected value="true"/>
      </coding>
    </code>
    <onsetString value="Adolescence"/>
  </condition>
  <condition>
    <code>
      <coding>
        <system value="http://snomed.info/sct"/>
        <code value="59282003"/>
        <display value="Pulmonary Embolism"/>
        <userSelected value="true"/>
      </coding>
    </code>
    <onsetString value="30–39 years"/>
  </condition>
  <condition>
    <code>
      <coding>
        <system value="http://snomed.info/sct"/>
        <code value="UNCLODIS"/>
        <display value="Unknown Clotting Disorder"/>
        <userSelected value="true"/>
      </coding>
    </code>
    <onsetString value="30–39 years"/>
  </condition>
  <condition>
    <code>
      <coding>
        <system value="http://snomed.info/sct"/>
        <code value="26929004"/>
        <display value="Dementia/Alzheimers"/>
        <userSelected value="true"/>
      </coding>
    </code>
    <onsetString value="Newborn"/>
  </condition>
  <condition>
    <code>
      <coding>
        <system value="http://snomed.info/sct"/>
        <code value="73211009"/>
        <display value="Diabetes"/>
        <userSelected value="true"/>
      </coding>
    </code>
    <onsetString value="Adolescence"/>
  </condition>
  <condition>
    <code>
      <coding>
        <system value="http://snomed.info/sct"/>
        <code value="11687002"/>
        <display value="Gestational Diabetes"/>
        <userSelected value="true"/>
      </coding>
    </code>
    <onsetString value="Adolescence"/>
  </condition>
  <condition>
    <code>
      <coding>
        <system value="http://snomed.info/sct"/>
        <code value="82141001"/>
        <display value="Impaired Fasting Glucose"/>
        <userSelected value="true"/>
      </coding>
    </code>
    <onsetString value="40–49 years"/>
  </condition>
  <condition>
    <code>
      <coding>
        <system value="http://snomed.info/sct"/>
        <code value="9414007"/>
        <display value="Impaired Glucose Tolerance"/>
        <userSelected value="true"/>
      </coding>
    </code>
    <onsetString value="40–49 years"/>
  </condition>
  <condition>
    <code>
      <coding>
        <system value="http://snomed.info/sct"/>
        <code value="32284009"/>
        <display value="Insulin Resistance"/>
        <userSelected value="true"/>
      </coding>
    </code>
    <onsetString value="Adolescence"/>
  </condition>
  <condition>
    <code>
      <coding>
        <system value="http://snomed.info/sct"/>
        <code value="472972006"/>
        <display value="Maturity Onset Diabetes Mellitus in Young (MODY)"/>
        <userSelected value="true"/>
      </coding>
    </code>
    <onsetString value="Infancy"/>
  </condition>
  <condition>
    <code>
      <coding>
        <system value="http://snomed.info/sct"/>
        <code value="PREDIABE"/>
        <display value="Pre-Diabetes"/>
        <userSelected value="true"/>
      </coding>
    </code>
    <onsetString value="20–29 years"/>
  </condition>
  <condition>
    <code>
      <coding>
        <system value="http://snomed.info/sct"/>
        <code value="46635009"/>
        <display value="Type 1 Diabetes"/>
        <userSelected value="true"/>
      </coding>
    </code>
    <onsetString value="30–39 years"/>
  </condition>
  <condition>
    <code>
      <coding>
        <system value="http://snomed.info/sct"/>
        <code value="44054006"/>
        <display value="Type 2 Diabetes"/>
        <userSelected value="true"/>
      </coding>
    </code>
    <onsetString value="40–49 years"/>
  </condition>
  <condition>
    <code>
      <coding>
        <system value="http://snomed.info/sct"/>
        <code value="UNDIABET"/>
        <display value="Unknown Diabetes"/>
        <userSelected value="true"/>
      </coding>
    </code>
    <onsetString value="20–29 years"/>
  </condition>
  <condition>
    <code>
      <coding>
        <system value="http://snomed.info/sct"/>
        <code value="68496003"/>
        <display value="ColonPolyp"/>
        <userSelected value="true"/>
      </coding>
    </code>
    <onsetString value="Newborn"/>
  </condition>
  <condition>
    <code>
      <coding>
        <system value="http://snomed.info/sct"/>
        <code value="34000006"/>
        <display value="Crohn's Disease"/>
        <userSelected value="true"/>
      </coding>
    </code>
    <onsetString value="Childhood"/>
  </condition>
  <condition>
    <code>
      <coding>
        <system value="http://snomed.info/sct"/>
        <code value="72900001"/>
        <display value="Familia Adnenomatous Polyposis (FAP)"/>
        <userSelected value="true"/>
      </coding>
    </code>
    <onsetString value="20–29 years"/>
  </condition>
  <condition>
    <code>
      <coding>
        <system value="http://snomed.info/sct"/>
        <code value="119292006"/>
        <display value="Gastrointestinal Disorder"/>
        <userSelected value="true"/>
      </coding>
    </code>
    <onsetString value="20–29 years"/>
  </condition>
  <condition>
    <code>
      <coding>
        <system value="http://snomed.info/sct"/>
        <code value="10743008"/>
        <display value="Irritable Bowel Syndrome"/>
        <userSelected value="true"/>
      </coding>
    </code>
    <onsetString value="20–29 years"/>
  </condition>
  <condition>
    <code>
      <coding>
        <system value="http://snomed.info/sct"/>
        <code value="64766004"/>
        <display value="Ulcerative Colitis"/>
        <userSelected value="true"/>
      </coding>
    </code>
    <onsetString value="Childhood"/>
  </condition>
  <condition>
    <code>
      <coding>
        <system value="http://snomed.info/sct"/>
        <code value="UNGASDIS"/>
        <display value="Unknown Gastrointestinal Disorder"/>
        <userSelected value="true"/>
      </coding>
    </code>
    <onsetString value="20–29 years"/>
  </condition>
  <condition>
    <code>
      <coding>
        <system value="http://snomed.info/sct"/>
        <code value="194828000"/>
        <display value="Angina"/>
        <userSelected value="true"/>
      </coding>
    </code>
    <onsetString value="Adolescence"/>
  </condition>
  <condition>
    <code>
      <coding>
        <system value="http://snomed.info/sct"/>
        <code value="53741008"/>
        <display value="Coronary Artery Disease"/>
        <userSelected value="true"/>
      </coding>
    </code>
    <onsetString value="20–29 years"/>
  </condition>
  <condition>
    <code>
      <coding>
        <system value="http://snomed.info/sct"/>
        <code value="22298006"/>
        <display value="Heart Attack"/>
        <userSelected value="true"/>
      </coding>
    </code>
    <onsetString value="30–39 years"/>
  </condition>
  <condition>
    <code>
      <coding>
        <system value="http://snomed.info/sct"/>
        <code value="56265001"/>
        <display value="Heart Disease"/>
        <userSelected value="true"/>
      </coding>
    </code>
    <onsetString value="40–49 years"/>
  </condition>
  <condition>
    <code>
      <coding>
        <system value="http://snomed.info/sct"/>
        <code value="398036000"/>
        <display value="Familial Hypercholesterolemia"/>
        <userSelected value="true"/>
      </coding>
    </code>
    <onsetString value="Newborn"/>
  </condition>
  <condition>
    <code>
      <coding>
        <system value="http://snomed.info/sct"/>
        <code value="UNHEADIS"/>
        <display value="Unknown Heart Disease"/>
        <userSelected value="true"/>
      </coding>
    </code>
    <onsetString value="Infancy"/>
  </condition>
  <condition>
    <code>
      <coding>
        <system value="http://snomed.info/sct"/>
        <code value="55822004"/>
        <display value="High Cholesterol"/>
        <userSelected value="true"/>
      </coding>
    </code>
    <onsetString value="Childhood"/>
  </condition>
  <condition>
    <code>
      <coding>
        <system value="http://snomed.info/sct"/>
        <code value="398036000"/>
        <display value="High Cholesterol Familia Hypercholesterolemia"/>
        <userSelected value="true"/>
      </coding>
    </code>
    <onsetString value="30–39 years"/>
  </condition>
  <condition>
    <code>
      <coding>
        <system value="http://snomed.info/sct"/>
        <code value="38341003"/>
        <display value="Hypertension"/>
        <userSelected value="true"/>
      </coding>
    </code>
    <onsetString value="20–29 years"/>
  </condition>
  <condition>
    <code>
      <coding>
        <system value="http://snomed.info/sct"/>
        <code value="236439005"/>
        <display value="Cystic Kidney Disease"/>
        <userSelected value="true"/>
      </coding>
    </code>
    <onsetString value="30–39 years"/>
  </condition>
  <condition>
    <code>
      <coding>
        <system value="http://snomed.info/sct"/>
        <code value="127013003"/>
        <display value="Diabetic Kidney Disease"/>
        <userSelected value="true"/>
      </coding>
    </code>
    <onsetString value="40–49 years"/>
  </condition>
  <condition>
    <code>
      <coding>
        <system value="http://snomed.info/sct"/>
        <code value="82525005"/>
        <display value="Kidney Disease Present from Birth"/>
        <userSelected value="true"/>
      </coding>
    </code>
    <onsetString value="Unknown"/>
  </condition>
  <condition>
    <code>
      <coding>
        <system value="http://snomed.info/sct"/>
        <code value="90708001"/>
        <display value="Kidney Nephrosis"/>
        <userSelected value="true"/>
      </coding>
    </code>
    <onsetString value="Newborn"/>
  </condition>
  <condition>
    <code>
      <coding>
        <system value="http://snomed.info/sct"/>
        <code value="52845002"/>
        <display value="Nephritis"/>
        <userSelected value="true"/>
      </coding>
    </code>
  </condition>
  <condition>
    <code>
      <coding>
        <system value="http://snomed.info/sct"/>
        <code value="OTKIDDIS"/>
        <display value="Other Kidney Disease"/>
        <userSelected value="true"/>
      </coding>
    </code>
    <onsetString value="Infancy"/>
  </condition>
  <condition>
    <code>
      <coding>
        <system value="http://snomed.info/sct"/>
        <code value="UNKIDDIS"/>
        <display value="Unknown Kidney Disease"/>
        <userSelected value="true"/>
      </coding>
    </code>
    <onsetString value="Adolescence"/>
  </condition>
  <condition>
    <code>
      <coding>
        <system value="http://snomed.info/sct"/>
        <code value="195967001"/>
        <display value="Asthma"/>
        <userSelected value="true"/>
      </coding>
    </code>
    <onsetString value="20–29 years"/>
  </condition>
  <condition>
    <code>
      <coding>
        <system value="http://snomed.info/sct"/>
        <code value="13645005"/>
        <display value="COPD"/>
        <userSelected value="true"/>
      </coding>
    </code>
    <onsetString value="20–29 years"/>
  </condition>
  <condition>
    <code>
      <coding>
        <system value="http://snomed.info/sct"/>
        <code value="63480004"/>
        <display value="Chronic Bronchitis"/>
        <userSelected value="true"/>
      </coding>
    </code>
    <onsetString value="20–29 years"/>
  </condition>
  <condition>
    <code>
      <coding>
        <system value="http://snomed.info/sct"/>
        <code value="196229000"/>
        <display value="Chronic Lower Respiratory Disease"/>
        <userSelected value="true"/>
      </coding>
    </code>
    <onsetString value="Adolescence"/>
  </condition>
  <condition>
    <code>
      <coding>
        <system value="http://snomed.info/sct"/>
        <code value="87433001"/>
        <display value="Emphysema"/>
        <userSelected value="true"/>
      </coding>
    </code>
    <onsetString value="Adolescence"/>
  </condition>
  <condition>
    <code>
      <coding>
        <system value="http://snomed.info/sct"/>
        <code value="195878008"/>
        <display value="Influenza/Pneumonia"/>
        <userSelected value="true"/>
      </coding>
    </code>
    <onsetString value="20–29 years"/>
  </condition>
  <condition>
    <code>
      <coding>
        <system value="http://snomed.info/sct"/>
        <code value="19829001"/>
        <display value="Lung Disease"/>
        <userSelected value="true"/>
      </coding>
    </code>
    <onsetString value="20–29 years"/>
  </condition>
  <condition>
    <code>
      <coding>
        <system value="http://snomed.info/sct"/>
        <code value="UNLUNDIS"/>
        <display value="Unknown Lung Disease"/>
        <userSelected value="true"/>
      </coding>
    </code>
    <onsetString value="30–39 years"/>
  </condition>
  <condition>
    <code>
      <coding>
        <system value="http://snomed.info/sct"/>
        <code value="64859006"/>
        <display value="Osteoporosis"/>
        <userSelected value="true"/>
      </coding>
    </code>
    <onsetString value="30–39 years"/>
  </condition>
  <condition>
    <code>
      <coding>
        <system value="http://snomed.info/sct"/>
        <code value="197480006"/>
        <display value="Anxiety"/>
        <userSelected value="true"/>
      </coding>
    </code>
    <onsetString value="Newborn"/>
  </condition>
  <condition>
    <code>
      <coding>
        <system value="http://snomed.info/sct"/>
        <code value="406506008"/>
        <display value="Attention Deficit Disorder-Hyperactivity"/>
        <userSelected value="true"/>
      </coding>
    </code>
    <onsetString value="20–29 years"/>
  </condition>
  <condition>
    <code>
      <coding>
        <system value="http://snomed.info/sct"/>
        <code value="408856003"/>
        <display value="Autism"/>
        <userSelected value="true"/>
      </coding>
    </code>
    <onsetString value="20–29 years"/>
  </condition>
  <condition>
    <code>
      <coding>
        <system value="http://snomed.info/sct"/>
        <code value="13746004"/>
        <display value="Bipolar Disorder"/>
        <userSelected value="true"/>
      </coding>
    </code>
    <onsetString value="20–29 years"/>
  </condition>
  <condition>
    <code>
      <coding>
        <system value="http://snomed.info/sct"/>
        <code value="52448006"/>
        <display value="Dementia"/>
        <userSelected value="true"/>
      </coding>
    </code>
    <onsetString value="Infancy"/>
  </condition>
  <condition>
    <code>
      <coding>
        <system value="http://snomed.info/sct"/>
        <code value="35489007"/>
        <display value="Depression"/>
        <userSelected value="true"/>
      </coding>
    </code>
    <onsetString value="Pre-Birth"/>
  </condition>
  <condition>
    <code>
      <coding>
        <system value="http://snomed.info/sct"/>
        <code value="72366004"/>
        <display value="Eating Disorder"/>
        <userSelected value="true"/>
      </coding>
    </code>
    <onsetString value="Pre-Birth"/>
  </condition>
  <condition>
    <code>
      <coding>
        <system value="http://snomed.info/sct"/>
        <code value="74732009"/>
        <display value="Mental Disorder"/>
        <userSelected value="true"/>
      </coding>
    </code>
    <onsetString value="Childhood"/>
  </condition>
  <condition>
    <code>
      <coding>
        <system value="http://snomed.info/sct"/>
        <code value="191736004"/>
        <display value="Obsessive Compulsive Disorder"/>
        <userSelected value="true"/>
      </coding>
    </code>
    <onsetString value="Childhood"/>
  </condition>
  <condition>
    <code>
      <coding>
        <system value="http://snomed.info/sct"/>
        <code value="371631005"/>
        <display value="Panic Disorder"/>
        <userSelected value="true"/>
      </coding>
    </code>
    <onsetString value="Adolescence"/>
  </condition>
  <condition>
    <code>
      <coding>
        <system value="http://snomed.info/sct"/>
        <code value="33449004"/>
        <display value="Personality Disorder"/>
        <userSelected value="true"/>
      </coding>
    </code>
    <onsetString value="20–29 years"/>
  </condition>
  <condition>
    <code>
      <coding>
        <system value="http://snomed.info/sct"/>
        <code value="47505003"/>
        <display value="Post Traumatic Stress Disorder"/>
        <userSelected value="true"/>
      </coding>
    </code>
    <onsetString value="30–39 years"/>
  </condition>
  <condition>
    <code>
      <coding>
        <system value="http://snomed.info/sct"/>
        <code value="58214004"/>
        <display value="Schizophrenia"/>
        <userSelected value="true"/>
      </coding>
    </code>
    <onsetString value="Childhood"/>
  </condition>
  <condition>
    <code>
      <coding>
        <system value="http://snomed.info/sct"/>
        <code value="25501002"/>
        <display value="Social Phobia"/>
        <userSelected value="true"/>
      </coding>
    </code>
    <onsetString value="20–29 years"/>
  </condition>
  <condition>
    <code>
      <coding>
        <system value="http://snomed.info/sct"/>
        <code value="UNPSYDIS"/>
        <display value="Unknown Psychological Disorder"/>
        <userSelected value="true"/>
      </coding>
    </code>
    <onsetString value="20–29 years"/>
  </condition>
  <condition>
    <code>
      <coding>
        <system value="http://snomed.info/sct"/>
        <code value="105592009"/>
        <display value="Septicemia"/>
        <userSelected value="true"/>
      </coding>
    </code>
    <onsetString value="30–39 years"/>
  </condition>
  <condition>
    <code>
      <coding>
        <system value="http://snomed.info/sct"/>
        <code value="116288000"/>
        <display value="Stroke"/>
        <userSelected value="true"/>
      </coding>
    </code>
    <onsetString value="30–39 years"/>
  </condition>
  <condition>
    <code>
      <coding>
        <system value="http://snomed.info/sct"/>
        <code value="51178009"/>
        <display value="Sudden Infant Death"/>
        <userSelected value="true"/>
      </coding>
    </code>
    <onsetString value="30–39 years"/>
  </condition>
  <condition>
    <code>
      <coding>
        <system value="http://snomed.info/sct"/>
        <code value="315645005"/>
        <display value="Unknown Disease"/>
        <userSelected value="true"/>
      </coding>
    </code>
    <onsetString value="20–29 years"/>
  </condition>
</FamilyMemberHistory>