{
  "resourceType": "Immunization",
  "id": "ex-MHV-immunization-0",
  "meta": {
    "profile": [
      "https://johnmoehrke.github.io/MHV-PGHD/StructureDefinition/VA.MHV.immunization"
    ],
    "tag": [
      {
        "system": "https://wiki.mobilehealth.va.gov/x/Onc1C",
        "code": "2ce6d9aa-c068-4809-8dda-662bcb16d09a"
      }
    ]
  },
  "text": {
    "status": "generated",
    "div": "<div xmlns=\"http://www.w3.org/1999/xhtml\"><p><b>Generated Narrative</b></p><p><b>status</b>: completed</p><p><b>vaccineCode</b>: <span title=\"Codes: {http://hl7.org/fhir/sid/cvx 111}\">influenza, live, intranasal</span></p><p><b>patient</b>: <a href=\"Patient-ex-patient.html\">Generated Summary: Jack Smith </a></p><p><b>occurrence</b>: Dec 25, 2020 10:50:50 PM</p><p><b>recorded</b>: Dec 25, 2020 10:50:50 PM</p><p><b>primarySource</b>: false</p><p><b>reportOrigin</b>: <span title=\"Codes: {http://terminology.hl7.org/CodeSystem/immunization-origin recall}\">Parent/Guardian/Patient Recall</span></p><p><b>route</b>: <span title=\"Codes: {http://terminology.hl7.org/CodeSystem/v3-RouteOfAdministration IM}\">Injection, intramuscular</span></p></div>"
  },
  "status": "completed",
  "vaccineCode": {
    "coding": [
      {
        "system": "http://hl7.org/fhir/sid/cvx",
        "code": "111"
      }
    ]
  },
  "patient": {
    "reference": "Patient/ex-patient"
  },
  "occurrenceDateTime": "2020-12-25T23:50:50-05:00",
  "recorded": "2020-12-25T23:50:50-05:00",
  "primarySource": false,
  "reportOrigin": {
    "coding": [
      {
        "system": "http://terminology.hl7.org/CodeSystem/immunization-origin",
        "code": "recall"
      }
    ]
  },
  "route": {
    "coding": [
      {
        "system": "http://terminology.hl7.org/CodeSystem/v3-RouteOfAdministration",
        "code": "IM"
      }
    ]
  }
}