<?xml version="1.0" encoding="UTF-8"?>

<Immunization xmlns="http://hl7.org/fhir">
  <id value="ex-MHV-immunization-0"/>
  <meta>
    <profile value="https://johnmoehrke.github.io/MHV-PGHD/StructureDefinition/VA.MHV.immunization"/>
    <tag>
      <system value="https://wiki.mobilehealth.va.gov/x/Onc1C"/>
      <code value="2ce6d9aa-c068-4809-8dda-662bcb16d09a"/>
    </tag>
  </meta>
  <text>
    <status value="generated"/><div xmlns="http://www.w3.org/1999/xhtml"><p><b>Generated Narrative</b></p><p><b>status</b>: completed</p><p><b>vaccineCode</b>: <span title="Codes: {http://hl7.org/fhir/sid/cvx 111}">influenza, live, intranasal</span></p><p><b>patient</b>: <a href="Patient-ex-patient.html">Generated Summary: Jack Smith </a></p><p><b>occurrence</b>: Dec 25, 2020 10:50:50 PM</p><p><b>recorded</b>: Dec 25, 2020 10:50:50 PM</p><p><b>primarySource</b>: false</p><p><b>reportOrigin</b>: <span title="Codes: {http://terminology.hl7.org/CodeSystem/immunization-origin recall}">Parent/Guardian/Patient Recall</span></p><p><b>route</b>: <span title="Codes: {http://terminology.hl7.org/CodeSystem/v3-RouteOfAdministration IM}">Injection, intramuscular</span></p></div>
  </text>
  <status value="completed"/>
  <vaccineCode>
    <coding>
      <system value="http://hl7.org/fhir/sid/cvx"/>
      <code value="111"/>
    </coding>
  </vaccineCode>
  <patient>
    <reference value="Patient/ex-patient"/>
  </patient>
  <occurrenceDateTime value="2020-12-25T23:50:50-05:00"/>
  <recorded value="2020-12-25T23:50:50-05:00"/>
  <primarySource value="false"/>
  <reportOrigin>
    <coding>
      <system value="http://terminology.hl7.org/CodeSystem/immunization-origin"/>
      <code value="recall"/>
    </coding>
  </reportOrigin>
  <route>
    <coding>
      <system value="http://terminology.hl7.org/CodeSystem/v3-RouteOfAdministration"/>
      <code value="IM"/>
    </coding>
  </route>
</Immunization>