{
  "resourceType" : "ImplementationGuide",
  "id" : "va.mhv.example",
  "text" : {
    "status" : "extensions",
    "div" : "<div xmlns=\"http://www.w3.org/1999/xhtml\"><h2>MHVIG</h2><p>The official URL for this implementation guide is: </p><pre>https://johnmoehrke.github.io/MHV-PGHD/ImplementationGuide/va.mhv.example</pre><div><p>FHIR use by MyHealtheVet using PGHD and Testing Plan.</p>\n</div></div>"
  },
  "extension" : [{
    "url" : "http://hl7.org/fhir/StructureDefinition/structuredefinition-standards-status",
    "valueCode" : "trial-use"
  },
  {
    "url" : "http://hl7.org/fhir/StructureDefinition/structuredefinition-fmm",
    "valueInteger" : 2
  }],
  "url" : "https://johnmoehrke.github.io/MHV-PGHD/ImplementationGuide/va.mhv.example",
  "version" : "0.2.9-beta",
  "name" : "MHVIG",
  "title" : "MyHealtheVet use of PGHD",
  "status" : "active",
  "date" : "2023-01-10T10:51:33-06:00",
  "publisher" : "John Moehrke (himself)",
  "contact" : [{
    "name" : "John Moehrke (himself)",
    "telecom" : [{
      "system" : "url",
      "value" : "http://healthcaresecprivacy.blogspot.com"
    },
    {
      "system" : "email",
      "value" : "JohnMoehrke@gmail.com"
    }]
  },
  {
    "name" : "John Moehrke (himself)",
    "telecom" : [{
      "system" : "email",
      "value" : "JohnMoehrke@gmail.com"
    }]
  }],
  "description" : "FHIR use by MyHealtheVet using PGHD and Testing Plan.",
  "jurisdiction" : [{
    "coding" : [{
      "system" : "urn:iso:std:iso:3166",
      "code" : "US"
    }]
  }],
  "packageId" : "va.mhv.example",
  "license" : "CC-BY-4.0",
  "fhirVersion" : ["4.0.1"],
  "dependsOn" : [{
    "id" : "hl7tx",
    "extension" : [{
      "url" : "http://hl7.org/fhir/tools/StructureDefinition/implementationguide-dependency-comment",
      "valueMarkdown" : "Automatically added as a dependency - all IGs depend on HL7 Terminology"
    }],
    "uri" : "http://terminology.hl7.org/ImplementationGuide/hl7.terminology",
    "packageId" : "hl7.terminology.r4",
    "version" : "5.0.0"
  },
  {
    "id" : "hl7_fhir_us_core",
    "uri" : "http://hl7.org/fhir/us/core/ImplementationGuide/hl7.fhir.us.core",
    "packageId" : "hl7.fhir.us.core",
    "version" : "5.0.1"
  }],
  "definition" : {
    "extension" : [{
      "extension" : [{
        "url" : "code",
        "valueString" : "copyrightyear"
      },
      {
        "url" : "value",
        "valueString" : "2019+"
      }],
      "url" : "http://hl7.org/fhir/tools/StructureDefinition/ig-parameter"
    },
    {
      "extension" : [{
        "url" : "code",
        "valueString" : "releaselabel"
      },
      {
        "url" : "value",
        "valueString" : "ci-build"
      }],
      "url" : "http://hl7.org/fhir/tools/StructureDefinition/ig-parameter"
    },
    {
      "extension" : [{
        "url" : "code",
        "valueString" : "show-inherited-invariants"
      },
      {
        "url" : "value",
        "valueString" : "false"
      }],
      "url" : "http://hl7.org/fhir/tools/StructureDefinition/ig-parameter"
    },
    {
      "extension" : [{
        "url" : "code",
        "valueString" : "usage-stats-opt-out"
      },
      {
        "url" : "value",
        "valueString" : "true"
      }],
      "url" : "http://hl7.org/fhir/tools/StructureDefinition/ig-parameter"
    },
    {
      "extension" : [{
        "url" : "code",
        "valueString" : "logging"
      },
      {
        "url" : "value",
        "valueString" : "progress"
      }],
      "url" : "http://hl7.org/fhir/tools/StructureDefinition/ig-parameter"
    },
    {
      "extension" : [{
        "url" : "code",
        "valueString" : "shownav"
      },
      {
        "url" : "value",
        "valueString" : "true"
      }],
      "url" : "http://hl7.org/fhir/tools/StructureDefinition/ig-parameter"
    },
    {
      "extension" : [{
        "url" : "code",
        "valueString" : "active-tables"
      },
      {
        "url" : "value",
        "valueString" : "false"
      }],
      "url" : "http://hl7.org/fhir/tools/StructureDefinition/ig-parameter"
    },
    {
      "extension" : [{
        "url" : "code",
        "valueString" : "apply-contact"
      },
      {
        "url" : "value",
        "valueString" : "true"
      }],
      "url" : "http://hl7.org/fhir/tools/StructureDefinition/ig-parameter"
    },
    {
      "extension" : [{
        "url" : "code",
        "valueString" : "apply-jurisdiction"
      },
      {
        "url" : "value",
        "valueString" : "true"
      }],
      "url" : "http://hl7.org/fhir/tools/StructureDefinition/ig-parameter"
    },
    {
      "extension" : [{
        "url" : "code",
        "valueString" : "apply-publisher"
      },
      {
        "url" : "value",
        "valueString" : "true"
      }],
      "url" : "http://hl7.org/fhir/tools/StructureDefinition/ig-parameter"
    },
    {
      "extension" : [{
        "url" : "code",
        "valueString" : "apply-version"
      },
      {
        "url" : "value",
        "valueString" : "true"
      }],
      "url" : "http://hl7.org/fhir/tools/StructureDefinition/ig-parameter"
    },
    {
      "extension" : [{
        "url" : "code",
        "valueString" : "autoload-resources"
      },
      {
        "url" : "value",
        "valueString" : "true"
      }],
      "url" : "http://hl7.org/fhir/tools/StructureDefinition/ig-parameter"
    },
    {
      "extension" : [{
        "url" : "code",
        "valueString" : "path-output"
      },
      {
        "url" : "value",
        "valueString" : "docs"
      }],
      "url" : "http://hl7.org/fhir/tools/StructureDefinition/ig-parameter"
    },
    {
      "extension" : [{
        "url" : "code",
        "valueString" : "excludettl"
      },
      {
        "url" : "value",
        "valueString" : "true"
      }],
      "url" : "http://hl7.org/fhir/tools/StructureDefinition/ig-parameter"
    },
    {
      "extension" : [{
        "url" : "code",
        "valueString" : "special-url"
      },
      {
        "url" : "value",
        "valueString" : "https://wiki.mobilehealth.va.gov/display/PGDMS/Client+Provenance+Mapping"
      }],
      "url" : "http://hl7.org/fhir/tools/StructureDefinition/ig-parameter"
    },
    {
      "extension" : [{
        "url" : "code",
        "valueString" : "special-url"
      },
      {
        "url" : "value",
        "valueString" : "https://wiki.mobilehealth.va.gov/x/Onc1C"
      }],
      "url" : "http://hl7.org/fhir/tools/StructureDefinition/ig-parameter"
    },
    {
      "extension" : [{
        "url" : "code",
        "valueString" : "special-url"
      },
      {
        "url" : "value",
        "valueString" : "https://veteran.apps-staging.va.gov/smart-pgd-fhir/v1/NamingSystem/1cc5d1af-1b2a-4d8e-ad51-c0cfd35f96be"
      }],
      "url" : "http://hl7.org/fhir/tools/StructureDefinition/ig-parameter"
    },
    {
      "extension" : [{
        "url" : "code",
        "valueString" : "path-liquid"
      },
      {
        "url" : "value",
        "valueString" : "template/liquid"
      }],
      "url" : "http://hl7.org/fhir/tools/StructureDefinition/ig-parameter"
    },
    {
      "extension" : [{
        "url" : "code",
        "valueString" : "path-liquid"
      },
      {
        "url" : "value",
        "valueString" : "input/liquid"
      }],
      "url" : "http://hl7.org/fhir/tools/StructureDefinition/ig-parameter"
    },
    {
      "extension" : [{
        "url" : "code",
        "valueString" : "path-qa"
      },
      {
        "url" : "value",
        "valueString" : "temp/qa"
      }],
      "url" : "http://hl7.org/fhir/tools/StructureDefinition/ig-parameter"
    },
    {
      "extension" : [{
        "url" : "code",
        "valueString" : "path-temp"
      },
      {
        "url" : "value",
        "valueString" : "temp/pages"
      }],
      "url" : "http://hl7.org/fhir/tools/StructureDefinition/ig-parameter"
    },
    {
      "extension" : [{
        "url" : "code",
        "valueString" : "path-suppressed-warnings"
      },
      {
        "url" : "value",
        "valueString" : "input/ignoreWarnings.txt"
      }],
      "url" : "http://hl7.org/fhir/tools/StructureDefinition/ig-parameter"
    },
    {
      "extension" : [{
        "url" : "code",
        "valueString" : "path-history"
      },
      {
        "url" : "value",
        "valueString" : "https://johnmoehrke.github.io/MHV-PGHD/history.html"
      }],
      "url" : "http://hl7.org/fhir/tools/StructureDefinition/ig-parameter"
    },
    {
      "extension" : [{
        "url" : "code",
        "valueString" : "template-html"
      },
      {
        "url" : "value",
        "valueString" : "template-page.html"
      }],
      "url" : "http://hl7.org/fhir/tools/StructureDefinition/ig-parameter"
    },
    {
      "extension" : [{
        "url" : "code",
        "valueString" : "template-md"
      },
      {
        "url" : "value",
        "valueString" : "template-page-md.html"
      }],
      "url" : "http://hl7.org/fhir/tools/StructureDefinition/ig-parameter"
    },
    {
      "extension" : [{
        "url" : "code",
        "valueString" : "apply-context"
      },
      {
        "url" : "value",
        "valueString" : "true"
      }],
      "url" : "http://hl7.org/fhir/tools/StructureDefinition/ig-parameter"
    },
    {
      "extension" : [{
        "url" : "code",
        "valueString" : "apply-copyright"
      },
      {
        "url" : "value",
        "valueString" : "true"
      }],
      "url" : "http://hl7.org/fhir/tools/StructureDefinition/ig-parameter"
    },
    {
      "extension" : [{
        "url" : "code",
        "valueString" : "apply-license"
      },
      {
        "url" : "value",
        "valueString" : "true"
      }],
      "url" : "http://hl7.org/fhir/tools/StructureDefinition/ig-parameter"
    },
    {
      "extension" : [{
        "url" : "code",
        "valueString" : "fmm-definition"
      },
      {
        "url" : "value",
        "valueString" : "http://hl7.org/fhir/versions.html#maturity"
      }],
      "url" : "http://hl7.org/fhir/tools/StructureDefinition/ig-parameter"
    },
    {
      "extension" : [{
        "url" : "code",
        "valueString" : "propagate-status"
      },
      {
        "url" : "value",
        "valueString" : "true"
      }],
      "url" : "http://hl7.org/fhir/tools/StructureDefinition/ig-parameter"
    },
    {
      "extension" : [{
        "url" : "code",
        "valueString" : "excludelogbinaryformat"
      },
      {
        "url" : "value",
        "valueString" : "true"
      }],
      "url" : "http://hl7.org/fhir/tools/StructureDefinition/ig-parameter"
    },
    {
      "extension" : [{
        "url" : "code",
        "valueString" : "tabbed-snapshots"
      },
      {
        "url" : "value",
        "valueString" : "true"
      }],
      "url" : "http://hl7.org/fhir/tools/StructureDefinition/ig-parameter"
    },
    {
      "extension" : [{
        "url" : "code",
        "valueString" : "copyrightyear"
      },
      {
        "url" : "value",
        "valueString" : "2019+"
      }],
      "url" : "http://hl7.org/fhir/tools/StructureDefinition/ig-parameter"
    },
    {
      "extension" : [{
        "url" : "code",
        "valueString" : "releaselabel"
      },
      {
        "url" : "value",
        "valueString" : "ci-build"
      }],
      "url" : "http://hl7.org/fhir/tools/StructureDefinition/ig-parameter"
    },
    {
      "extension" : [{
        "url" : "code",
        "valueString" : "show-inherited-invariants"
      },
      {
        "url" : "value",
        "valueString" : "false"
      }],
      "url" : "http://hl7.org/fhir/tools/StructureDefinition/ig-parameter"
    },
    {
      "extension" : [{
        "url" : "code",
        "valueString" : "usage-stats-opt-out"
      },
      {
        "url" : "value",
        "valueString" : "true"
      }],
      "url" : "http://hl7.org/fhir/tools/StructureDefinition/ig-parameter"
    },
    {
      "extension" : [{
        "url" : "code",
        "valueString" : "logging"
      },
      {
        "url" : "value",
        "valueString" : "progress"
      }],
      "url" : "http://hl7.org/fhir/tools/StructureDefinition/ig-parameter"
    },
    {
      "extension" : [{
        "url" : "code",
        "valueString" : "shownav"
      },
      {
        "url" : "value",
        "valueString" : "true"
      }],
      "url" : "http://hl7.org/fhir/tools/StructureDefinition/ig-parameter"
    },
    {
      "extension" : [{
        "url" : "code",
        "valueString" : "active-tables"
      },
      {
        "url" : "value",
        "valueString" : "false"
      }],
      "url" : "http://hl7.org/fhir/tools/StructureDefinition/ig-parameter"
    },
    {
      "extension" : [{
        "url" : "code",
        "valueString" : "apply-contact"
      },
      {
        "url" : "value",
        "valueString" : "true"
      }],
      "url" : "http://hl7.org/fhir/tools/StructureDefinition/ig-parameter"
    },
    {
      "extension" : [{
        "url" : "code",
        "valueString" : "apply-jurisdiction"
      },
      {
        "url" : "value",
        "valueString" : "true"
      }],
      "url" : "http://hl7.org/fhir/tools/StructureDefinition/ig-parameter"
    },
    {
      "extension" : [{
        "url" : "code",
        "valueString" : "apply-publisher"
      },
      {
        "url" : "value",
        "valueString" : "true"
      }],
      "url" : "http://hl7.org/fhir/tools/StructureDefinition/ig-parameter"
    },
    {
      "extension" : [{
        "url" : "code",
        "valueString" : "apply-version"
      },
      {
        "url" : "value",
        "valueString" : "true"
      }],
      "url" : "http://hl7.org/fhir/tools/StructureDefinition/ig-parameter"
    },
    {
      "extension" : [{
        "url" : "code",
        "valueString" : "autoload-resources"
      },
      {
        "url" : "value",
        "valueString" : "true"
      }],
      "url" : "http://hl7.org/fhir/tools/StructureDefinition/ig-parameter"
    },
    {
      "extension" : [{
        "url" : "code",
        "valueString" : "path-output"
      },
      {
        "url" : "value",
        "valueString" : "docs"
      }],
      "url" : "http://hl7.org/fhir/tools/StructureDefinition/ig-parameter"
    },
    {
      "extension" : [{
        "url" : "code",
        "valueString" : "excludettl"
      },
      {
        "url" : "value",
        "valueString" : "true"
      }],
      "url" : "http://hl7.org/fhir/tools/StructureDefinition/ig-parameter"
    },
    {
      "extension" : [{
        "url" : "code",
        "valueString" : "special-url"
      },
      {
        "url" : "value",
        "valueString" : "https://wiki.mobilehealth.va.gov/display/PGDMS/Client+Provenance+Mapping"
      }],
      "url" : "http://hl7.org/fhir/tools/StructureDefinition/ig-parameter"
    },
    {
      "extension" : [{
        "url" : "code",
        "valueString" : "special-url"
      },
      {
        "url" : "value",
        "valueString" : "https://wiki.mobilehealth.va.gov/x/Onc1C"
      }],
      "url" : "http://hl7.org/fhir/tools/StructureDefinition/ig-parameter"
    },
    {
      "extension" : [{
        "url" : "code",
        "valueString" : "special-url"
      },
      {
        "url" : "value",
        "valueString" : "https://veteran.apps-staging.va.gov/smart-pgd-fhir/v1/NamingSystem/1cc5d1af-1b2a-4d8e-ad51-c0cfd35f96be"
      }],
      "url" : "http://hl7.org/fhir/tools/StructureDefinition/ig-parameter"
    },
    {
      "extension" : [{
        "url" : "code",
        "valueString" : "path-liquid"
      },
      {
        "url" : "value",
        "valueString" : "template/liquid"
      }],
      "url" : "http://hl7.org/fhir/tools/StructureDefinition/ig-parameter"
    },
    {
      "extension" : [{
        "url" : "code",
        "valueString" : "path-liquid"
      },
      {
        "url" : "value",
        "valueString" : "input/liquid"
      }],
      "url" : "http://hl7.org/fhir/tools/StructureDefinition/ig-parameter"
    },
    {
      "extension" : [{
        "url" : "code",
        "valueString" : "path-qa"
      },
      {
        "url" : "value",
        "valueString" : "temp/qa"
      }],
      "url" : "http://hl7.org/fhir/tools/StructureDefinition/ig-parameter"
    },
    {
      "extension" : [{
        "url" : "code",
        "valueString" : "path-temp"
      },
      {
        "url" : "value",
        "valueString" : "temp/pages"
      }],
      "url" : "http://hl7.org/fhir/tools/StructureDefinition/ig-parameter"
    },
    {
      "extension" : [{
        "url" : "code",
        "valueString" : "path-suppressed-warnings"
      },
      {
        "url" : "value",
        "valueString" : "input/ignoreWarnings.txt"
      }],
      "url" : "http://hl7.org/fhir/tools/StructureDefinition/ig-parameter"
    },
    {
      "extension" : [{
        "url" : "code",
        "valueString" : "path-history"
      },
      {
        "url" : "value",
        "valueString" : "https://johnmoehrke.github.io/MHV-PGHD/history.html"
      }],
      "url" : "http://hl7.org/fhir/tools/StructureDefinition/ig-parameter"
    },
    {
      "extension" : [{
        "url" : "code",
        "valueString" : "template-html"
      },
      {
        "url" : "value",
        "valueString" : "template-page.html"
      }],
      "url" : "http://hl7.org/fhir/tools/StructureDefinition/ig-parameter"
    },
    {
      "extension" : [{
        "url" : "code",
        "valueString" : "template-md"
      },
      {
        "url" : "value",
        "valueString" : "template-page-md.html"
      }],
      "url" : "http://hl7.org/fhir/tools/StructureDefinition/ig-parameter"
    },
    {
      "extension" : [{
        "url" : "code",
        "valueString" : "apply-context"
      },
      {
        "url" : "value",
        "valueString" : "true"
      }],
      "url" : "http://hl7.org/fhir/tools/StructureDefinition/ig-parameter"
    },
    {
      "extension" : [{
        "url" : "code",
        "valueString" : "apply-copyright"
      },
      {
        "url" : "value",
        "valueString" : "true"
      }],
      "url" : "http://hl7.org/fhir/tools/StructureDefinition/ig-parameter"
    },
    {
      "extension" : [{
        "url" : "code",
        "valueString" : "apply-license"
      },
      {
        "url" : "value",
        "valueString" : "true"
      }],
      "url" : "http://hl7.org/fhir/tools/StructureDefinition/ig-parameter"
    },
    {
      "extension" : [{
        "url" : "code",
        "valueString" : "fmm-definition"
      },
      {
        "url" : "value",
        "valueString" : "http://hl7.org/fhir/versions.html#maturity"
      }],
      "url" : "http://hl7.org/fhir/tools/StructureDefinition/ig-parameter"
    },
    {
      "extension" : [{
        "url" : "code",
        "valueString" : "propagate-status"
      },
      {
        "url" : "value",
        "valueString" : "true"
      }],
      "url" : "http://hl7.org/fhir/tools/StructureDefinition/ig-parameter"
    },
    {
      "extension" : [{
        "url" : "code",
        "valueString" : "excludelogbinaryformat"
      },
      {
        "url" : "value",
        "valueString" : "true"
      }],
      "url" : "http://hl7.org/fhir/tools/StructureDefinition/ig-parameter"
    },
    {
      "extension" : [{
        "url" : "code",
        "valueString" : "tabbed-snapshots"
      },
      {
        "url" : "value",
        "valueString" : "true"
      }],
      "url" : "http://hl7.org/fhir/tools/StructureDefinition/ig-parameter"
    }],
    "resource" : [{
      "extension" : [{
        "url" : "http://hl7.org/fhir/tools/StructureDefinition/resource-information",
        "valueString" : "StructureDefinition:resource"
      }],
      "reference" : {
        "reference" : "StructureDefinition/VA.MHV.allergy"
      },
      "name" : "VA MHV Allergy or Intolerance",
      "description" : "A profile on the AllergyIntolerance that declares how MHV will Create/Update in PGHD for allergy or intolerance.\n\nGiven that MyHealtheVet has access to the medical record (Vista and Cerner), there should be logic keeping a patient from entering a duplicate allergy or intolerance. \n\n* Derived off of US-Core Allergy\n* must be marked with MHV app tag\n* must point at the patient\n* must indicate patient is the asserter\n* may have recorder be the user (e.g. delegate)\n* must have clinicalStatus of active\n* may have type set to allergy or intolerance (default blank)\n* must have a recordedDate of the date entered\n* must have a onsetDateTime from the UI\n* must have a code.text or code.coding from a valueset from the UI\n* may have a category from the UI\n* may have a severity from the UI\n* must have a reaction.note or reaction.manifestation from the UI\n* may have a comments note from the UI\n* once created will or might have an id, versionId, lastUpdated, text, and identifier\n* DSTU2 uses slightly different element names (e.g., substance and onset)",
      "exampleBoolean" : false
    },
    {
      "extension" : [{
        "url" : "http://hl7.org/fhir/tools/StructureDefinition/resource-information",
        "valueString" : "StructureDefinition:resource"
      }],
      "reference" : {
        "reference" : "StructureDefinition/VA.MHV.bloodOxygenSat"
      },
      "name" : "VA MHV Blood Oxygen Saturation Observation",
      "description" : "A profile on the Observation that declares how MHV will Read/Create/Update in PGHD for blood Oxygen Saturation measurements (aka Pulse Ox).\n\nThis profile is consistent with FHIR core Vital-Signs for Oxygen Saturation\n\n- must be marked with MHV app tag\n- must have vital-signs category\n- must have LOINC#59408-5 code AND LOINC#2708-6\n  - Argonaut and VCM use 59408-5\n  - FHIR Core R4 also adds 2708-6\n- must have effectiveDateTime \n  - others might use effectivePeriod\n- must have a valueQuantity with UCUM '%' units\n  * must be between 50% <= n <= 100%\n- must have status at final or preliminary\n- must point at the patient\n- may have a hasMember of a heart-rate and/or respiration-rate\n- may have a note (comment)\n- once created will or might have an id, versionId, lastUpdated, text, and identifier\n- DSTU2 use comment rather than note",
      "exampleBoolean" : false
    },
    {
      "extension" : [{
        "url" : "http://hl7.org/fhir/tools/StructureDefinition/resource-information",
        "valueString" : "StructureDefinition:resource"
      }],
      "reference" : {
        "reference" : "StructureDefinition/VA.MHV.bloodPressure"
      },
      "name" : "VA MHV Blood Pressure Observation",
      "description" : "A profile on the Observation that declares how MHV will Create/Update/Read in PGHD for blood pressure measurements.\n\nNote: This profile is not aligned with FHIR core Vital-Signs. FHIR Core Vital-Signs would prefer we use [LOINC 85354-9](https://loinc.org/85354-9/) - Blood pressure panel with all children optional.\nThis was not agreed by Mobile.\n\n- must be marked with MHV app tag\n- must have vital-signs category\n- must have LOINC#55284-4 code AND LOINC#8716-3\n  - 8716-3 was added as some mobile apps searched on this\n- must have effectiveDateTime\n  - others might use effectivePeriod\n- must not have a value[x]\n- must have two components\n- must have systolic and diastolic component values in mm[Hg]\n  - systolic must be between 50 <= s <= 250\n  - diastolic must be between 30 <= d <= 140\n- may have a related has-member heart-rate observation\n- must have status at final\n- must point at the patient\n- may have a note (comment)\n- once created will or might have an id, versionId, lastUpdated, text, and identifier\n\nLater may have a position component (sitting, standing, supline, and resting)",
      "exampleBoolean" : false
    },
    {
      "extension" : [{
        "url" : "http://hl7.org/fhir/tools/StructureDefinition/resource-information",
        "valueString" : "StructureDefinition:resource"
      }],
      "reference" : {
        "reference" : "StructureDefinition/VA.MHV.bloodSugar"
      },
      "name" : "VA MHV Blood Sugar Observation",
      "description" : "A profile on the Observation that declares how MHV could Create/Update in PGHD for blood sugar measurements. Indicate fasting status as a code.\n\n**Switched to this with the move to R4**\n\nNote that Blood Sugar is not part of FHIR core vital-signs.\n\n- must be marked with MHV app tag\n- must have laboratory category\n- must have LOINC#2339-0 code\n  - no longer using LOINC#2345-7 with move to FHIR R4\n- may have indication of fasting (LOINC#88365-2), or 2-hours after meal (LOINC#87422-2)\n- must have effectiveDateTime\n  - others might use effectivePeriod\n- must have valueQuantity with units only of mg/dL\n  - must be between 10 <= n <= 1000\n- must have status at final\n- must point at the patient\n- may have a method of clinical lab test, sterile lancet, transcutaneous, implant, or other\n- may have a note (comment)\n- once created will or might have an id, versionId, lastUpdated, text, and identifier",
      "exampleBoolean" : false
    },
    {
      "extension" : [{
        "url" : "http://hl7.org/fhir/tools/StructureDefinition/resource-information",
        "valueString" : "StructureDefinition:resource"
      }],
      "reference" : {
        "reference" : "StructureDefinition/VA.MHV.bodyTemperature"
      },
      "name" : "VA MHV Body Temperature Observation",
      "description" : "A profile on the Observation that declares how MHV will Create/Update/Read in PGHD for body temperature measurements.\n\nNote this is compliant with FHIR core vital-signs.\n\n- must be marked with MHV app tag\n- must have vital-signs category\n- must have LOINC#8310-5 code\n- must have effectiveDateTime\n  - others might use effectivePeriod\n- must have valueQuantity with units from the MHV body temperatures (F and C)\n  - must be value between 92 <= n <= 108 Fahrenheit\n- must have status at final\n- must point at the patient\n- may have a bodySite from MHV body temperature sites (tongue, underarm, ear, mouth, or rectum)\n- may have a note (comment)\n- once created will or might have an id, versionId, lastUpdated, text, and identifier",
      "exampleBoolean" : false
    },
    {
      "extension" : [{
        "url" : "http://hl7.org/fhir/tools/StructureDefinition/resource-information",
        "valueString" : "StructureDefinition:resource"
      }],
      "reference" : {
        "reference" : "StructureDefinition/VA.MHV.bodyWeight"
      },
      "name" : "VA MHV BodyWeight Observation",
      "description" : "A profile on the Observation that declares how MHV will Create/Update in PGHD for body weight measurements.\n\nNote this is compliant with FHIR core vital-signs.\n\n- must be marked with MHV app tag\n- must have vital-signs category\n- must have LOINC#29463-7 code\n- must have effectiveDateTime\n  - others might use effectivePeriod\n- must have valueQuantity with units from the MHV body weights (lbs and kg)\n  - must be value 60 <= n <= 1000 lbs\n- must have status at final\n- must point at the patient\n- may have a note (comment)\n- once created will or might have an id, versionId, lastUpdated, text, and identifier",
      "exampleBoolean" : false
    },
    {
      "extension" : [{
        "url" : "http://hl7.org/fhir/tools/StructureDefinition/resource-information",
        "valueString" : "StructureDefinition:resource"
      }],
      "reference" : {
        "reference" : "StructureDefinition/VA.MHV.BlueBundle"
      },
      "name" : "VA MHV BlueButton Bundle",
      "description" : "A profile on the Bundle that declares how MHV will Create/Update in PGHD for BlueButton report.\n\n**This is a work in progress. It is not agreed to, and it is not ready for review.**\n\n* must be a document type Bundle\n* must have a timestamp of when this was created\n* must have a MHV Bluebutton type of a Composition \n* must include Patient Resource\n* must include all Resources referenced by Composition \n* DSTU2 use comment rather than note",
      "exampleBoolean" : false
    },
    {
      "extension" : [{
        "url" : "http://hl7.org/fhir/tools/StructureDefinition/resource-information",
        "valueString" : "StructureDefinition:resource"
      }],
      "reference" : {
        "reference" : "StructureDefinition/VA.MHV.BlueComposition"
      },
      "name" : "VA MHV BlueButton Composition",
      "description" : "A profile on the Composition that declares how MHV will Create/Update in PGHD for BlueButton report.\n\n**This is a work in progress. It is not agreed to, and it is not ready for review.**\n\n* must be marked with MHV app tag\n* must be status final\n* must have a title explaining the content - for example: all vital-signs from past 60 days\n* must have date stamp of when created (now)\n* must be LOINC 55188-7 Patient data Document\n* must point at the patient for both subject and author\n* DSTU2 use comment rather than note",
      "exampleBoolean" : false
    },
    {
      "extension" : [{
        "url" : "http://hl7.org/fhir/tools/StructureDefinition/resource-information",
        "valueString" : "StructureDefinition:resource"
      }],
      "reference" : {
        "reference" : "StructureDefinition/VA.MHV.familymemberhistory"
      },
      "name" : "VA MHV FamilyMemberHistory",
      "description" : "A profile on the FamilyMemberHistory that declares how MHV will Create/Update in PGHD for an family member history record.\n\n**Proposed mapping not yet approved for implementation**\n\nGiven that MyHealtheVet has access to medical record (Vista and Cerner) of FamilyMemberHistory, there should be logic keeping a patient from entering a duplicate details.\n* For each relative of the Patient there will be a FamilyMemberHistory instance \n  * Thus a query of the FamilyMemberHistory instances for a given Patient will give you all the relatives for which medical history is known.\n  * Each FamilyMemberHistory record would be updated when new medical conditions/problems are learned\n  * Thus FamilyMemberHistory needs to have support for Create/Read/Update/Delete\n* once created will or might have an id, versionId, lastUpdated, text, and identifier\n* must be marked with MHV app tag\n* must point at the patient\n* must indicate the date this record is being recorded into PGHD \n* should have a name of the family member\n* must have the relationship this family member has with the Patient\n* should have the sex/gender (birth sex) of this family member\n* should have the age or date-of-birth\n  * should use a valueSet for date ranges on decades \n  * indicate estimatedAge if the age is estimated\n* should have indication when patient has died with the age of death or date\n  * should use a valueSet for date ranges on decades \n* may have extension indication of twin (multiple-birth) using \n* may have extension indicate Race \n* may have extension indicate Ethnicity \n* may have extension indicate Adopted\n* should have 0..* conditions\n  * condition.code should be from a given valueSet\n  * condition.outcome should indicate the outcome of this condition\n  * condition.onset[x] should indicate when this condition first manifested\n  * condition.note may include a freetext note\n* should have a note",
      "exampleBoolean" : false
    },
    {
      "extension" : [{
        "url" : "http://hl7.org/fhir/tools/StructureDefinition/resource-information",
        "valueString" : "StructureDefinition:resource"
      }],
      "reference" : {
        "reference" : "StructureDefinition/VA.MHV.heartRate"
      },
      "name" : "VA MHV HeartRate Observation",
      "description" : "A profile on the Observation that declares how MHV will Create/Update in PGHD for heart rate measurements.\n\nNote this is compliant with FHIR core vital-signs.\n\n- must be marked with MHV app tag\n- must have vital-signs category\n- must have LOINC#8867-4 code\n- must have effectiveDateTime\n  - others might use effectivePeriod\n- must have valueQuantity with units only of beats per minute\n  - must be value 40 <= n <= 240\n- must have status at final\n- must point at the patient\n- may have a note (comment)\n- once created will or might have an id, versionId, lastUpdated, text, and identifier",
      "exampleBoolean" : false
    },
    {
      "extension" : [{
        "url" : "http://hl7.org/fhir/tools/StructureDefinition/resource-information",
        "valueString" : "StructureDefinition:resource"
      }],
      "reference" : {
        "reference" : "StructureDefinition/VA.MHV.immunization"
      },
      "name" : "VA MHV Immunization",
      "description" : "A profile on the Immunization that declares how MHV will Create/Update in PGHD for an immunization.\n\n**Proposed mapping not yet approved for implementation**\n\nGiven that MyHealtheVet has access to medical record (Vista and Cerner) of immunizations, there should be logic keeping a patient from entering a duplicate immunization.\n\n* Derived off of US-Core Immunization\n* must be marked with MHV app tag\n* must point at the patient\n* must have status of completed (can not enter not-done or entered-in-error)\n* must have a code.text or code.coding from a valueset from the UI\n  * codes from given valueSet\n* must have a date (occuranceDateTime) the vaccine was administered from the UI\n* must indicate the date this record is being recorded into PGHD \n* must be indicated this data are not official record (primarySource=false)\n* must indicate this is being recorded from patient recollection\n* any reaction is recorded as a contained observation\n* may have a comment note\n* once created will or might have an id, versionId, lastUpdated, text, and identifier\n* DSTU2 uses slightly different element names (e.g., substance and onset)",
      "exampleBoolean" : false
    },
    {
      "extension" : [{
        "url" : "http://hl7.org/fhir/tools/StructureDefinition/resource-information",
        "valueString" : "StructureDefinition:resource"
      }],
      "reference" : {
        "reference" : "StructureDefinition/VA.MHV.medication"
      },
      "name" : "VA MHV Medication",
      "description" : "A profile on the MedicationStatement that declares how MHV will Create/Update in PGHD.\n\n**Proposed mapping not yet approved for implementation**\n\n* NOT Derived off of US-Core as there is no MedicationStatement in US-Core\n* must be marked with MHV app tag\n* must have a medication name\n* must have a strength per dose\n* must have a reason for use\n* must have effectiveDateTime\n* must have status at final, stopped, or complete\n* must point at the patient\n* may have a note \n* may have quantity\n* may have frequency\n* may have method of taking\n* may have a rx number\n* may indicate where it was filled\n* may indicate who prescribed\n* may indicate if side affects or none\n* once created will or might have an id, versionId, lastUpdated, text, and identifier",
      "exampleBoolean" : false
    },
    {
      "extension" : [{
        "url" : "http://hl7.org/fhir/tools/StructureDefinition/resource-information",
        "valueString" : "StructureDefinition:resource"
      }],
      "reference" : {
        "reference" : "StructureDefinition/VA.MHV.pain"
      },
      "name" : "VA MHV Pain Observation",
      "description" : "A profile on the Observation that declares how MHV will Create/Update in PGHD for pain measurements.\n\nNote that Pain is not part of FHIR core vital-signs.\n\n- must be marked with MHV app tag\n- must have vital-signs category\n- must have both LOINC#72514-3 and SCT#225908003 code\n- must have effectiveDateTime\n  - others might use effectivePeriod\n- must have valueQuantity with no units\n  - must have integer between 0-10\n- must have status at final\n- must point at the patient\n- may have a note (comment)\n- once created will or might have an id, versionId, lastUpdated, text, and identifier",
      "exampleBoolean" : false
    },
    {
      "extension" : [{
        "url" : "http://hl7.org/fhir/tools/StructureDefinition/resource-information",
        "valueString" : "StructureDefinition:resource"
      }],
      "reference" : {
        "reference" : "StructureDefinition/VA.MHV.respirationRate"
      },
      "name" : "VA MHV Respiration Rate Observation",
      "description" : "A profile on the Observation that declares how MHV will Read/Create/Update/Delete in PGHD for respiration rate measurements. This is mostly used in conjunction with Blood Oxygen Saturation (aka PulseOx).\n\nThis profile is consistent with FHIR core Vital-Signs for Respiration Rate\n\n- must be marked with MHV app tag\n- must have vital-signs category\n- must have LOINC#9279-1 code \n  - FHIR Core, Argonaut and VCM use 9279-1\n- must have effectiveDateTime\n  - others might use effectivePeriod\n- must have valueQuantity with units only of breaths per minute\n  - typical is 12-16 breaths per minute\n  - must be a value 6 <= n <= 40\n- must have status at final or preliminary\n- must point at the patient\n- may have a note (comment)\n- once created will or might have an id, versionId, lastUpdated, text, and identifier\n- DSTU2 use comment rather than note",
      "exampleBoolean" : false
    },
    {
      "extension" : [{
        "url" : "http://hl7.org/fhir/tools/StructureDefinition/resource-information",
        "valueString" : "StructureDefinition:extension"
      }],
      "reference" : {
        "reference" : "StructureDefinition/FM-Adopted"
      },
      "name" : "Adopted indication",
      "description" : "When this family member is Adopted.",
      "exampleBoolean" : false
    },
    {
      "extension" : [{
        "url" : "http://hl7.org/fhir/tools/StructureDefinition/resource-information",
        "valueString" : "StructureDefinition:extension"
      }],
      "reference" : {
        "reference" : "StructureDefinition/FM-Ethnicity"
      },
      "name" : "Ethnicity",
      "description" : "What is the Ethnicity of this family member\n\nNote would like to use the us-core defined extension, but it is not allowed in FamilyMemberHistory [jira issue](https://jira.hl7.org/browse/FHIR-35997)",
      "exampleBoolean" : false
    },
    {
      "extension" : [{
        "url" : "http://hl7.org/fhir/tools/StructureDefinition/resource-information",
        "valueString" : "StructureDefinition:extension"
      }],
      "reference" : {
        "reference" : "StructureDefinition/FM-MultiBirth"
      },
      "name" : "MultiBirth indication",
      "description" : "When this family member is known to be part of a MultiBirth, indicate how many siblings.",
      "exampleBoolean" : false
    },
    {
      "extension" : [{
        "url" : "http://hl7.org/fhir/tools/StructureDefinition/resource-information",
        "valueString" : "StructureDefinition:extension"
      }],
      "reference" : {
        "reference" : "StructureDefinition/FM-Race"
      },
      "name" : "Race",
      "description" : "What is the Race of this family member\n\nNote would like to use us-core defined extension, but is not allowed in FamilyMemberHistory [Jira issue](https://jira.hl7.org/browse/FHIR-35998)",
      "exampleBoolean" : false
    },
    {
      "extension" : [{
        "url" : "http://hl7.org/fhir/tools/StructureDefinition/resource-information",
        "valueString" : "ValueSet"
      }],
      "reference" : {
        "reference" : "ValueSet/AgesVS"
      },
      "name" : "Ages ValueSet",
      "description" : "ValueSet of the Ages allowed",
      "exampleBoolean" : false
    },
    {
      "extension" : [{
        "url" : "http://hl7.org/fhir/tools/StructureDefinition/resource-information",
        "valueString" : "ValueSet"
      }],
      "reference" : {
        "reference" : "ValueSet/AllAppIdCodes"
      },
      "name" : "PGD App Id Codes",
      "description" : "All valid App ID codes",
      "exampleBoolean" : false
    },
    {
      "extension" : [{
        "url" : "http://hl7.org/fhir/tools/StructureDefinition/resource-information",
        "valueString" : "ValueSet"
      }],
      "reference" : {
        "reference" : "ValueSet/mhv-blood-pressure-positions"
      },
      "name" : "The methods of measurement for blood pressure that MHV supports",
      "description" : "These are the loinc body positions that MHV supports on blood pressure.",
      "exampleBoolean" : false
    },
    {
      "extension" : [{
        "url" : "http://hl7.org/fhir/tools/StructureDefinition/resource-information",
        "valueString" : "ValueSet"
      }],
      "reference" : {
        "reference" : "ValueSet/mhv-blood-sugar-methods-sites"
      },
      "name" : "The methods of measurement for blood sugar that MHV supports",
      "description" : "These are the SNOMED body sites that MHV supports.",
      "exampleBoolean" : false
    },
    {
      "extension" : [{
        "url" : "http://hl7.org/fhir/tools/StructureDefinition/resource-information",
        "valueString" : "ValueSet"
      }],
      "reference" : {
        "reference" : "ValueSet/mhv-body-temperature-sites"
      },
      "name" : "The body temperature measurement sites that MHV supports",
      "description" : "These are the SNOMED body sites that MHV supports.",
      "exampleBoolean" : false
    },
    {
      "extension" : [{
        "url" : "http://hl7.org/fhir/tools/StructureDefinition/resource-information",
        "valueString" : "ValueSet"
      }],
      "reference" : {
        "reference" : "ValueSet/mhv-body-temperatures"
      },
      "name" : "The body temperature measurement types that MHV supports",
      "description" : "These are the UCUM types that MHV supports.",
      "exampleBoolean" : false
    },
    {
      "extension" : [{
        "url" : "http://hl7.org/fhir/tools/StructureDefinition/resource-information",
        "valueString" : "ValueSet"
      }],
      "reference" : {
        "reference" : "ValueSet/mhv-body-weights"
      },
      "name" : "The body weight measurement types that MHV supports",
      "description" : "These are the UCUM types that MHV supports. This is a subset of the full bodyWeight types (which also brings in grams. Others might also include stone).",
      "exampleBoolean" : false
    },
    {
      "extension" : [{
        "url" : "http://hl7.org/fhir/tools/StructureDefinition/resource-information",
        "valueString" : "ValueSet"
      }],
      "reference" : {
        "reference" : "ValueSet/mhv-medication-routes"
      },
      "name" : "The routes of medication that MHV supports",
      "description" : "These are the SNOMED-CT routes for medications that MHV supports.",
      "exampleBoolean" : false
    },
    {
      "extension" : [{
        "url" : "http://hl7.org/fhir/tools/StructureDefinition/resource-information",
        "valueString" : "CodeSystem"
      }],
      "reference" : {
        "reference" : "CodeSystem/Ages"
      },
      "name" : "Ages in decades",
      "description" : "Used when the Age is not known very well",
      "exampleBoolean" : false
    },
    {
      "extension" : [{
        "url" : "http://hl7.org/fhir/tools/StructureDefinition/resource-information",
        "valueString" : "CodeSystem"
      }],
      "reference" : {
        "reference" : "CodeSystem/OnclC"
      },
      "name" : "PGD apps",
      "description" : "App identifiers for use with PGD",
      "exampleBoolean" : false
    },
    {
      "extension" : [{
        "url" : "http://hl7.org/fhir/tools/StructureDefinition/resource-information",
        "valueString" : "CodeSystem"
      }],
      "reference" : {
        "reference" : "CodeSystem/CPM"
      },
      "name" : "PGD other apps",
      "description" : "Seems to be used by Mobile Kidney",
      "exampleBoolean" : false
    },
    {
      "extension" : [{
        "url" : "http://hl7.org/fhir/tools/StructureDefinition/resource-information",
        "valueString" : "CapabilityStatement"
      }],
      "reference" : {
        "reference" : "CapabilityStatement/MHVcapabilities"
      },
      "name" : "MHVcapabilities",
      "description" : "CapabilityStatement prototype for MHV as a FHIR Client",
      "exampleBoolean" : false
    },
    {
      "extension" : [{
        "url" : "http://hl7.org/fhir/tools/StructureDefinition/resource-information",
        "valueString" : "Composition"
      }],
      "reference" : {
        "reference" : "Composition/ex-MHV-Composition-0"
      },
      "name" : "Example of an MHV BlueButton Document Composition",
      "description" : "holding typical values",
      "exampleCanonical" : "https://johnmoehrke.github.io/MHV-PGHD/StructureDefinition/VA.MHV.BlueComposition"
    },
    {
      "extension" : [{
        "url" : "http://hl7.org/fhir/tools/StructureDefinition/resource-information",
        "valueString" : "AllergyIntolerance"
      }],
      "reference" : {
        "reference" : "AllergyIntolerance/ex-MHV-allergy-0"
      },
      "name" : "Example of an MHV allergy R4 to aspirin, no note",
      "description" : "holding typical values",
      "exampleCanonical" : "https://johnmoehrke.github.io/MHV-PGHD/StructureDefinition/VA.MHV.allergy"
    },
    {
      "extension" : [{
        "url" : "http://hl7.org/fhir/tools/StructureDefinition/resource-information",
        "valueString" : "Observation"
      }],
      "reference" : {
        "reference" : "Observation/ex-MHV-bloodPressure-0"
      },
      "name" : "Example of an MHV blood pressure R4 observation, minimal",
      "description" : "holding typical values of 140/90",
      "exampleCanonical" : "https://johnmoehrke.github.io/MHV-PGHD/StructureDefinition/VA.MHV.bloodPressure"
    },
    {
      "extension" : [{
        "url" : "http://hl7.org/fhir/tools/StructureDefinition/resource-information",
        "valueString" : "Observation"
      }],
      "reference" : {
        "reference" : "Observation/ex-MHV-bloodPressure-1"
      },
      "name" : "Example of an MHV blood pressure R4 observation, minimal",
      "description" : "holding typical values of 140/90 with a heart-rate",
      "exampleCanonical" : "https://johnmoehrke.github.io/MHV-PGHD/StructureDefinition/VA.MHV.bloodPressure"
    },
    {
      "extension" : [{
        "url" : "http://hl7.org/fhir/tools/StructureDefinition/resource-information",
        "valueString" : "Observation"
      }],
      "reference" : {
        "reference" : "Observation/ex-MHV-bloodPressure-apple"
      },
      "name" : "Example of an MHV blood pressure R4 observation, like Apple produes",
      "description" : "holding Apple like values of 140/90 with a heart-rate\n\nNote\n- apple does not populate the category\n- apple only uses one code of LOINC#55284-4\n- apple uses effectivePeriod (seemingly to have start and end the same)\n- has meta.source populated with unknown identifier (presume some link back to apple, although this could be PGHD and not SMHD)",
      "exampleBoolean" : true
    },
    {
      "extension" : [{
        "url" : "http://hl7.org/fhir/tools/StructureDefinition/resource-information",
        "valueString" : "Observation"
      }],
      "reference" : {
        "reference" : "Observation/ex-MHV-bloodPressure-end"
      },
      "name" : "Example of an MHV blood pressure R4 observation, minimal",
      "description" : "holding typical values of 140/90 with a heart-rate, using only a end Period time/date",
      "exampleBoolean" : true
    },
    {
      "extension" : [{
        "url" : "http://hl7.org/fhir/tools/StructureDefinition/resource-information",
        "valueString" : "Observation"
      }],
      "reference" : {
        "reference" : "Observation/ex-MHV-bloodPressure-start"
      },
      "name" : "Example of an MHV blood pressure R4 observation, minimal",
      "description" : "holding typical values of 140/90 with a heart-rate, using only a start Period time/date",
      "exampleBoolean" : true
    },
    {
      "extension" : [{
        "url" : "http://hl7.org/fhir/tools/StructureDefinition/resource-information",
        "valueString" : "Observation"
      }],
      "reference" : {
        "reference" : "Observation/ex-MHV-bloodSugarB-0"
      },
      "name" : "Example of an MHV blood sugar R4 observation, minimal",
      "description" : "holding typical values",
      "exampleCanonical" : "https://johnmoehrke.github.io/MHV-PGHD/StructureDefinition/VA.MHV.bloodSugar"
    },
    {
      "extension" : [{
        "url" : "http://hl7.org/fhir/tools/StructureDefinition/resource-information",
        "valueString" : "Observation"
      }],
      "reference" : {
        "reference" : "Observation/ex-MHV-bloodSugarB-1"
      },
      "name" : "Example of an MHV blood sugar R4 observation, fasting",
      "description" : "holding typical values",
      "exampleCanonical" : "https://johnmoehrke.github.io/MHV-PGHD/StructureDefinition/VA.MHV.bloodSugar"
    },
    {
      "extension" : [{
        "url" : "http://hl7.org/fhir/tools/StructureDefinition/resource-information",
        "valueString" : "Observation"
      }],
      "reference" : {
        "reference" : "Observation/ex-MHV-bloodSugarB-106107"
      },
      "name" : "Example of an MHV blood sugar R4 observation, too low",
      "description" : "holding a value that is too low (1) value",
      "exampleCanonical" : "https://johnmoehrke.github.io/MHV-PGHD/StructureDefinition/VA.MHV.bloodSugar"
    },
    {
      "extension" : [{
        "url" : "http://hl7.org/fhir/tools/StructureDefinition/resource-information",
        "valueString" : "Observation"
      }],
      "reference" : {
        "reference" : "Observation/ex-MHV-bloodSugarB-106108"
      },
      "name" : "Example of an MHV blood sugar R4 observation, too high",
      "description" : "holding a value that is too high (1001) value",
      "exampleCanonical" : "https://johnmoehrke.github.io/MHV-PGHD/StructureDefinition/VA.MHV.bloodSugar"
    },
    {
      "extension" : [{
        "url" : "http://hl7.org/fhir/tools/StructureDefinition/resource-information",
        "valueString" : "Observation"
      }],
      "reference" : {
        "reference" : "Observation/ex-MHV-bloodSugarB-106109"
      },
      "name" : "Example of a non-MHV blood sugar R4 observation, vital-sign",
      "description" : "holding a value that is too high (1001) value",
      "exampleBoolean" : true
    },
    {
      "extension" : [{
        "url" : "http://hl7.org/fhir/tools/StructureDefinition/resource-information",
        "valueString" : "Observation"
      }],
      "reference" : {
        "reference" : "Observation/ex-MHV-bloodSugarB-2"
      },
      "name" : "Example of an MHV blood sugar R4 observation, after meal",
      "description" : "holding typical values",
      "exampleCanonical" : "https://johnmoehrke.github.io/MHV-PGHD/StructureDefinition/VA.MHV.bloodSugar"
    },
    {
      "extension" : [{
        "url" : "http://hl7.org/fhir/tools/StructureDefinition/resource-information",
        "valueString" : "Observation"
      }],
      "reference" : {
        "reference" : "Observation/ex-MHV-bloodSugarB-3"
      },
      "name" : "Example of an MHV blood sugar R4 observation, unknown eating",
      "description" : "holding typical values",
      "exampleCanonical" : "https://johnmoehrke.github.io/MHV-PGHD/StructureDefinition/VA.MHV.bloodSugar"
    },
    {
      "extension" : [{
        "url" : "http://hl7.org/fhir/tools/StructureDefinition/resource-information",
        "valueString" : "Observation"
      }],
      "reference" : {
        "reference" : "Observation/ex-MHV-bloodSugarB-4"
      },
      "name" : "Example of an MHV blood sugar R4 observation, unknown eating, by lancet",
      "description" : "holding typical values",
      "exampleCanonical" : "https://johnmoehrke.github.io/MHV-PGHD/StructureDefinition/VA.MHV.bloodSugar"
    },
    {
      "extension" : [{
        "url" : "http://hl7.org/fhir/tools/StructureDefinition/resource-information",
        "valueString" : "Observation"
      }],
      "reference" : {
        "reference" : "Observation/ex-MHV-bloodSugarB-5"
      },
      "name" : "Example of an MHV blood sugar R4 observation, unknown eating, by skin",
      "description" : "holding typical values",
      "exampleCanonical" : "https://johnmoehrke.github.io/MHV-PGHD/StructureDefinition/VA.MHV.bloodSugar"
    },
    {
      "extension" : [{
        "url" : "http://hl7.org/fhir/tools/StructureDefinition/resource-information",
        "valueString" : "Observation"
      }],
      "reference" : {
        "reference" : "Observation/ex-MHV-bloodSugarB-6"
      },
      "name" : "Example of an MHV blood sugar R4 observation, unknown eating, by implant",
      "description" : "holding typical values",
      "exampleCanonical" : "https://johnmoehrke.github.io/MHV-PGHD/StructureDefinition/VA.MHV.bloodSugar"
    },
    {
      "extension" : [{
        "url" : "http://hl7.org/fhir/tools/StructureDefinition/resource-information",
        "valueString" : "Observation"
      }],
      "reference" : {
        "reference" : "Observation/ex-MHV-bloodSugarB-7"
      },
      "name" : "Example of an MHV blood sugar R4 observation, ZERO, unknown eating, by implant",
      "description" : "holding atypical values",
      "exampleCanonical" : "https://johnmoehrke.github.io/MHV-PGHD/StructureDefinition/VA.MHV.bloodSugar"
    },
    {
      "extension" : [{
        "url" : "http://hl7.org/fhir/tools/StructureDefinition/resource-information",
        "valueString" : "Observation"
      }],
      "reference" : {
        "reference" : "Observation/ex-MHV-bloodSugarB-8"
      },
      "name" : "Example of an MHV blood sugar R4 observation, impossibly high, unknown eating, by implant",
      "description" : "holding atypical values",
      "exampleCanonical" : "https://johnmoehrke.github.io/MHV-PGHD/StructureDefinition/VA.MHV.bloodSugar"
    },
    {
      "extension" : [{
        "url" : "http://hl7.org/fhir/tools/StructureDefinition/resource-information",
        "valueString" : "Observation"
      }],
      "reference" : {
        "reference" : "Observation/ex-MHV-heartRate-1"
      },
      "name" : "Example of an MHV heartRate R4 observation",
      "description" : "Heart Rate holding typical values",
      "exampleCanonical" : "https://johnmoehrke.github.io/MHV-PGHD/StructureDefinition/VA.MHV.heartRate"
    },
    {
      "extension" : [{
        "url" : "http://hl7.org/fhir/tools/StructureDefinition/resource-information",
        "valueString" : "Observation"
      }],
      "reference" : {
        "reference" : "Observation/ex-MHV-heartRate-2"
      },
      "name" : "Example of an MHV heartRate R4 observation",
      "description" : "Heart Rate holding typical values",
      "exampleCanonical" : "https://johnmoehrke.github.io/MHV-PGHD/StructureDefinition/VA.MHV.heartRate"
    },
    {
      "extension" : [{
        "url" : "http://hl7.org/fhir/tools/StructureDefinition/resource-information",
        "valueString" : "Observation"
      }],
      "reference" : {
        "reference" : "Observation/ex-MHV-heartRate-3"
      },
      "name" : "Example of an MHV heartRate R4 observation",
      "description" : "Heart Rate holding typical values",
      "exampleCanonical" : "https://johnmoehrke.github.io/MHV-PGHD/StructureDefinition/VA.MHV.heartRate"
    },
    {
      "extension" : [{
        "url" : "http://hl7.org/fhir/tools/StructureDefinition/resource-information",
        "valueString" : "Immunization"
      }],
      "reference" : {
        "reference" : "Immunization/ex-MHV-immunization-0"
      },
      "name" : "Example of an MHV immunization R4 to flu, no note, no reaction",
      "description" : "holding typical values",
      "exampleCanonical" : "https://johnmoehrke.github.io/MHV-PGHD/StructureDefinition/VA.MHV.immunization"
    },
    {
      "extension" : [{
        "url" : "http://hl7.org/fhir/tools/StructureDefinition/resource-information",
        "valueString" : "MedicationStatement"
      }],
      "reference" : {
        "reference" : "MedicationStatement/ex-MHV-medication-0"
      },
      "name" : "Example of an MHV medication R4, minimal",
      "description" : "holding typical values",
      "exampleCanonical" : "https://johnmoehrke.github.io/MHV-PGHD/StructureDefinition/VA.MHV.medication"
    },
    {
      "extension" : [{
        "url" : "http://hl7.org/fhir/tools/StructureDefinition/resource-information",
        "valueString" : "Observation"
      }],
      "reference" : {
        "reference" : "Observation/ex-MHV-oxygenSat-1"
      },
      "name" : "Example of an MHV oxygenSat R4 observation value of 95%",
      "description" : "Oxygen Saturation holding typical values",
      "exampleCanonical" : "https://johnmoehrke.github.io/MHV-PGHD/StructureDefinition/VA.MHV.bloodOxygenSat"
    },
    {
      "extension" : [{
        "url" : "http://hl7.org/fhir/tools/StructureDefinition/resource-information",
        "valueString" : "Observation"
      }],
      "reference" : {
        "reference" : "Observation/ex-MHV-oxygenSat-2"
      },
      "name" : "Example of an MHV oxygenSat R4 observation",
      "description" : "Oxygen Saturation holding high value of 99.4%",
      "exampleCanonical" : "https://johnmoehrke.github.io/MHV-PGHD/StructureDefinition/VA.MHV.bloodOxygenSat"
    },
    {
      "extension" : [{
        "url" : "http://hl7.org/fhir/tools/StructureDefinition/resource-information",
        "valueString" : "Observation"
      }],
      "reference" : {
        "reference" : "Observation/ex-MHV-oxygenSat-3"
      },
      "name" : "Example of an MHV oxygenSat R4 observation really low at 65%",
      "description" : "Oxygen Saturation holding typical values",
      "exampleCanonical" : "https://johnmoehrke.github.io/MHV-PGHD/StructureDefinition/VA.MHV.bloodOxygenSat"
    },
    {
      "extension" : [{
        "url" : "http://hl7.org/fhir/tools/StructureDefinition/resource-information",
        "valueString" : "Observation"
      }],
      "reference" : {
        "reference" : "Observation/ex-MHV-oxygenSat-5"
      },
      "name" : "Example of an MHV oxygenSat R4 observation of 65% with a heart-rate",
      "description" : "Heart Rate holding typical values",
      "exampleCanonical" : "https://johnmoehrke.github.io/MHV-PGHD/StructureDefinition/VA.MHV.bloodOxygenSat"
    },
    {
      "extension" : [{
        "url" : "http://hl7.org/fhir/tools/StructureDefinition/resource-information",
        "valueString" : "Observation"
      }],
      "reference" : {
        "reference" : "Observation/ex-MHV-oxygenSat-6"
      },
      "name" : "Example of an MHV oxygenSat R4 observation of 95% with a respiration-rate",
      "description" : "Heart Rate holding typical values",
      "exampleCanonical" : "https://johnmoehrke.github.io/MHV-PGHD/StructureDefinition/VA.MHV.bloodOxygenSat"
    },
    {
      "extension" : [{
        "url" : "http://hl7.org/fhir/tools/StructureDefinition/resource-information",
        "valueString" : "Observation"
      }],
      "reference" : {
        "reference" : "Observation/ex-MHV-oxygenSat-7"
      },
      "name" : "Example of an MHV oxygenSat R4 observation of 94% with a heart-rate and respiration-rate",
      "description" : "Heart Rate holding typical values",
      "exampleCanonical" : "https://johnmoehrke.github.io/MHV-PGHD/StructureDefinition/VA.MHV.bloodOxygenSat"
    },
    {
      "extension" : [{
        "url" : "http://hl7.org/fhir/tools/StructureDefinition/resource-information",
        "valueString" : "Observation"
      }],
      "reference" : {
        "reference" : "Observation/ex-MHV-pain-0"
      },
      "name" : "Example of an MHV pain R4 observation of zero, no note",
      "description" : "holding typical values",
      "exampleCanonical" : "https://johnmoehrke.github.io/MHV-PGHD/StructureDefinition/VA.MHV.pain"
    },
    {
      "extension" : [{
        "url" : "http://hl7.org/fhir/tools/StructureDefinition/resource-information",
        "valueString" : "Observation"
      }],
      "reference" : {
        "reference" : "Observation/ex-MHV-pain-1"
      },
      "name" : "Example of an MHV pain R4 observation of 1 with good vibes",
      "description" : "holding typical values",
      "exampleCanonical" : "https://johnmoehrke.github.io/MHV-PGHD/StructureDefinition/VA.MHV.pain"
    },
    {
      "extension" : [{
        "url" : "http://hl7.org/fhir/tools/StructureDefinition/resource-information",
        "valueString" : "Observation"
      }],
      "reference" : {
        "reference" : "Observation/ex-MHV-pain-10"
      },
      "name" : "Example of a MHV pain R4 observation of 10, Oh, scream in pain",
      "description" : "holding typical values",
      "exampleCanonical" : "https://johnmoehrke.github.io/MHV-PGHD/StructureDefinition/VA.MHV.pain"
    },
    {
      "extension" : [{
        "url" : "http://hl7.org/fhir/tools/StructureDefinition/resource-information",
        "valueString" : "Observation"
      }],
      "reference" : {
        "reference" : "Observation/ex-MHV-pain-14"
      },
      "name" : "Example of a MHV pain R4 observation of 10. This is also not fully compliant but MHV should see it",
      "description" : "holding typical values",
      "exampleBoolean" : true
    },
    {
      "extension" : [{
        "url" : "http://hl7.org/fhir/tools/StructureDefinition/resource-information",
        "valueString" : "Observation"
      }],
      "reference" : {
        "reference" : "Observation/ex-MHV-pain-2"
      },
      "name" : "Example of an MHV pain R4 observation of 2, no note",
      "description" : "holding typical values",
      "exampleCanonical" : "https://johnmoehrke.github.io/MHV-PGHD/StructureDefinition/VA.MHV.pain"
    },
    {
      "extension" : [{
        "url" : "http://hl7.org/fhir/tools/StructureDefinition/resource-information",
        "valueString" : "Observation"
      }],
      "reference" : {
        "reference" : "Observation/ex-MHV-pain-3"
      },
      "name" : "Example of an MHV pain R4 observation of 3, no note",
      "description" : "holding typical values",
      "exampleCanonical" : "https://johnmoehrke.github.io/MHV-PGHD/StructureDefinition/VA.MHV.pain"
    },
    {
      "extension" : [{
        "url" : "http://hl7.org/fhir/tools/StructureDefinition/resource-information",
        "valueString" : "Observation"
      }],
      "reference" : {
        "reference" : "Observation/ex-MHV-pain-4"
      },
      "name" : "Example of an MHV pain R4 observation of 4, no note",
      "description" : "holding typical values",
      "exampleCanonical" : "https://johnmoehrke.github.io/MHV-PGHD/StructureDefinition/VA.MHV.pain"
    },
    {
      "extension" : [{
        "url" : "http://hl7.org/fhir/tools/StructureDefinition/resource-information",
        "valueString" : "Observation"
      }],
      "reference" : {
        "reference" : "Observation/ex-MHV-pain-5"
      },
      "name" : "Example of an MHV pain R4 observation of 5, comme ci comme ça",
      "description" : "holding typical values",
      "exampleCanonical" : "https://johnmoehrke.github.io/MHV-PGHD/StructureDefinition/VA.MHV.pain"
    },
    {
      "extension" : [{
        "url" : "http://hl7.org/fhir/tools/StructureDefinition/resource-information",
        "valueString" : "Observation"
      }],
      "reference" : {
        "reference" : "Observation/ex-MHV-pain-6"
      },
      "name" : "Example of an MHV pain R4 observation of 6, no note",
      "description" : "holding typical values",
      "exampleCanonical" : "https://johnmoehrke.github.io/MHV-PGHD/StructureDefinition/VA.MHV.pain"
    },
    {
      "extension" : [{
        "url" : "http://hl7.org/fhir/tools/StructureDefinition/resource-information",
        "valueString" : "Observation"
      }],
      "reference" : {
        "reference" : "Observation/ex-MHV-pain-7"
      },
      "name" : "Example of an MHV pain R4 observation of 7, not good",
      "description" : "holding typical values",
      "exampleCanonical" : "https://johnmoehrke.github.io/MHV-PGHD/StructureDefinition/VA.MHV.pain"
    },
    {
      "extension" : [{
        "url" : "http://hl7.org/fhir/tools/StructureDefinition/resource-information",
        "valueString" : "Observation"
      }],
      "reference" : {
        "reference" : "Observation/ex-MHV-pain-8"
      },
      "name" : "Example of a MHV pain R4 observation 8, please help",
      "description" : "holding typical values",
      "exampleCanonical" : "https://johnmoehrke.github.io/MHV-PGHD/StructureDefinition/VA.MHV.pain"
    },
    {
      "extension" : [{
        "url" : "http://hl7.org/fhir/tools/StructureDefinition/resource-information",
        "valueString" : "Observation"
      }],
      "reference" : {
        "reference" : "Observation/ex-MHV-pain-9"
      },
      "name" : "Example of a MHV pain R4 observation 9, I can't take it",
      "description" : "holding typical values",
      "exampleCanonical" : "https://johnmoehrke.github.io/MHV-PGHD/StructureDefinition/VA.MHV.pain"
    },
    {
      "extension" : [{
        "url" : "http://hl7.org/fhir/tools/StructureDefinition/resource-information",
        "valueString" : "Observation"
      }],
      "reference" : {
        "reference" : "Observation/ex-MHV-respirationRate-1"
      },
      "name" : "Example of an MHV respirationRate R4 observation",
      "description" : "Respiration Rate holding typical values",
      "exampleCanonical" : "https://johnmoehrke.github.io/MHV-PGHD/StructureDefinition/VA.MHV.respirationRate"
    },
    {
      "extension" : [{
        "url" : "http://hl7.org/fhir/tools/StructureDefinition/resource-information",
        "valueString" : "Observation"
      }],
      "reference" : {
        "reference" : "Observation/ex-MHV-respirationRate-2"
      },
      "name" : "Example of an MHV respirationRate R4 observation",
      "description" : "Respiration Rate holding typical values",
      "exampleCanonical" : "https://johnmoehrke.github.io/MHV-PGHD/StructureDefinition/VA.MHV.respirationRate"
    },
    {
      "extension" : [{
        "url" : "http://hl7.org/fhir/tools/StructureDefinition/resource-information",
        "valueString" : "Observation"
      }],
      "reference" : {
        "reference" : "Observation/ex-MHV-respirationRate-3"
      },
      "name" : "Example of an MHV respirationRate R4 observation",
      "description" : "Respiration Rate holding typical values",
      "exampleCanonical" : "https://johnmoehrke.github.io/MHV-PGHD/StructureDefinition/VA.MHV.respirationRate"
    },
    {
      "extension" : [{
        "url" : "http://hl7.org/fhir/tools/StructureDefinition/resource-information",
        "valueString" : "Observation"
      }],
      "reference" : {
        "reference" : "Observation/ex-MHV-temperature-0"
      },
      "name" : "Example of an MHV bodyTemperature R4 observation by mouth, no bodySite, no note",
      "description" : "holding typical values",
      "exampleCanonical" : "https://johnmoehrke.github.io/MHV-PGHD/StructureDefinition/VA.MHV.bodyTemperature"
    },
    {
      "extension" : [{
        "url" : "http://hl7.org/fhir/tools/StructureDefinition/resource-information",
        "valueString" : "Observation"
      }],
      "reference" : {
        "reference" : "Observation/ex-MHV-temperature-1"
      },
      "name" : "Example of an MHV bodyTemperature R4 observation by mouth",
      "description" : "holding typical values",
      "exampleCanonical" : "https://johnmoehrke.github.io/MHV-PGHD/StructureDefinition/VA.MHV.bodyTemperature"
    },
    {
      "extension" : [{
        "url" : "http://hl7.org/fhir/tools/StructureDefinition/resource-information",
        "valueString" : "Observation"
      }],
      "reference" : {
        "reference" : "Observation/ex-MHV-temperature-2"
      },
      "name" : "Example of an MHV bodyTemperature R4 observation by underarm",
      "description" : "holding typical values",
      "exampleCanonical" : "https://johnmoehrke.github.io/MHV-PGHD/StructureDefinition/VA.MHV.bodyTemperature"
    },
    {
      "extension" : [{
        "url" : "http://hl7.org/fhir/tools/StructureDefinition/resource-information",
        "valueString" : "Observation"
      }],
      "reference" : {
        "reference" : "Observation/ex-MHV-temperature-3"
      },
      "name" : "Example of an MHV bodyTemperature R4 observation by tongue",
      "description" : "holding typical values",
      "exampleCanonical" : "https://johnmoehrke.github.io/MHV-PGHD/StructureDefinition/VA.MHV.bodyTemperature"
    },
    {
      "extension" : [{
        "url" : "http://hl7.org/fhir/tools/StructureDefinition/resource-information",
        "valueString" : "Observation"
      }],
      "reference" : {
        "reference" : "Observation/ex-MHV-temperature-4"
      },
      "name" : "Example of an MHV bodyTemperature R4 observation by ear",
      "description" : "holding typical values",
      "exampleCanonical" : "https://johnmoehrke.github.io/MHV-PGHD/StructureDefinition/VA.MHV.bodyTemperature"
    },
    {
      "extension" : [{
        "url" : "http://hl7.org/fhir/tools/StructureDefinition/resource-information",
        "valueString" : "Observation"
      }],
      "reference" : {
        "reference" : "Observation/ex-MHV-temperature-5"
      },
      "name" : "Example of an MHV bodyTemperature R4 observation by rectum",
      "description" : "holding typical values",
      "exampleCanonical" : "https://johnmoehrke.github.io/MHV-PGHD/StructureDefinition/VA.MHV.bodyTemperature"
    },
    {
      "extension" : [{
        "url" : "http://hl7.org/fhir/tools/StructureDefinition/resource-information",
        "valueString" : "Observation"
      }],
      "reference" : {
        "reference" : "Observation/ex-MHV-temperature-6"
      },
      "name" : "Example of an MHV bodyTemperature R4 observation by tongue",
      "description" : "holding typical values",
      "exampleCanonical" : "https://johnmoehrke.github.io/MHV-PGHD/StructureDefinition/VA.MHV.bodyTemperature"
    },
    {
      "extension" : [{
        "url" : "http://hl7.org/fhir/tools/StructureDefinition/resource-information",
        "valueString" : "Observation"
      }],
      "reference" : {
        "reference" : "Observation/ex-MHV-temperature-7"
      },
      "name" : "Example of an non MHV bodyTemperature R4 observation by truck",
      "description" : "holding typical values",
      "exampleBoolean" : true
    },
    {
      "extension" : [{
        "url" : "http://hl7.org/fhir/tools/StructureDefinition/resource-information",
        "valueString" : "Observation"
      }],
      "reference" : {
        "reference" : "Observation/ex-MHV-weight"
      },
      "name" : "Example of an MHV bodyWeight R4 observation - pounds",
      "description" : "holding typical values\r\n\r\n- 185 pounds",
      "exampleCanonical" : "https://johnmoehrke.github.io/MHV-PGHD/StructureDefinition/VA.MHV.bodyWeight"
    },
    {
      "extension" : [{
        "url" : "http://hl7.org/fhir/tools/StructureDefinition/resource-information",
        "valueString" : "Observation"
      }],
      "reference" : {
        "reference" : "Observation/ex-MHV-weight-1"
      },
      "name" : "Example of an MHV bodyWeight R4 observation - kg\r\n\r\n- 81.5 kg",
      "description" : "holding typical values",
      "exampleCanonical" : "https://johnmoehrke.github.io/MHV-PGHD/StructureDefinition/VA.MHV.bodyWeight"
    },
    {
      "extension" : [{
        "url" : "http://hl7.org/fhir/tools/StructureDefinition/resource-information",
        "valueString" : "Observation"
      }],
      "reference" : {
        "reference" : "Observation/ex-bloodSugarB-106100"
      },
      "name" : "Example of an non-MHV blood sugar R4 observation, random blood glucose measurement",
      "description" : "holding atypical values",
      "exampleBoolean" : true
    },
    {
      "extension" : [{
        "url" : "http://hl7.org/fhir/tools/StructureDefinition/resource-information",
        "valueString" : "Observation"
      }],
      "reference" : {
        "reference" : "Observation/ex-bloodSugarB-106101"
      },
      "name" : "Example of an non-MHV blood sugar R4 observation, by urine",
      "description" : "holding atypical values",
      "exampleBoolean" : true
    },
    {
      "extension" : [{
        "url" : "http://hl7.org/fhir/tools/StructureDefinition/resource-information",
        "valueString" : "Observation"
      }],
      "reference" : {
        "reference" : "Observation/ex-bloodSugarB-106102"
      },
      "name" : "Example of an non-MHV blood sugar R4 observation, by self monitoring",
      "description" : "holding atypical values",
      "exampleBoolean" : true
    },
    {
      "extension" : [{
        "url" : "http://hl7.org/fhir/tools/StructureDefinition/resource-information",
        "valueString" : "Observation"
      }],
      "reference" : {
        "reference" : "Observation/ex-bloodSugarB-106103"
      },
      "name" : "Example of an non-MHV blood sugar R4 observation, by self supper time blood sugar measurement",
      "description" : "holding atypical values",
      "exampleBoolean" : true
    },
    {
      "extension" : [{
        "url" : "http://hl7.org/fhir/tools/StructureDefinition/resource-information",
        "valueString" : "Observation"
      }],
      "reference" : {
        "reference" : "Observation/ex-bloodSugarB-106104"
      },
      "name" : "Example of an non-MHV blood sugar R4 observation, with a coded eating",
      "description" : "holding atypical values",
      "exampleBoolean" : true
    },
    {
      "extension" : [{
        "url" : "http://hl7.org/fhir/tools/StructureDefinition/resource-information",
        "valueString" : "Observation"
      }],
      "reference" : {
        "reference" : "Observation/ex-bloodSugarB-106105"
      },
      "name" : "Example of an non-MHV blood sugar R4 observation, just one of the .code values (2339-0)",
      "description" : "holding atypical values",
      "exampleBoolean" : true
    },
    {
      "extension" : [{
        "url" : "http://hl7.org/fhir/tools/StructureDefinition/resource-information",
        "valueString" : "Observation"
      }],
      "reference" : {
        "reference" : "Observation/ex-bloodSugarB-106106"
      },
      "name" : "Example of an non-MHV blood sugar R4 observation, the second .code value (2345-7)",
      "description" : "holding atypical values",
      "exampleBoolean" : true
    },
    {
      "extension" : [{
        "url" : "http://hl7.org/fhir/tools/StructureDefinition/resource-information",
        "valueString" : "Encounter"
      }],
      "reference" : {
        "reference" : "Encounter/ex-encounter"
      },
      "name" : "Example Encounter",
      "description" : "holding typical values",
      "exampleBoolean" : true
    },
    {
      "extension" : [{
        "url" : "http://hl7.org/fhir/tools/StructureDefinition/resource-information",
        "valueString" : "FamilyMemberHistory"
      }],
      "reference" : {
        "reference" : "FamilyMemberHistory/ex-father"
      },
      "name" : "Example Father Family Member History",
      "description" : "Minimal details\n- Johannes Yakub Schmidt\n- Father\n- Male\n- born July 25, 1903 - estimated\n- deceased\n- note\n- conditions: Anxiety and Choroidal",
      "exampleCanonical" : "https://johnmoehrke.github.io/MHV-PGHD/StructureDefinition/VA.MHV.familymemberhistory"
    },
    {
      "extension" : [{
        "url" : "http://hl7.org/fhir/tools/StructureDefinition/resource-information",
        "valueString" : "FamilyMemberHistory"
      }],
      "reference" : {
        "reference" : "FamilyMemberHistory/ex-mother"
      },
      "name" : "Example Mother Family Member History",
      "description" : "Minimal details\n- Katherine Irene Schmidt\n- Mother\n- Female\n- note\n- conditions: Homiothermia and decreased hair growth",
      "exampleCanonical" : "https://johnmoehrke.github.io/MHV-PGHD/StructureDefinition/VA.MHV.familymemberhistory"
    },
    {
      "extension" : [{
        "url" : "http://hl7.org/fhir/tools/StructureDefinition/resource-information",
        "valueString" : "Observation"
      }],
      "reference" : {
        "reference" : "Observation/ex-other-oxygenSat-4"
      },
      "name" : "Example of an OxygenSat that is rumored to exist",
      "description" : "This is not coded as oxygen sat, but has a text. Rumored to be what SMHD might create.",
      "exampleBoolean" : true
    },
    {
      "extension" : [{
        "url" : "http://hl7.org/fhir/tools/StructureDefinition/resource-information",
        "valueString" : "Observation"
      }],
      "reference" : {
        "reference" : "Observation/ex-other-oxygenSat-8"
      },
      "name" : "Example of an oxygenSat R4 observation of 94% with a heart-rate and respiration-rate and pain",
      "description" : "Heart Rate holding typical values",
      "exampleBoolean" : true
    },
    {
      "extension" : [{
        "url" : "http://hl7.org/fhir/tools/StructureDefinition/resource-information",
        "valueString" : "Observation"
      }],
      "reference" : {
        "reference" : "Observation/ex-pain-11"
      },
      "name" : "Example of a non MHV pain R4 observation of 11",
      "description" : "holding invalid values",
      "exampleBoolean" : true
    },
    {
      "extension" : [{
        "url" : "http://hl7.org/fhir/tools/StructureDefinition/resource-information",
        "valueString" : "Observation"
      }],
      "reference" : {
        "reference" : "Observation/ex-pain-12"
      },
      "name" : "Example of a non MHV pain R4 observation of 37 degrees cel",
      "description" : "holding invalid values",
      "exampleBoolean" : true
    },
    {
      "extension" : [{
        "url" : "http://hl7.org/fhir/tools/StructureDefinition/resource-information",
        "valueString" : "Observation"
      }],
      "reference" : {
        "reference" : "Observation/ex-pain-13"
      },
      "name" : "Example of a pain R4 observation of 10. This is not fully compliant but MHV should see it",
      "description" : "holding typical values",
      "exampleBoolean" : true
    },
    {
      "extension" : [{
        "url" : "http://hl7.org/fhir/tools/StructureDefinition/resource-information",
        "valueString" : "Observation"
      }],
      "reference" : {
        "reference" : "Observation/ex-pain-14"
      },
      "name" : "Example of a non MHV pain R4 observation of 3.14159 (it is between 0-10, but is not an integer)",
      "description" : "holding invalid values",
      "exampleBoolean" : true
    },
    {
      "extension" : [{
        "url" : "http://hl7.org/fhir/tools/StructureDefinition/resource-information",
        "valueString" : "Observation"
      }],
      "reference" : {
        "reference" : "Observation/ex-pain-15"
      },
      "name" : "Example of a non MHV pain R4 observation of 10 (it has three codes)",
      "description" : "holding typical values",
      "exampleBoolean" : true
    },
    {
      "extension" : [{
        "url" : "http://hl7.org/fhir/tools/StructureDefinition/resource-information",
        "valueString" : "Patient"
      }],
      "reference" : {
        "reference" : "Patient/ex-patient"
      },
      "name" : "Dummy Patient example",
      "description" : "Dummy patient example for completeness sake. No actual use of this resource other than an example target",
      "exampleBoolean" : true
    },
    {
      "extension" : [{
        "url" : "http://hl7.org/fhir/tools/StructureDefinition/resource-information",
        "valueString" : "Practitioner"
      }],
      "reference" : {
        "reference" : "Practitioner/ex-practitioner"
      },
      "name" : "Example Practitioner",
      "description" : "holding typical values",
      "exampleBoolean" : true
    },
    {
      "extension" : [{
        "url" : "http://hl7.org/fhir/tools/StructureDefinition/resource-information",
        "valueString" : "FamilyMemberHistory"
      }],
      "reference" : {
        "reference" : "FamilyMemberHistory/ex-son"
      },
      "name" : "Example Son Family Member History",
      "description" : "Minimal details\n- John Jacob Schmidt\n- Son\n- twin\n- age 78\n- Male\n- note\n- conditions: scrotum wound and bladder continence",
      "exampleCanonical" : "https://johnmoehrke.github.io/MHV-PGHD/StructureDefinition/VA.MHV.familymemberhistory"
    },
    {
      "extension" : [{
        "url" : "http://hl7.org/fhir/tools/StructureDefinition/resource-information",
        "valueString" : "FamilyMemberHistory"
      }],
      "reference" : {
        "reference" : "FamilyMemberHistory/ex-son2"
      },
      "name" : "Example Second Son Family Member History",
      "description" : "Maximal details\n- John Jacob Schmidt\n- Son\n- twin\n- born 7/25/1943\n- Male\n- not adopted\n- not hispanic or latino\n- Irish\n- note\n- conditions: Meningitis leading to Meningoccermia at age 50s\n- conditions: bipolar",
      "exampleCanonical" : "https://johnmoehrke.github.io/MHV-PGHD/StructureDefinition/VA.MHV.familymemberhistory"
    },
    {
      "extension" : [{
        "url" : "http://hl7.org/fhir/tools/StructureDefinition/resource-information",
        "valueString" : "Observation"
      }],
      "reference" : {
        "reference" : "Observation/ex-temperature-10"
      },
      "name" : "Example of a non MHV bodyTemperature R4 observation by urinary bladder",
      "description" : "holding typical values",
      "exampleBoolean" : true
    },
    {
      "extension" : [{
        "url" : "http://hl7.org/fhir/tools/StructureDefinition/resource-information",
        "valueString" : "Observation"
      }],
      "reference" : {
        "reference" : "Observation/ex-temperature-11"
      },
      "name" : "Example of a non MHV bodyTemperature R4 observation with no site",
      "description" : "holding typical values",
      "exampleBoolean" : true
    },
    {
      "extension" : [{
        "url" : "http://hl7.org/fhir/tools/StructureDefinition/resource-information",
        "valueString" : "Observation"
      }],
      "reference" : {
        "reference" : "Observation/ex-temperature-12"
      },
      "name" : "Example of a non MHV bodyTemperature R4 observation by tongue over a period",
      "description" : "holding typical values",
      "exampleBoolean" : true
    },
    {
      "extension" : [{
        "url" : "http://hl7.org/fhir/tools/StructureDefinition/resource-information",
        "valueString" : "Observation"
      }],
      "reference" : {
        "reference" : "Observation/ex-temperature-8"
      },
      "name" : "Example of a non MHV bodyTemperature R4 observation by tongue",
      "description" : "holding typical values",
      "exampleBoolean" : true
    },
    {
      "extension" : [{
        "url" : "http://hl7.org/fhir/tools/StructureDefinition/resource-information",
        "valueString" : "Observation"
      }],
      "reference" : {
        "reference" : "Observation/ex-temperature-9"
      },
      "name" : "Example of a non MHV bodyTemperature R4 observation by forehead",
      "description" : "holding typical values",
      "exampleBoolean" : true
    },
    {
      "extension" : [{
        "url" : "http://hl7.org/fhir/tools/StructureDefinition/resource-information",
        "valueString" : "Observation"
      }],
      "reference" : {
        "reference" : "Observation/ex-weight-apple"
      },
      "name" : "Example of an Apple bodyWeight",
      "description" : "This observation does not use a dateTime, but rather a period. \n\nThis is similar to how Apple data looks.\n- note no category\n- note effectivePeriod with start and end that are equal",
      "exampleBoolean" : true
    },
    {
      "extension" : [{
        "url" : "http://hl7.org/fhir/tools/StructureDefinition/resource-information",
        "valueString" : "Observation"
      }],
      "reference" : {
        "reference" : "Observation/ex-weight-core"
      },
      "name" : "Example of an valid FHIR International bodyWeight R4 observation",
      "description" : "holding typical values. Should be close to the example body weight in the FHIR core specification",
      "exampleBoolean" : true
    },
    {
      "extension" : [{
        "url" : "http://hl7.org/fhir/tools/StructureDefinition/resource-information",
        "valueString" : "Observation"
      }],
      "reference" : {
        "reference" : "Observation/ex-weight-not-ucum"
      },
      "name" : "Example of an valid FHIR bodyWeight R4 observation",
      "description" : "holding typical value but NOT using ucum units of measure.",
      "exampleBoolean" : true
    },
    {
      "extension" : [{
        "url" : "http://hl7.org/fhir/tools/StructureDefinition/resource-information",
        "valueString" : "Observation"
      }],
      "reference" : {
        "reference" : "Observation/ex-weight-period"
      },
      "name" : "Example of an valid FHIR International bodyWeight R4 observation over a period",
      "description" : "This observation does not use a dateTime, but rather a period. \n\nThis is similar to how Apple data looks.\n- note no category\n- note effectivePeriod with start and end that are equal",
      "exampleBoolean" : true
    },
    {
      "extension" : [{
        "url" : "http://hl7.org/fhir/tools/StructureDefinition/resource-information",
        "valueString" : "Observation"
      }],
      "reference" : {
        "reference" : "Observation/ex-weight-period-end"
      },
      "name" : "Example of an valid FHIR International bodyWeight R4 observation over a period with just an end",
      "description" : "holding typical values. Should be close to the example body weight in the FHIR core specification. This observation does not use a dateTime, but rather a period with just an end.",
      "exampleBoolean" : true
    },
    {
      "extension" : [{
        "url" : "http://hl7.org/fhir/tools/StructureDefinition/resource-information",
        "valueString" : "Observation"
      }],
      "reference" : {
        "reference" : "Observation/ex-weight-period-start"
      },
      "name" : "Example of an valid FHIR International bodyWeight R4 observation over a period with just a start",
      "description" : "holding typical values. Should be close to the example body weight in the FHIR core specification. This observation does not use a dateTime, but rather a period with just a start.",
      "exampleBoolean" : true
    },
    {
      "extension" : [{
        "url" : "http://hl7.org/fhir/tools/StructureDefinition/resource-information",
        "valueString" : "Observation"
      }],
      "reference" : {
        "reference" : "Observation/ex-weight-stone"
      },
      "name" : "Example of an valid FHIR bodyWeight R4 observation",
      "description" : "holding typical stone values.",
      "exampleBoolean" : true
    },
    {
      "extension" : [{
        "url" : "http://hl7.org/fhir/tools/StructureDefinition/resource-information",
        "valueString" : "Observation"
      }],
      "reference" : {
        "reference" : "Observation/ex-weight-string"
      },
      "name" : "Example of an valid FHIR bodyWeight R4 observation",
      "description" : "holding typical value in a string.",
      "exampleBoolean" : true
    },
    {
      "extension" : [{
        "url" : "http://hl7.org/fhir/tools/StructureDefinition/resource-information",
        "valueString" : "FamilyMemberHistory"
      }],
      "reference" : {
        "reference" : "FamilyMemberHistory/ex-wife"
      },
      "name" : "Example Wife Family Member History",
      "description" : "Minimal details\n- Jania Luise Schmidt\n- Wife\n- Female\n- note\n- conditions: Pharyngitis and normal peripheral vision",
      "exampleCanonical" : "https://johnmoehrke.github.io/MHV-PGHD/StructureDefinition/VA.MHV.familymemberhistory"
    }],
    "page" : {
      "extension" : [{
        "url" : "http://hl7.org/fhir/StructureDefinition/structuredefinition-standards-status",
        "valueCode" : "informative"
      },
      {
        "url" : "http://hl7.org/fhir/tools/StructureDefinition/ig-page-name",
        "valueUrl" : "toc.html"
      }],
      "nameUrl" : "toc.html",
      "title" : "Table of Contents",
      "generation" : "html",
      "page" : [{
        "extension" : [{
          "url" : "http://hl7.org/fhir/StructureDefinition/structuredefinition-standards-status",
          "valueCode" : "informative"
        },
        {
          "url" : "http://hl7.org/fhir/tools/StructureDefinition/ig-page-name",
          "valueUrl" : "index.html"
        }],
        "nameUrl" : "index.html",
        "title" : "Home",
        "generation" : "markdown"
      },
      {
        "extension" : [{
          "url" : "http://hl7.org/fhir/StructureDefinition/structuredefinition-standards-status",
          "valueCode" : "informative"
        },
        {
          "url" : "http://hl7.org/fhir/tools/StructureDefinition/ig-page-name",
          "valueUrl" : "background.html"
        }],
        "nameUrl" : "background.html",
        "title" : "Background",
        "generation" : "markdown"
      },
      {
        "extension" : [{
          "url" : "http://hl7.org/fhir/StructureDefinition/structuredefinition-standards-status",
          "valueCode" : "informative"
        },
        {
          "url" : "http://hl7.org/fhir/tools/StructureDefinition/ig-page-name",
          "valueUrl" : "testplan.html"
        }],
        "nameUrl" : "testplan.html",
        "title" : "Test Plan",
        "generation" : "markdown"
      },
      {
        "extension" : [{
          "url" : "http://hl7.org/fhir/StructureDefinition/structuredefinition-standards-status",
          "valueCode" : "informative"
        },
        {
          "url" : "http://hl7.org/fhir/tools/StructureDefinition/ig-page-name",
          "valueUrl" : "downloads.html"
        }],
        "nameUrl" : "downloads.html",
        "title" : "Downloads",
        "generation" : "markdown"
      }]
    },
    "parameter" : [{
      "code" : "path-resource",
      "value" : "fsh-generated/resources"
    },
    {
      "code" : "path-resource",
      "value" : "input/examples"
    },
    {
      "code" : "path-resource",
      "value" : "input/resources"
    },
    {
      "code" : "path-resource",
      "value" : "input/capabilities"
    },
    {
      "code" : "path-resource",
      "value" : "input/extensions"
    },
    {
      "code" : "path-resource",
      "value" : "input/models"
    },
    {
      "code" : "path-resource",
      "value" : "input/operations"
    },
    {
      "code" : "path-resource",
      "value" : "input/profiles"
    },
    {
      "code" : "path-resource",
      "value" : "input/vocabulary"
    },
    {
      "code" : "path-resource",
      "value" : "input/testing"
    },
    {
      "code" : "path-resource",
      "value" : "input/history"
    },
    {
      "code" : "path-pages",
      "value" : "template/config"
    },
    {
      "code" : "path-pages",
      "value" : "input/images"
    },
    {
      "code" : "path-tx-cache",
      "value" : "input-cache/txcache"
    }]
  }
}