{
  "resourceType": "Observation",
  "id": "ex-MHV-temperature-3",
  "meta": {
    "profile": [
      "https://johnmoehrke.github.io/MHV-PGHD/StructureDefinition/VA.MHV.bodyTemperature"
    ],
    "tag": [
      {
        "system": "https://wiki.mobilehealth.va.gov/x/Onc1C",
        "code": "2ce6d9aa-c068-4809-8dda-662bcb16d09a"
      }
    ]
  },
  "text": {
    "status": "generated",
    "div": "<div xmlns=\"http://www.w3.org/1999/xhtml\"><p><b>Generated Narrative: Observation</b><a name=\"ex-MHV-temperature-3\"> </a></p><div style=\"display: inline-block; background-color: #d9e0e7; padding: 6px; margin: 4px; border: 1px solid #8da1b4; border-radius: 5px; line-height: 60%\"><p style=\"margin-bottom: 0px\">Resource Observation &quot;ex-MHV-temperature-3&quot; </p><p style=\"margin-bottom: 0px\">Profile: <a href=\"StructureDefinition-VA.MHV.bodyTemperature.html\">VA MHV Body Temperature Observation</a></p><p style=\"margin-bottom: 0px\">Tag: <span title=\"{https://wiki.mobilehealth.va.gov/x/Onc1C https://wiki.mobilehealth.va.gov/x/Onc1C}\">https://wiki.mobilehealth.va.gov/x/Onc1C</span></p></div><p><b>status</b>: final</p><p><b>category</b>: Vital Signs <span style=\"background: LightGoldenRodYellow; margin: 4px; border: 1px solid khaki\"> (<a href=\"http://terminology.hl7.org/4.0.0/CodeSystem-observation-category.html\">Observation Category Codes</a>#vital-signs)</span></p><p><b>code</b>: Body temperature <span style=\"background: LightGoldenRodYellow; margin: 4px; border: 1px solid khaki\"> (<a href=\"https://loinc.org/\">LOINC</a>#8310-5)</span></p><p><b>subject</b>: <a href=\"Patient-ex-patient.html\">Patient/ex-patient</a> &quot; SCHMIDT&quot;</p><p><b>effective</b>: 2004-12-25 11:50:50-0500</p><p><b>value</b>: 98.6 [degF]<span style=\"background: LightGoldenRodYellow\"> (Details: UCUM code [degF] = '[degF]')</span></p><p><b>note</b>: nice American temperature by tongue</p><p><b>bodySite</b>: Inferior surface of tongue <span style=\"background: LightGoldenRodYellow; margin: 4px; border: 1px solid khaki\"> (<a href=\"https://browser.ihtsdotools.org/\">SNOMED CT</a>#422005)</span></p></div>"
  },
  "status": "final",
  "category": [
    {
      "coding": [
        {
          "system": "http://terminology.hl7.org/CodeSystem/observation-category",
          "code": "vital-signs"
        }
      ]
    }
  ],
  "code": {
    "coding": [
      {
        "system": "http://loinc.org",
        "code": "8310-5",
        "display": "Body temperature"
      }
    ]
  },
  "subject": {
    "reference": "Patient/ex-patient"
  },
  "effectiveDateTime": "2004-12-25T23:50:50-05:00",
  "valueQuantity": {
    "value": 98.6,
    "system": "http://unitsofmeasure.org",
    "code": "[degF]"
  },
  "note": [
    {
      "text": "nice American temperature by tongue"
    }
  ],
  "bodySite": {
    "coding": [
      {
        "system": "http://snomed.info/sct",
        "code": "422005",
        "display": "Inferior surface of tongue"
      }
    ]
  }
}