{
  "resourceType": "Observation",
  "id": "blood-pressure",
  "meta": {
    "profile": [
      "http://hl7.org/fhir/StructureDefinition/vitalsigns"
    ]
  },
  "text": {
    "status": "generated",
    "div": "<div xmlns=\"http://www.w3.org/1999/xhtml\"><p><b>Generated Narrative</b></p><div style=\"display: inline-block; background-color: #d9e0e7; padding: 6px; margin: 4px; border: 1px solid #8da1b4; border-radius: 5px; line-height: 60%\"><p style=\"margin-bottom: 0px\">Resource \"blood-pressure\" </p><p style=\"margin-bottom: 0px\">Profile: <a href=\"http://hl7.org/fhir/R4/vitalsigns.html\">Vital Signs Profile</a></p></div><p><b>identifier</b>: id: urn:uuid:187e0c12-8dd2-67e2-99b2-bf273c878281</p><p><b>basedOn</b>: <span></span></p><p><b>status</b>: final</p><p><b>category</b>: Vital Signs <span style=\"background: LightGoldenRodYellow; margin: 4px; border: 1px solid khaki\"> (<a href=\"http://terminology.hl7.org/3.0.0/CodeSystem-observation-category.html\">Observation Category Codes</a>#vital-signs)</span></p><p><b>code</b>: Blood pressure systolic &amp; diastolic <span style=\"background: LightGoldenRodYellow; margin: 4px; border: 1px solid khaki\"> (<a href=\"https://loinc.org/\">LOINC</a>#85354-9 \"Blood pressure panel with all children optional\")</span></p><p><b>subject</b>: <a href=\"Patient-ex-patient.html\">Patient/ex-patient</a> \" SMITH\"</p><p><b>effective</b>: 2012-09-17</p><p><b>performer</b>: <a href=\"Practitioner-ex-practitioner.html\">Practitioner/ex-practitioner</a> \" PRACTITIONER\"</p><p><b>interpretation</b>: Below low normal <span style=\"background: LightGoldenRodYellow; margin: 4px; border: 1px solid khaki\"> (<a href=\"http://terminology.hl7.org/3.0.0/CodeSystem-v3-ObservationInterpretation.html\">ObservationInterpretation</a>#L \"low\")</span></p><p><b>bodySite</b>: Right arm <span style=\"background: LightGoldenRodYellow; margin: 4px; border: 1px solid khaki\"> (<a href=\"https://browser.ihtsdotools.org/\">SNOMED CT</a>#368209003)</span></p><blockquote><p><b>component</b></p><p><b>code</b>: Systolic blood pressure <span style=\"background: LightGoldenRodYellow; margin: 4px; border: 1px solid khaki\"> (<a href=\"https://loinc.org/\">LOINC</a>#8480-6; <a href=\"https://browser.ihtsdotools.org/\">SNOMED CT</a>#271649006; clinical-codes#bp-s \"Systolic Blood pressure\")</span></p><p><b>value</b>: 107 mmHg<span style=\"background: LightGoldenRodYellow\"> (Details: UCUM code mm[Hg] = 'mm[Hg]')</span></p><p><b>interpretation</b>: Normal <span style=\"background: LightGoldenRodYellow; margin: 4px; border: 1px solid khaki\"> (<a href=\"http://terminology.hl7.org/3.0.0/CodeSystem-v3-ObservationInterpretation.html\">ObservationInterpretation</a>#N \"normal\")</span></p></blockquote><blockquote><p><b>component</b></p><p><b>code</b>: Diastolic blood pressure <span style=\"background: LightGoldenRodYellow; margin: 4px; border: 1px solid khaki\"> (<a href=\"https://loinc.org/\">LOINC</a>#8462-4)</span></p><p><b>value</b>: 60 mmHg<span style=\"background: LightGoldenRodYellow\"> (Details: UCUM code mm[Hg] = 'mm[Hg]')</span></p><p><b>interpretation</b>: Below low normal <span style=\"background: LightGoldenRodYellow; margin: 4px; border: 1px solid khaki\"> (<a href=\"http://terminology.hl7.org/3.0.0/CodeSystem-v3-ObservationInterpretation.html\">ObservationInterpretation</a>#L \"low\")</span></p></blockquote></div>"
  },
  "identifier": [
    {
      "system": "urn:ietf:rfc:3986",
      "value": "urn:uuid:187e0c12-8dd2-67e2-99b2-bf273c878281"
    }
  ],
  "basedOn": [
    {
      "identifier": {
        "system": "https://acme.org/identifiers",
        "value": "1234"
      }
    }
  ],
  "status": "final",
  "category": [
    {
      "coding": [
        {
          "system": "http://terminology.hl7.org/CodeSystem/observation-category",
          "code": "vital-signs",
          "display": "Vital Signs"
        }
      ]
    }
  ],
  "code": {
    "coding": [
      {
        "system": "http://loinc.org",
        "code": "85354-9",
        "display": "Blood pressure panel with all children optional"
      }
    ],
    "text": "Blood pressure systolic & diastolic"
  },
  "subject": {
    "reference": "Patient/ex-patient"
  },
  "effectiveDateTime": "2012-09-17",
  "performer": [
    {
      "reference": "Practitioner/ex-practitioner"
    }
  ],
  "interpretation": [
    {
      "coding": [
        {
          "system": "http://terminology.hl7.org/CodeSystem/v3-ObservationInterpretation",
          "code": "L",
          "display": "low"
        }
      ],
      "text": "Below low normal"
    }
  ],
  "bodySite": {
    "coding": [
      {
        "system": "http://snomed.info/sct",
        "code": "368209003",
        "display": "Right arm"
      }
    ]
  },
  "component": [
    {
      "code": {
        "coding": [
          {
            "system": "http://loinc.org",
            "code": "8480-6",
            "display": "Systolic blood pressure"
          },
          {
            "system": "http://snomed.info/sct",
            "code": "271649006",
            "display": "Systolic blood pressure"
          },
          {
            "system": "http://acme.org/devices/clinical-codes",
            "code": "bp-s",
            "display": "Systolic Blood pressure"
          }
        ]
      },
      "valueQuantity": {
        "value": 107,
        "unit": "mmHg",
        "system": "http://unitsofmeasure.org",
        "code": "mm[Hg]"
      },
      "interpretation": [
        {
          "coding": [
            {
              "system": "http://terminology.hl7.org/CodeSystem/v3-ObservationInterpretation",
              "code": "N",
              "display": "normal"
            }
          ],
          "text": "Normal"
        }
      ]
    },
    {
      "code": {
        "coding": [
          {
            "system": "http://loinc.org",
            "code": "8462-4",
            "display": "Diastolic blood pressure"
          }
        ]
      },
      "valueQuantity": {
        "value": 60,
        "unit": "mmHg",
        "system": "http://unitsofmeasure.org",
        "code": "mm[Hg]"
      },
      "interpretation": [
        {
          "coding": [
            {
              "system": "http://terminology.hl7.org/CodeSystem/v3-ObservationInterpretation",
              "code": "L",
              "display": "low"
            }
          ],
          "text": "Below low normal"
        }
      ]
    }
  ]
}