{
  "resourceType": "Observation",
  "id": "ex-MHV-bloodSugarB-8",
  "meta": {
    "profile": [
      "https://johnmoehrke.github.io/MHV-PGHD/StructureDefinition/VA.MHV.bloodSugarB"
    ],
    "tag": [
      {
        "system": "https://wiki.mobilehealth.va.gov/x/Onc1C",
        "code": "2ce6d9aa-c068-4809-8dda-662bcb16d09a"
      }
    ]
  },
  "text": {
    "status": "generated",
    "div": "<div xmlns=\"http://www.w3.org/1999/xhtml\"><p><b>Generated Narrative</b></p><p></p><p><b>category</b>: <span title=\"Codes: {http://terminology.hl7.org/CodeSystem/observation-category vital-signs}\">Vital Signs</span></p><p><b>code</b>: <span title=\"Codes: {http://loinc.org 2339-0}, {http://loinc.org 2345-7}, {http://loinc.org 1556-0}, {http://loinc.org 6689-4}\">Glucose [Mass/volume] in Blood</span></p><p><b>subject</b>: <a href=\"Patient-ex-patient.html\">Generated Summary: Jack Smith </a></p><p><b>effective</b>: Dec 4, 2020 10:50:50 PM</p><p><b>value</b>: 100000 mg/dL</p><p><b>note</b>: nothing but sugar, unknown eating, by implant</p><p><b>method</b>: <span title=\"Codes: {http://snomed.info/sct 261373009}\">Implant technique</span></p></div>"
  },
  "status": "final",
  "category": [
    {
      "coding": [
        {
          "system": "http://terminology.hl7.org/CodeSystem/observation-category",
          "code": "vital-signs"
        }
      ]
    }
  ],
  "code": {
    "coding": [
      {
        "system": "http://loinc.org",
        "code": "2339-0"
      },
      {
        "system": "http://loinc.org",
        "code": "2345-7"
      },
      {
        "system": "http://loinc.org",
        "code": "1556-0"
      },
      {
        "system": "http://loinc.org",
        "code": "6689-4"
      }
    ]
  },
  "subject": {
    "reference": "Patient/ex-patient"
  },
  "effectiveDateTime": "2020-12-04T23:50:50-05:00",
  "valueQuantity": {
    "value": 100000,
    "system": "http://unitsofmeasure.org",
    "code": "mg/dL"
  },
  "note": [
    {
      "text": "nothing but sugar, unknown eating, by implant"
    }
  ],
  "method": {
    "coding": [
      {
        "system": "http://snomed.info/sct",
        "code": "261373009",
        "display": "Implant technique"
      }
    ]
  }
}