{
  "resourceType": "Observation",
  "id": "ex-MHV-oxygenSat-5",
  "meta": {
    "profile": [
      "https://johnmoehrke.github.io/MHV-PGHD/StructureDefinition/VA.MHV.bloodOxygenSat"
    ],
    "tag": [
      {
        "system": "https://wiki.mobilehealth.va.gov/x/Onc1C",
        "code": "2ce6d9aa-c068-4809-8dda-662bcb16d09a"
      }
    ]
  },
  "text": {
    "status": "generated",
    "div": "<div xmlns=\"http://www.w3.org/1999/xhtml\"><p><b>Generated Narrative</b></p><p></p><p><b>category</b>: <span title=\"Codes: {http://terminology.hl7.org/CodeSystem/observation-category vital-signs}\">Vital Signs</span></p><p><b>code</b>: <span title=\"Codes: {http://loinc.org 59408-5}, {http://loinc.org 2708-6}\">Oxygen saturation in Arterial blood by Pulse oximetry</span></p><p><b>subject</b>: <a href=\"Patient-ex-patient.html\">Generated Summary: Jack Smith </a></p><p><b>effective</b>: Dec 3, 2004 10:50:50 PM</p><p><b>value</b>: 65 %</p><p><b>note</b>: Way too low, clinically speaking</p><p><b>hasMember</b>: <a href=\"Observation-ex-MHV-heartRate-1.html\">Generated Summary: <span title=\"Codes: {http://terminology.hl7.org/CodeSystem/observation-category vital-signs}\">Vital Signs</span>; <span title=\"Codes: {http://loinc.org 8867-4}\">Heart rate</span>; effective: Dec 25, 2004 10:50:50 PM; 185 /min; a bit fast</a></p></div>"
  },
  "status": "final",
  "category": [
    {
      "coding": [
        {
          "system": "http://terminology.hl7.org/CodeSystem/observation-category",
          "code": "vital-signs"
        }
      ]
    }
  ],
  "code": {
    "coding": [
      {
        "system": "http://loinc.org",
        "code": "59408-5",
        "display": "Oxygen saturation in Arterial blood by Pulse oximetry"
      },
      {
        "system": "http://loinc.org",
        "code": "2708-6",
        "display": "Oxygen saturation in Arterial blood"
      }
    ]
  },
  "subject": {
    "reference": "Patient/ex-patient"
  },
  "effectiveDateTime": "2004-12-03T23:50:50-05:00",
  "valueQuantity": {
    "value": 65,
    "system": "http://unitsofmeasure.org",
    "code": "%"
  },
  "note": [
    {
      "text": "Way too low, clinically speaking"
    }
  ],
  "hasMember": [
    {
      "reference": "Observation/ex-MHV-heartRate-1"
    }
  ]
}