{
  "resourceType": "Observation",
  "id": "ex-MHV-temperature-2",
  "meta": {
    "profile": [
      "https://johnmoehrke.github.io/MHV-PGHD/StructureDefinition/VA.MHV.bodyTemperature"
    ],
    "tag": [
      {
        "system": "https://wiki.mobilehealth.va.gov/x/Onc1C",
        "code": "2ce6d9aa-c068-4809-8dda-662bcb16d09a"
      }
    ]
  },
  "text": {
    "status": "generated",
    "div": "<div xmlns=\"http://www.w3.org/1999/xhtml\"><p><b>Generated Narrative</b></p><p></p><p><b>category</b>: <span title=\"Codes: {http://terminology.hl7.org/CodeSystem/observation-category vital-signs}\">Vital Signs</span></p><p><b>code</b>: <span title=\"Codes: {http://loinc.org 8310-5}\">Body temperature</span></p><p><b>subject</b>: <a href=\"Patient-ex-patient.html\">Generated Summary: Jack Smith </a></p><p><b>effective</b>: Dec 25, 2004 10:50:50 PM</p><p><b>value</b>: 98.6 [degF]</p><p><b>note</b>: nice American temperature by underarm</p><p><b>bodySite</b>: <span title=\"Codes: {http://snomed.info/sct 362732006}\">Entire axillary region</span></p></div>"
  },
  "status": "final",
  "category": [
    {
      "coding": [
        {
          "system": "http://terminology.hl7.org/CodeSystem/observation-category",
          "code": "vital-signs"
        }
      ]
    }
  ],
  "code": {
    "coding": [
      {
        "system": "http://loinc.org",
        "code": "8310-5"
      }
    ]
  },
  "subject": {
    "reference": "Patient/ex-patient"
  },
  "effectiveDateTime": "2004-12-25T23:50:50-05:00",
  "valueQuantity": {
    "value": 98.6,
    "system": "http://unitsofmeasure.org",
    "code": "[degF]"
  },
  "note": [
    {
      "text": "nice American temperature by underarm"
    }
  ],
  "bodySite": {
    "coding": [
      {
        "system": "http://snomed.info/sct",
        "code": "362732006",
        "display": "Entire axillary region"
      }
    ]
  }
}