<?xml version="1.0" encoding="UTF-8"?>

<Observation xmlns="http://hl7.org/fhir">
  <id value="ex-MHV-bloodSugar-4"/>
  <meta>
    <profile value="https://johnmoehrke.github.io/MHV-PGHD/StructureDefinition/VA.MHV.bloodSugar"/>
    <tag>
      <system value="https://wiki.mobilehealth.va.gov/x/Onc1C"/>
      <code value="2ce6d9aa-c068-4809-8dda-662bcb16d09a"/>
    </tag>
  </meta>
  <text>
    <status value="generated"/><div xmlns="http://www.w3.org/1999/xhtml"><p><b>Generated Narrative</b></p><p></p><p><b>category</b>: <span title="Codes: {http://terminology.hl7.org/CodeSystem/observation-category vital-signs}">Vital Signs</span></p><p><b>code</b>: <span title="Codes: {http://loinc.org 2339-0}, {http://loinc.org 2345-7}">Glucose [Mass/volume] in Blood</span></p><p><b>subject</b>: <a href="Patient-example.html">Generated Summary: ICN: &lt;MVI ICN VALUE WITH CHECKSUM&gt;; Jack Smith , John Jacob Jingleheimer Smith (OFFICIAL), John Jacob Jingleheimer Smith (OFFICIAL)</a></p><p><b>effective</b>: Dec 25, 2004 10:50:50 PM</p><p><b>value</b>: 99 mg/dL</p><p><b>note</b>: a bit low, unknown eating, by lancet</p><p><b>method</b>: <span title="Codes: {http://snomed.info/sct 350810002}">Lancet</span></p><h3>Components</h3><table class="grid"><tr><td>-</td><td><b>Code</b></td><td><b>Value[x]</b></td></tr><tr><td>*</td><td><span title="Codes: {http://snomed.info/sct 162549003}">Eating routine (observable entity)</span></td><td>unknown</td></tr></table></div>
  </text>
  <status value="final"/>
  <category>
    <coding>
      <system value="http://terminology.hl7.org/CodeSystem/observation-category"/>
      <code value="vital-signs"/>
    </coding>
  </category>
  <code>
    <coding>
      <system value="http://loinc.org"/>
      <code value="2339-0"/>
    </coding>
    <coding>
      <system value="http://loinc.org"/>
      <code value="2345-7"/>
    </coding>
  </code>
  <subject>
    <reference value="Patient/example"/>
  </subject>
  <effectiveDateTime value="2004-12-25T23:50:50-05:00"/>
  <valueQuantity>
    <value value="99"/>
    <system value="http://unitsofmeasure.org"/>
    <code value="mg/dL"/>
  </valueQuantity>
  <note>
    <text value="a bit low, unknown eating, by lancet"/>
  </note>
  <method>
    <coding>
      <system value="http://snomed.info/sct"/>
      <code value="350810002"/>
      <display value="Lancet"/>
    </coding>
  </method>
  <component>
    <code>
      <coding>
        <system value="http://snomed.info/sct"/>
        <code value="162549003"/>
        <display value="Eating routine (observable entity)"/>
      </coding>
    </code>
    <valueString value="unknown"/>
  </component>
</Observation>