<?xml version="1.0" encoding="UTF-8"?>

<Observation xmlns="http://hl7.org/fhir">
  <id value="ad38c881-b73d-4b7a-b4ec-55980f4a21b0"/>
  <meta>
    <versionId value="1"/>
    <lastUpdated value="2020-06-02T15:46:25.107+00:00"/>
    <tag>
      <system value="https://wiki.mobilehealth.va.gov/display/PGDMS/Client+Provenance+Mapping"/>
      <code value="1e11b692-1898-4351-a7c5-428f61c91817"/>
      <display value="MobileKidney"/>
    </tag>
  </meta>
  <text>
    <status value="generated"/><div xmlns="http://www.w3.org/1999/xhtml"><p><b>Generated Narrative</b></p><div style="display: inline-block; background-color: #d9e0e7; padding: 6px; margin: 4px; border: 1px solid #8da1b4; border-radius: 5px; line-height: 60%"><p style="margin-bottom: 0px">Resource "ad38c881-b73d-4b7a-b4ec-55980f4a21b0" Version "1" Updated "2020-06-02 03:46:25+0000" </p><p style="margin-bottom: 0px">Tag: <span title="{https://wiki.mobilehealth.va.gov/display/PGDMS/Client+Provenance+Mapping https://wiki.mobilehealth.va.gov/display/PGDMS/Client+Provenance+Mapping}">https://wiki.mobilehealth.va.gov/display/PGDMS/Client+Provenance+Mapping</span></p></div><p><b>status</b>: preliminary</p><p><b>code</b>: Glucose [Mass/volume] in Blood <span style="background: LightGoldenRodYellow; margin: 4px; border: 1px solid khaki"> (<a href="https://loinc.org/">LOINC</a>#2339-0; <a href="https://loinc.org/">LOINC</a>#2345-7 "Glucose [Mass/volume] in Serum or Plasma")</span></p><p><b>subject</b>: <a href="Patient-ex-patient.html">Patient/ex-patient</a> " SCHMIDT"</p><p><b>effective</b>: 2020-06-02 10:45:00-0500</p><p><b>value</b>: 259 mg/dl</p><p><b>note</b>: Record added in MobileKidney</p><h3>Components</h3><table class="grid"><tr><td>-</td><td><b>Code</b></td><td><b>Value[x]</b></td></tr><tr><td>*</td><td>Eating routine (observable entity) <span style="background: LightGoldenRodYellow; margin: 4px; border: 1px solid khaki"> (<a href="https://browser.ihtsdotools.org/">SNOMED CT</a>#162549003)</span></td><td>After Meal</td></tr></table></div>
  </text>
  <status value="preliminary"/>
  <code>
    <coding>
      <system value="http://loinc.org"/>
      <code value="2339-0"/>
      <display value="Glucose [Mass/volume] in Blood"/>
    </coding>
    <coding>
      <system value="http://loinc.org"/>
      <code value="2345-7"/>
      <display value="Glucose [Mass/volume] in Serum or Plasma"/>
    </coding>
  </code>
  <subject>
    <reference value="Patient/ex-patient"/>
  </subject>
  <effectiveDateTime value="2020-06-02T10:45:00-05:00"/>
  <valueQuantity>
    <value value="259"/>
    <unit value="mg/dl"/>
  </valueQuantity>
  <note>
    <text value="Record added in MobileKidney"/>
  </note>
  <component>
    <code>
      <coding>
        <system value="http://snomed.info/sct"/>
        <code value="162549003"/>
        <display value="Eating routine (observable entity)"/>
      </coding>
    </code>
    <valueString value="After Meal"/>
  </component>
</Observation>