{
  "resourceType": "Observation",
  "id": "blood-pressure",
  "meta": {
    "profile": [
      "http://hl7.org/fhir/StructureDefinition/vitalsigns"
    ]
  },
  "text": {
    "status": "generated",
    "div": "<div xmlns=\"http://www.w3.org/1999/xhtml\"><p> <b> Generated Narrative with Details</b> </p> <p> <b> id</b> : blood-pressure</p> <p> <b> meta</b> : </p> <p> <b> identifier</b> : urn:uuid:187e0c12-8dd2-67e2-99b2-bf273c878281</p> <p> <b> basedOn</b> : </p> <p> <b> status</b> : final</p> <p> <b> category</b> : Vital Signs <span> (Details : {http://terminology.hl7.org/CodeSystem/observation-category code 'vital-signs'\n           = 'Vital Signs', given as 'Vital Signs'})</span> </p> <p> <b> code</b> : Blood pressure systolic &amp; diastolic <span> (Details : {LOINC code '85354-9' = 'Blood pressure panel with all children optional',\n           given as 'Blood pressure panel with all children optional'})</span> </p> <p> <b> subject</b> : <a> Patient/example</a> </p> <p> <b> effective</b> : 17/09/2012</p> <p> <b> performer</b> : <a> Practitioner/example</a> </p> <p> <b> interpretation</b> : Below low normal <span> (Details : {http://terminology.hl7.org/CodeSystem/v3-ObservationInterpretation code 'L'\n           = 'Low', given as 'low'})</span> </p> <p> <b> bodySite</b> : Right arm <span> (Details : {SNOMED CT code '368209003' = 'Right upper arm', given as 'Right arm'})</span> </p> <blockquote> <p> <b> component</b> </p> <p> <b> code</b> : Systolic blood pressure <span> (Details : {LOINC code '8480-6' = 'Systolic blood pressure', given as 'Systolic blood\n             pressure'}; {SNOMED CT code '271649006' = 'Systolic blood pressure', given as 'Systolic\n             blood pressure'}; {http://acme.org/devices/clinical-codes code 'bp-s' = 'bp-s', given\n             as 'Systolic Blood pressure'})</span> </p> <p> <b> value</b> : 107 mmHg<span>  (Details: UCUM code mm[Hg] = 'mmHg')</span> </p> <p> <b> interpretation</b> : Normal <span> (Details : {http://terminology.hl7.org/CodeSystem/v3-ObservationInterpretation code 'N'\n             = 'Normal', given as 'normal'})</span> </p> </blockquote> <blockquote> <p> <b> component</b> </p> <p> <b> code</b> : Diastolic blood pressure <span> (Details : {LOINC code '8462-4' = 'Diastolic blood pressure', given as 'Diastolic blood\n             pressure'})</span> </p> <p> <b> value</b> : 60 mmHg<span>  (Details: UCUM code mm[Hg] = 'mmHg')</span> </p> <p> <b> interpretation</b> : Below low normal <span> (Details : {http://terminology.hl7.org/CodeSystem/v3-ObservationInterpretation code 'L'\n             = 'Low', given as 'low'})</span> </p> </blockquote> </div>"
  },
  "identifier": [
    {
      "system": "urn:ietf:rfc:3986",
      "value": "urn:uuid:187e0c12-8dd2-67e2-99b2-bf273c878281"
    }
  ],
  "basedOn": [
    {
      "identifier": {
        "system": "https://acme.org/identifiers",
        "value": "1234"
      }
    }
  ],
  "status": "final",
  "category": [
    {
      "coding": [
        {
          "system": "http://terminology.hl7.org/CodeSystem/observation-category",
          "code": "vital-signs",
          "display": "Vital Signs"
        }
      ]
    }
  ],
  "code": {
    "coding": [
      {
        "system": "http://loinc.org",
        "code": "85354-9",
        "display": "Blood pressure panel with all children optional"
      }
    ],
    "text": "Blood pressure systolic & diastolic"
  },
  "subject": {
    "reference": "Patient/ex-patient"
  },
  "effectiveDateTime": "2012-09-17",
  "performer": [
    {
      "reference": "Practitioner/ex-practitioner"
    }
  ],
  "interpretation": [
    {
      "coding": [
        {
          "system": "http://terminology.hl7.org/CodeSystem/v3-ObservationInterpretation",
          "code": "L",
          "display": "low"
        }
      ],
      "text": "Below low normal"
    }
  ],
  "bodySite": {
    "coding": [
      {
        "system": "http://snomed.info/sct",
        "code": "368209003",
        "display": "Right arm"
      }
    ]
  },
  "component": [
    {
      "code": {
        "coding": [
          {
            "system": "http://loinc.org",
            "code": "8480-6",
            "display": "Systolic blood pressure"
          },
          {
            "system": "http://snomed.info/sct",
            "code": "271649006",
            "display": "Systolic blood pressure"
          },
          {
            "system": "http://acme.org/devices/clinical-codes",
            "code": "bp-s",
            "display": "Systolic Blood pressure"
          }
        ]
      },
      "valueQuantity": {
        "value": 107,
        "unit": "mmHg",
        "system": "http://unitsofmeasure.org",
        "code": "mm[Hg]"
      },
      "interpretation": [
        {
          "coding": [
            {
              "system": "http://terminology.hl7.org/CodeSystem/v3-ObservationInterpretation",
              "code": "N",
              "display": "normal"
            }
          ],
          "text": "Normal"
        }
      ]
    },
    {
      "code": {
        "coding": [
          {
            "system": "http://loinc.org",
            "code": "8462-4",
            "display": "Diastolic blood pressure"
          }
        ]
      },
      "valueQuantity": {
        "value": 60,
        "unit": "mmHg",
        "system": "http://unitsofmeasure.org",
        "code": "mm[Hg]"
      },
      "interpretation": [
        {
          "coding": [
            {
              "system": "http://terminology.hl7.org/CodeSystem/v3-ObservationInterpretation",
              "code": "L",
              "display": "low"
            }
          ],
          "text": "Below low normal"
        }
      ]
    }
  ]
}