{
  "resourceType": "Observation",
  "id": "ad38c881-b73d-4b7a-b4ec-55980f4a21b0",
  "meta": {
    "versionId": "1",
    "lastUpdated": "2020-06-02T15:46:25.107+00:00",
    "tag": [
      {
        "system": "https://wiki.mobilehealth.va.gov/display/PGDMS/Client+Provenance+Mapping",
        "code": "1e11b692-1898-4351-a7c5-428f61c91817",
        "display": "MobileKidney"
      }
    ]
  },
  "text": {
    "status": "generated",
    "div": "<div xmlns=\"http://www.w3.org/1999/xhtml\"><p><b>Generated Narrative</b></p><p><b>status</b>: preliminary</p><p><b>code</b>: <span title=\"Codes: {http://loinc.org 2339-0}, {http://loinc.org 2345-7}\">Glucose [Mass/volume] in Blood</span></p><p><b>subject</b>: <a href=\"Patient-example.html\">Generated Summary: ICN: &lt;MVI ICN VALUE WITH CHECKSUM&gt;; Jack Smith , John Jacob Jingleheimer Smith (OFFICIAL), John Jacob Jingleheimer Smith (OFFICIAL)</a></p><p><b>effective</b>: Jun 2, 2020 10:45:00 AM</p><p><b>value</b>: 259 mg/dl</p><p><b>note</b>: Record added in MobileKidney</p><h3>Components</h3><table class=\"grid\"><tr><td>-</td><td><b>Code</b></td><td><b>Value[x]</b></td></tr><tr><td>*</td><td><span title=\"Codes: {http://snomed.info/sct 162549003}\">Eating routine (observable entity)</span></td><td>After Meal</td></tr></table></div>"
  },
  "status": "preliminary",
  "code": {
    "coding": [
      {
        "system": "http://loinc.org",
        "code": "2339-0",
        "display": "Glucose [Mass/volume] in Blood"
      },
      {
        "system": "http://loinc.org",
        "code": "2345-7",
        "display": "Glucose [Mass/volume] in Serum or Plasma"
      }
    ]
  },
  "subject": {
    "reference": "Patient/example"
  },
  "effectiveDateTime": "2020-06-02T10:45:00-05:00",
  "valueQuantity": {
    "value": 259,
    "unit": "mg/dl"
  },
  "note": [
    {
      "text": "Record added in MobileKidney"
    }
  ],
  "component": [
    {
      "code": {
        "coding": [
          {
            "system": "http://snomed.info/sct",
            "code": "162549003",
            "display": "Eating routine (observable entity)"
          }
        ]
      },
      "valueString": "After Meal"
    }
  ]
}