{
  "resourceType": "Observation",
  "id": "632210f2-1866-4c01-a8c5-4abe37c0f6b7",
  "meta": {
    "versionId": "4",
    "lastUpdated": "2020-08-25T14:46:54.062+00:00",
    "profile": [
      "https://johnmoehrke.github.io/MHV-PGHD/StructureDefinition/VA.MHV.bloodPressure"
    ],
    "tag": [
      {
        "system": "https://wiki.mobilehealth.va.gov/x/Onc1C",
        "code": "2ce6d9aa-c068-4809-8dda-662bcb16d09a",
        "display": "MyHealtheVet"
      }
    ]
  },
  "text": {
    "status": "generated",
    "div": "<div xmlns=\"http://www.w3.org/1999/xhtml\"><p><b>Generated Narrative</b></p><p></p><p><b>category</b>: <span title=\"Codes: {http://terminology.hl7.org/CodeSystem/observation-category vital-signs}\">Vital Signs</span></p><p><b>code</b>: <span title=\"Codes: {http://loinc.org 55284-4}, {http://loinc.org 8716-3}\">Blood pressure systolic and diastolic</span></p><p><b>subject</b>: <a href=\"Patient-example.html\">Generated Summary: ICN: &lt;MVI ICN VALUE WITH CHECKSUM&gt;; Jack Smith , John Jacob Jingleheimer Smith (OFFICIAL), John Jacob Jingleheimer Smith (OFFICIAL)</a></p><p><b>effective</b>: Aug 25, 2020 6:20:00 AM</p><p><b>note</b>: Test0724-Sit-Mob-correction-Sit-Mod</p><blockquote><p><b>component</b></p><p><b>code</b>: <span title=\"Codes: {http://loinc.org 8480-6}\">Systolic blood pressure</span></p><p><b>value</b>: 124 mmHg</p></blockquote><blockquote><p><b>component</b></p><p><b>code</b>: <span title=\"Codes: {http://loinc.org 8462-4}\">Diastolic blood pressure</span></p><p><b>value</b>: 74 mmHg</p></blockquote><blockquote><p><b>component</b></p><p><b>code</b>: <span title=\"Codes: {http://loinc.org 8867-4}\">Heart rate</span></p><p><b>value</b>: 74 beats/minute</p></blockquote><blockquote><p><b>component</b></p><p><b>code</b>: <span title=\"Codes: {http://loinc.org 69000-8}\">Heart rate --sitting</span></p><p><b>value</b>: Sitting</p></blockquote></div>"
  },
  "status": "final",
  "category": [
    {
      "coding": [
        {
          "system": "http://terminology.hl7.org/CodeSystem/observation-category",
          "code": "vital-signs",
          "display": "Vital Signs"
        }
      ]
    }
  ],
  "code": {
    "coding": [
      {
        "system": "http://loinc.org",
        "code": "55284-4",
        "display": "Blood pressure systolic and diastolic"
      },
      {
        "system": "http://loinc.org",
        "code": "8716-3",
        "display": "Vital Signs"
      }
    ]
  },
  "subject": {
    "reference": "Patient/example"
  },
  "effectiveDateTime": "2020-08-25T07:20:00-04:00",
  "note": [
    {
      "text": "Test0724-Sit-Mob-correction-Sit-Mod"
    }
  ],
  "component": [
    {
      "code": {
        "coding": [
          {
            "system": "http://loinc.org",
            "code": "8480-6",
            "display": "Systolic blood pressure"
          }
        ]
      },
      "valueQuantity": {
        "value": 124,
        "unit": "mmHg",
        "system": "http://unitsofmeasure.org",
        "code": "mm[Hg]"
      }
    },
    {
      "code": {
        "coding": [
          {
            "system": "http://loinc.org",
            "code": "8462-4",
            "display": "Diastolic blood pressure"
          }
        ]
      },
      "valueQuantity": {
        "value": 74,
        "unit": "mmHg",
        "system": "http://unitsofmeasure.org",
        "code": "mm[Hg]"
      }
    },
    {
      "code": {
        "coding": [
          {
            "system": "http://loinc.org",
            "code": "8867-4",
            "display": "Heart rate"
          }
        ]
      },
      "valueQuantity": {
        "value": 74,
        "unit": "beats/minute",
        "system": "http://unitsofmeasure.org",
        "code": "/min"
      }
    },
    {
      "code": {
        "coding": [
          {
            "system": "http://loinc.org",
            "code": "69000-8",
            "display": "Heart rate --sitting"
          }
        ]
      },
      "valueString": "Sitting"
    }
  ]
}