{
  "resourceType": "Observation",
  "id": "ex-MHV-bloodPressure-end",
  "text": {
    "status": "generated",
    "div": "<div xmlns=\"http://www.w3.org/1999/xhtml\"><p><b>Generated Narrative: Observation</b><a name=\"ex-MHV-bloodPressure-end\"> </a></p><div style=\"display: inline-block; background-color: #d9e0e7; padding: 6px; margin: 4px; border: 1px solid #8da1b4; border-radius: 5px; line-height: 60%\"><p style=\"margin-bottom: 0px\">Resource Observation &quot;ex-MHV-bloodPressure-end&quot; </p></div><p><b>status</b>: final</p><p><b>category</b>: Vital Signs <span style=\"background: LightGoldenRodYellow; margin: 4px; border: 1px solid khaki\"> (<a href=\"http://terminology.hl7.org/4.0.0/CodeSystem-observation-category.html\">Observation Category Codes</a>#vital-signs)</span></p><p><b>code</b>: Blood pressure systolic and diastolic <span style=\"background: LightGoldenRodYellow; margin: 4px; border: 1px solid khaki\"> (<a href=\"https://loinc.org/\">LOINC</a>#55284-4)</span></p><p><b>subject</b>: <a href=\"Patient-ex-patient.html\">Patient/ex-patient</a> &quot; SCHMIDT&quot;</p><p><b>effective</b>: ?? --&gt; 2004-12-25 11:50:50-0500</p><p><b>note</b>: a minimal blood pressure only Period.end</p><p><b>hasMember</b>: <a href=\"Observation-ex-MHV-heartRate-1.html\">Observation/ex-MHV-heartRate-1</a></p><blockquote><p><b>component</b></p><p><b>code</b>: Systolic blood pressure <span style=\"background: LightGoldenRodYellow; margin: 4px; border: 1px solid khaki\"> (<a href=\"https://loinc.org/\">LOINC</a>#8480-6)</span></p><p><b>value</b>: 140 mm[Hg]<span style=\"background: LightGoldenRodYellow\"> (Details: UCUM code mm[Hg] = 'mm[Hg]')</span></p></blockquote><blockquote><p><b>component</b></p><p><b>code</b>: Diastolic blood pressure <span style=\"background: LightGoldenRodYellow; margin: 4px; border: 1px solid khaki\"> (<a href=\"https://loinc.org/\">LOINC</a>#8462-4)</span></p><p><b>value</b>: 90 mm[Hg]<span style=\"background: LightGoldenRodYellow\"> (Details: UCUM code mm[Hg] = 'mm[Hg]')</span></p></blockquote></div>"
  },
  "status": "final",
  "category": [
    {
      "coding": [
        {
          "system": "http://terminology.hl7.org/CodeSystem/observation-category",
          "code": "vital-signs",
          "display": "Vital Signs"
        }
      ]
    }
  ],
  "code": {
    "coding": [
      {
        "system": "http://loinc.org",
        "code": "55284-4",
        "display": "Blood pressure systolic and diastolic"
      }
    ]
  },
  "subject": {
    "reference": "Patient/ex-patient"
  },
  "effectivePeriod": {
    "end": "2004-12-25T23:50:50-05:00"
  },
  "note": [
    {
      "text": "a minimal blood pressure only Period.end"
    }
  ],
  "hasMember": [
    {
      "reference": "Observation/ex-MHV-heartRate-1"
    }
  ],
  "component": [
    {
      "code": {
        "coding": [
          {
            "system": "http://loinc.org",
            "code": "8480-6",
            "display": "Systolic blood pressure"
          }
        ]
      },
      "valueQuantity": {
        "value": 140,
        "system": "http://unitsofmeasure.org",
        "code": "mm[Hg]"
      }
    },
    {
      "code": {
        "coding": [
          {
            "system": "http://loinc.org",
            "code": "8462-4",
            "display": "Diastolic blood pressure"
          }
        ]
      },
      "valueQuantity": {
        "value": 90,
        "system": "http://unitsofmeasure.org",
        "code": "mm[Hg]"
      }
    }
  ]
}