{
  "resourceType": "Observation",
  "id": "ex-MHV-bloodSugarB-106108",
  "meta": {
    "profile": [
      "https://johnmoehrke.github.io/MHV-PGHD/StructureDefinition/VA.MHV.bloodSugar"
    ],
    "tag": [
      {
        "system": "https://wiki.mobilehealth.va.gov/x/Onc1C",
        "code": "2ce6d9aa-c068-4809-8dda-662bcb16d09a"
      }
    ]
  },
  "text": {
    "status": "generated",
    "div": "<div xmlns=\"http://www.w3.org/1999/xhtml\"><p><b>Generated Narrative</b></p><p></p><p><b>category</b>: <span title=\"Codes: {http://terminology.hl7.org/CodeSystem/observation-category vital-signs}\">Vital Signs</span></p><p><b>code</b>: <span title=\"Codes: {http://loinc.org 2339-0}\">Glucose [Mass/volume] in Blood</span></p><p><b>subject</b>: <a href=\"Patient-ex-patient.html\">Generated Summary: Jack Smith </a></p><p><b>effective</b>: Dec 4, 2020 10:50:50 PM</p><p><b>value</b>: 1001 mg/dL</p><p><b>note</b>: a lot high, no indicated method, no indicated eating</p></div>"
  },
  "status": "final",
  "category": [
    {
      "coding": [
        {
          "system": "http://terminology.hl7.org/CodeSystem/observation-category",
          "code": "vital-signs"
        }
      ]
    }
  ],
  "code": {
    "coding": [
      {
        "system": "http://loinc.org",
        "code": "2339-0"
      }
    ]
  },
  "subject": {
    "reference": "Patient/ex-patient"
  },
  "effectiveDateTime": "2020-12-04T23:50:50-05:00",
  "valueQuantity": {
    "value": 1001,
    "system": "http://unitsofmeasure.org",
    "code": "mg/dL"
  },
  "note": [
    {
      "text": "a lot high, no indicated method, no indicated eating"
    }
  ]
}