<?xml version="1.0" encoding="UTF-8"?>

<Observation xmlns="http://hl7.org/fhir">
  <id value="ex-bloodSugarB-106102"/>
  <meta>
    <tag>
      <system value="https://wiki.mobilehealth.va.gov/x/Onc1C"/>
      <code value="2ce6d9aa-c068-4809-8dda-662bcb16d09a"/>
    </tag>
  </meta>
  <text>
    <status value="generated"/><div xmlns="http://www.w3.org/1999/xhtml"><p><b>Generated Narrative</b></p><p></p><p><b>category</b>: <span title="Codes: {http://terminology.hl7.org/CodeSystem/observation-category laboratory}">Laboratory</span></p><p><b>code</b>: <span title="Codes: {http://loinc.org 2339-0}">Glucose [Mass/volume] in Blood</span></p><p><b>subject</b>: <a href="Patient-ex-patient.html">Generated Summary: Jack Smith </a></p><p><b>effective</b>: Dec 4, 2020 10:50:50 PM</p><p><b>value</b>: 100 mg/dL</p><p><b>note</b>: non-MHV normal by self monitoring</p><p><b>method</b>: <span title="Codes: {http://snomed.info/sct 308113006}">Self-monitoring of blood glucose (procedure)</span></p></div>
  </text>
  <status value="final"/>
  <category>
    <coding>
      <system value="http://terminology.hl7.org/CodeSystem/observation-category"/>
      <code value="laboratory"/>
    </coding>
  </category>
  <code>
    <coding>
      <system value="http://loinc.org"/>
      <code value="2339-0"/>
      <display value="Glucose [Mass/volume] in Blood"/>
    </coding>
  </code>
  <subject>
    <reference value="Patient/ex-patient"/>
  </subject>
  <effectiveDateTime value="2020-12-04T23:50:50-05:00"/>
  <valueQuantity>
    <value value="100"/>
    <system value="http://unitsofmeasure.org"/>
    <code value="mg/dL"/>
  </valueQuantity>
  <note>
    <text value="non-MHV normal by self monitoring"/>
  </note>
  <method>
    <coding>
      <system value="http://snomed.info/sct"/>
      <code value="308113006"/>
      <display value="Self-monitoring of blood glucose (procedure)"/>
    </coding>
  </method>
</Observation>