<?xml version="1.0" encoding="UTF-8"?>

<Observation xmlns="http://hl7.org/fhir">
  <id value="ex-bloodSugarB-106105"/>
  <meta>
    <tag>
      <system value="https://wiki.mobilehealth.va.gov/x/Onc1C"/>
      <code value="2ce6d9aa-c068-4809-8dda-662bcb16d09a"/>
    </tag>
  </meta>
  <text>
    <status value="generated"/><div xmlns="http://www.w3.org/1999/xhtml"><p><b>Generated Narrative</b></p><div style="display: inline-block; background-color: #d9e0e7; padding: 6px; margin: 4px; border: 1px solid #8da1b4; border-radius: 5px; line-height: 60%"><p style="margin-bottom: 0px">Resource "ex-bloodSugarB-106105" </p><p style="margin-bottom: 0px">Tag: <span title="{https://wiki.mobilehealth.va.gov/x/Onc1C https://wiki.mobilehealth.va.gov/x/Onc1C}">https://wiki.mobilehealth.va.gov/x/Onc1C</span></p></div><p><b>status</b>: final</p><p><b>category</b>: Laboratory <span style="background: LightGoldenRodYellow; margin: 4px; border: 1px solid khaki"> (<a href="http://terminology.hl7.org/3.1.0/CodeSystem-observation-category.html">Observation Category Codes</a>#laboratory)</span></p><p><b>code</b>: Glucose [Mass/volume] in Blood <span style="background: LightGoldenRodYellow; margin: 4px; border: 1px solid khaki"> (<a href="https://loinc.org/">LOINC</a>#2339-0; <a href="https://loinc.org/">LOINC</a>#1556-0)</span></p><p><b>subject</b>: <a href="Patient-ex-patient.html">Patient/ex-patient</a> " SMITH"</p><p><b>effective</b>: 2020-12-04 11:50:50-0500</p><p><b>value</b>: 100 mg/dL<span style="background: LightGoldenRodYellow"> (Details: UCUM code mg/dL = 'mg/dL')</span></p><p><b>note</b>: non-MHV normal by supper time blood sugar measurement, just one of the .code values (2339-0)</p><p><b>method</b>: Supper time blood sugar measurement (procedure) <span style="background: LightGoldenRodYellow; margin: 4px; border: 1px solid khaki"> (<a href="https://browser.ihtsdotools.org/">SNOMED CT</a>#271064007)</span></p></div>
  </text>
  <status value="final"/>
  <category>
    <coding>
      <system value="http://terminology.hl7.org/CodeSystem/observation-category"/>
      <code value="laboratory"/>
    </coding>
  </category>
  <code>
    <coding>
      <system value="http://loinc.org"/>
      <code value="2339-0"/>
      <display value="Glucose [Mass/volume] in Blood"/>
    </coding>
    <coding>
      <system value="http://loinc.org"/>
      <code value="1556-0"/>
    </coding>
  </code>
  <subject>
    <reference value="Patient/ex-patient"/>
  </subject>
  <effectiveDateTime value="2020-12-04T23:50:50-05:00"/>
  <valueQuantity>
    <value value="100"/>
    <system value="http://unitsofmeasure.org"/>
    <code value="mg/dL"/>
  </valueQuantity>
  <note>
    <text value="non-MHV normal by supper time blood sugar measurement, just one of the .code values (2339-0)"/>
  </note>
  <method>
    <coding>
      <system value="http://snomed.info/sct"/>
      <code value="271064007"/>
      <display value="Supper time blood sugar measurement (procedure)"/>
    </coding>
  </method>
</Observation>