{
  "resourceType": "Patient",
  "id": "example",
  "text": {
    "status": "generated",
    "div": "<div xmlns=\"http://www.w3.org/1999/xhtml\"><p><b>Generated Narrative</b></p><p><b>name</b>: Jack Smith , John Jacob Jingleheimer Smith (OFFICIAL), John Jacob Jingleheimer Smith (OFFICIAL)</p></div>"
  },
  "name": [
    {
      "use": "usual",
      "family": "Smith",
      "given": [
        "Jack"
      ]
    },
    {
      "use": "official",
      "family": "Smith",
      "given": [
        "John",
        "Jacob",
        "Jingleheimer"
      ],
      "period": {
        "end": "2001-01-01"
      }
    },
    {
      "use": "official",
      "family": "Smith",
      "given": [
        "John",
        "Jacob",
        "Jingleheimer"
      ],
      "period": {
        "start": "2001-01-01"
      }
    }
  ]
}