{
  "resourceType": "ValueSet",
  "id": "mhv-body-temperature-sites",
  "text": {
    "status": "generated",
    "div": "<div xmlns=\"http://www.w3.org/1999/xhtml\"><ul><li>Include these codes as defined in <a href=\"http://www.snomed.org/\"><code>http://snomed.info/sct</code></a><table class=\"none\"><tr><td style=\"white-space:nowrap\"><b>Code</b></td><td><b>Display</b></td></tr><tr><td><a href=\"http://browser.ihtsdotools.org/?perspective=full&amp;conceptId1=422005\">422005</a></td><td>Inferior surface of tongue</td></tr><tr><td><a href=\"http://browser.ihtsdotools.org/?perspective=full&amp;conceptId1=362732006\">362732006</a></td><td>Entire axillary region</td></tr><tr><td><a href=\"http://browser.ihtsdotools.org/?perspective=full&amp;conceptId1=1910005\">1910005</a></td><td>Entire ear</td></tr><tr><td><a href=\"http://browser.ihtsdotools.org/?perspective=full&amp;conceptId1=21082005\">21082005</a></td><td>Entire mouth region</td></tr><tr><td><a href=\"http://browser.ihtsdotools.org/?perspective=full&amp;conceptId1=181261002\">181261002</a></td><td>Entire rectum</td></tr></table></li></ul></div>"
  },
  "url": "https://johnmoehrke.github.io/MHV-PGHD/ValueSet/mhv-body-temperature-sites",
  "version": "0.2.2",
  "name": "MHVbodyTemperatureSites",
  "title": "The body temperature measurement sites that MHV supports",
  "status": "active",
  "date": "2020-11-20T08:58:31-06:00",
  "contact": [
    {
      "name": "John Moehrke"
    }
  ],
  "description": "These are the SNOMED body sites that MHV supports.",
  "compose": {
    "include": [
      {
        "system": "http://snomed.info/sct",
        "concept": [
          {
            "code": "422005",
            "display": "Inferior surface of tongue"
          },
          {
            "code": "362732006",
            "display": "Entire axillary region"
          },
          {
            "code": "1910005",
            "display": "Entire ear"
          },
          {
            "code": "21082005",
            "display": "Entire mouth region"
          },
          {
            "code": "181261002",
            "display": "Entire rectum"
          }
        ]
      }
    ]
  }
}