{
  "resourceType": "AllergyIntolerance",
  "id": "ex-MHV-allergy-0",
  "meta": {
    "profile": [
      "https://johnmoehrke.github.io/MHV-PGHD/StructureDefinition/VA.MHV.allergy"
    ],
    "tag": [
      {
        "system": "https://wiki.mobilehealth.va.gov/x/Onc1C",
        "code": "2ce6d9aa-c068-4809-8dda-662bcb16d09a"
      }
    ]
  },
  "text": {
    "status": "generated",
    "div": "<div xmlns=\"http://www.w3.org/1999/xhtml\"><p><b>Generated Narrative</b></p><p><b>clinicalStatus</b>: <span title=\"Codes: {http://terminology.hl7.org/CodeSystem/allergyintolerance-clinical active}\">Active</span></p><p><b>verificationStatus</b>: <span title=\"Codes: {http://terminology.hl7.org/CodeSystem/allergyintolerance-verification unconfirmed}\">Unconfirmed</span></p><p><b>type</b>: allergy</p><p><b>category</b>: medication</p><p><b>code</b>: <span title=\"Codes: {http://snomed.info/sct 293586001}\">Aspirin allergy</span></p><p><b>patient</b>: <a href=\"Patient-ex-patient.html\">Generated Summary: Jack Smith </a></p><p><b>onset</b>: Dec 25, 2020 10:50:50 PM</p><p><b>recordedDate</b>: Dec 25, 2020 10:50:50 PM</p><p><b>recorder</b>: <a href=\"Patient-ex-patient.html\">Generated Summary: Jack Smith </a></p><p><b>asserter</b>: <a href=\"Patient-ex-patient.html\">Generated Summary: Jack Smith </a></p><p><b>note</b>: hard to breath, but able to</p><h3>Reactions</h3><table class=\"grid\"><tr><td>-</td><td><b>Manifestation</b></td><td><b>Description</b></td></tr><tr><td>*</td><td><span title=\"Codes: {http://snomed.info/sct 39579001}\">Anaphylaxis</span></td><td>Anaphylaxis</td></tr></table></div>"
  },
  "clinicalStatus": {
    "coding": [
      {
        "system": "http://terminology.hl7.org/CodeSystem/allergyintolerance-clinical",
        "code": "active"
      }
    ]
  },
  "verificationStatus": {
    "coding": [
      {
        "system": "http://terminology.hl7.org/CodeSystem/allergyintolerance-verification",
        "code": "unconfirmed"
      }
    ]
  },
  "type": "allergy",
  "category": [
    "medication"
  ],
  "code": {
    "coding": [
      {
        "system": "http://snomed.info/sct",
        "code": "293586001",
        "display": "Aspirin allergy"
      }
    ]
  },
  "patient": {
    "reference": "Patient/ex-patient"
  },
  "onsetDateTime": "2020-12-25T23:50:50-05:00",
  "recordedDate": "2020-12-25T23:50:50-05:00",
  "recorder": {
    "reference": "Patient/ex-patient"
  },
  "asserter": {
    "reference": "Patient/ex-patient"
  },
  "note": [
    {
      "text": "hard to breath, but able to"
    }
  ],
  "reaction": [
    {
      "manifestation": [
        {
          "coding": [
            {
              "system": "http://snomed.info/sct",
              "code": "39579001",
              "display": "Anaphylaxis"
            }
          ]
        }
      ],
      "description": "Anaphylaxis"
    }
  ]
}