{
  "resourceType": "FamilyMemberHistory",
  "id": "ex-son",
  "meta": {
    "profile": [
      "https://johnmoehrke.github.io/MHV-PGHD/StructureDefinition/VA.MHV.familymemberhistory"
    ],
    "tag": [
      {
        "system": "https://wiki.mobilehealth.va.gov/x/Onc1C",
        "code": "2ce6d9aa-c068-4809-8dda-662bcb16d09a"
      }
    ]
  },
  "text": {
    "status": "extensions",
    "div": "<div xmlns=\"http://www.w3.org/1999/xhtml\"><p><b>Generated Narrative: FamilyMemberHistory</b><a name=\"ex-son\"> </a></p><div style=\"display: inline-block; background-color: #d9e0e7; padding: 6px; margin: 4px; border: 1px solid #8da1b4; border-radius: 5px; line-height: 60%\"><p style=\"margin-bottom: 0px\">Resource FamilyMemberHistory &quot;ex-son&quot; </p><p style=\"margin-bottom: 0px\">Profile: <a href=\"StructureDefinition-VA.MHV.familymemberhistory.html\">VA MHV FamilyMemberHistory</a></p><p style=\"margin-bottom: 0px\">Tag: <span title=\"{https://wiki.mobilehealth.va.gov/x/Onc1C https://wiki.mobilehealth.va.gov/x/Onc1C}\">https://wiki.mobilehealth.va.gov/x/Onc1C</span></p></div><p><b>MultiBirth indication</b>: 2</p><p><b>status</b>: completed</p><p><b>patient</b>: <a href=\"Patient-ex-patient.html\">Patient/ex-patient</a> &quot; SCHMIDT&quot;</p><p><b>date</b>: 2022-04-08</p><p><b>name</b>: John Jacob Schmidt</p><p><b>relationship</b>: natural son <span style=\"background: LightGoldenRodYellow; margin: 4px; border: 1px solid khaki\"> (<a href=\"http://terminology.hl7.org/4.0.0/CodeSystem-v3-RoleCode.html\">RoleCode</a>#SON)</span></p><p><b>sex</b>: Male <span style=\"background: LightGoldenRodYellow; margin: 4px; border: 1px solid khaki\"> (<a href=\"http://hl7.org/fhir/R4/codesystem-administrative-gender.html\">AdministrativeGender</a>#male)</span></p><p><b>age</b>: 78</p><p><b>estimatedAge</b>: true</p><p><b>note</b>: but of course there must be a son named John Jacob...</p><blockquote><p><b>condition</b></p><p><b>code</b>: Superficial foreign body of scrotum without major open wound but with infection <span style=\"background: LightGoldenRodYellow; margin: 4px; border: 1px solid khaki\"> (<a href=\"https://browser.ihtsdotools.org/\">SNOMED CT</a>#147001)</span></p></blockquote><blockquote><p><b>condition</b></p><p><b>code</b>: Abnormal bladder continence <span style=\"background: LightGoldenRodYellow; margin: 4px; border: 1px solid khaki\"> (<a href=\"https://browser.ihtsdotools.org/\">SNOMED CT</a>#150003)</span></p></blockquote></div>"
  },
  "extension": [
    {
      "url": "https://johnmoehrke.github.io/MHV-PGHD/StructureDefinition/FM-MultiBirth",
      "valueInteger": 2
    }
  ],
  "status": "completed",
  "patient": {
    "reference": "Patient/ex-patient"
  },
  "date": "2022-04-08",
  "name": "John Jacob Schmidt",
  "relationship": {
    "coding": [
      {
        "system": "http://terminology.hl7.org/CodeSystem/v3-RoleCode",
        "code": "SON",
        "display": "natural son"
      }
    ]
  },
  "sex": {
    "coding": [
      {
        "system": "http://hl7.org/fhir/administrative-gender",
        "code": "male",
        "display": "Male"
      }
    ]
  },
  "ageString": "78",
  "estimatedAge": true,
  "note": [
    {
      "text": "but of course there must be a son named John Jacob..."
    }
  ],
  "condition": [
    {
      "code": {
        "coding": [
          {
            "system": "http://snomed.info/sct",
            "code": "147001",
            "display": "Superficial foreign body of scrotum without major open wound but with infection"
          }
        ]
      }
    },
    {
      "code": {
        "coding": [
          {
            "system": "http://snomed.info/sct",
            "code": "150003",
            "display": "Abnormal bladder continence"
          }
        ]
      }
    }
  ]
}