{
  "resourceType": "FamilyMemberHistory",
  "id": "ex-mother",
  "meta": {
    "profile": [
      "https://johnmoehrke.github.io/MHV-PGHD/StructureDefinition/VA.MHV.familymemberhistory"
    ],
    "tag": [
      {
        "system": "https://wiki.mobilehealth.va.gov/x/Onc1C",
        "code": "2ce6d9aa-c068-4809-8dda-662bcb16d09a"
      }
    ]
  },
  "text": {
    "status": "generated",
    "div": "<div xmlns=\"http://www.w3.org/1999/xhtml\"><p><b>Generated Narrative: FamilyMemberHistory</b><a name=\"ex-mother\"> </a></p><div style=\"display: inline-block; background-color: #d9e0e7; padding: 6px; margin: 4px; border: 1px solid #8da1b4; border-radius: 5px; line-height: 60%\"><p style=\"margin-bottom: 0px\">Resource FamilyMemberHistory &quot;ex-mother&quot; </p><p style=\"margin-bottom: 0px\">Profile: <a href=\"StructureDefinition-VA.MHV.familymemberhistory.html\">VA MHV FamilyMemberHistory</a></p><p style=\"margin-bottom: 0px\">Tag: <span title=\"{https://wiki.mobilehealth.va.gov/x/Onc1C https://wiki.mobilehealth.va.gov/x/Onc1C}\">https://wiki.mobilehealth.va.gov/x/Onc1C</span></p></div><p><b>status</b>: completed</p><p><b>patient</b>: <a href=\"Patient-ex-patient.html\">Patient/ex-patient</a> &quot; SCHMIDT&quot;</p><p><b>date</b>: 2022-04-08</p><p><b>name</b>: Katherine Irene Schmidt</p><p><b>relationship</b>: mother <span style=\"background: LightGoldenRodYellow; margin: 4px; border: 1px solid khaki\"> (<a href=\"http://terminology.hl7.org/4.0.0/CodeSystem-v3-RoleCode.html\">RoleCode</a>#MTH)</span></p><p><b>sex</b>: Female <span style=\"background: LightGoldenRodYellow; margin: 4px; border: 1px solid khaki\"> (<a href=\"http://hl7.org/fhir/R4/codesystem-administrative-gender.html\">AdministrativeGender</a>#female)</span></p><p><b>note</b>: His mother, Katherine Irene Schmidt, (nee O'Cleary) was an immigrant from Ireland, who had left the &quot;Auld Sod&quot; back in 1849 as a young girl escaping the Potato Famine. She worked at the Broadhurst Manor Hotel as a maid, dishwasher, and cook's helper, saving every penny possible.</p><blockquote><p><b>condition</b></p><p><b>code</b>: Spontaneous abortion with laceration of cervix <span style=\"background: LightGoldenRodYellow; margin: 4px; border: 1px solid khaki\"> (<a href=\"https://browser.ihtsdotools.org/\">SNOMED CT</a>#127009)</span></p></blockquote><blockquote><p><b>condition</b></p><p><b>code</b>: Decreased hair growth <span style=\"background: LightGoldenRodYellow; margin: 4px; border: 1px solid khaki\"> (<a href=\"https://browser.ihtsdotools.org/\">SNOMED CT</a>#134006)</span></p></blockquote></div>"
  },
  "status": "completed",
  "patient": {
    "reference": "Patient/ex-patient"
  },
  "date": "2022-04-08",
  "name": "Katherine Irene Schmidt",
  "relationship": {
    "coding": [
      {
        "system": "http://terminology.hl7.org/CodeSystem/v3-RoleCode",
        "code": "MTH",
        "display": "mother"
      }
    ]
  },
  "sex": {
    "coding": [
      {
        "system": "http://hl7.org/fhir/administrative-gender",
        "code": "female",
        "display": "Female"
      }
    ]
  },
  "note": [
    {
      "text": "His mother, Katherine Irene Schmidt, (nee O'Cleary) was an immigrant from Ireland, who had left the \"Auld Sod\" back in 1849 as a young girl escaping the Potato Famine. She worked at the Broadhurst Manor Hotel as a maid, dishwasher, and cook's helper, saving every penny possible."
    }
  ],
  "condition": [
    {
      "code": {
        "coding": [
          {
            "system": "http://snomed.info/sct",
            "code": "127009",
            "display": "Spontaneous abortion with laceration of cervix"
          }
        ]
      }
    },
    {
      "code": {
        "coding": [
          {
            "system": "http://snomed.info/sct",
            "code": "134006",
            "display": "Decreased hair growth"
          }
        ]
      }
    }
  ]
}