{
  "resourceType": "FamilyMemberHistory",
  "id": "ex-son2",
  "meta": {
    "profile": [
      "https://johnmoehrke.github.io/MHV-PGHD/StructureDefinition/VA.MHV.familymemberhistory"
    ],
    "tag": [
      {
        "system": "https://wiki.mobilehealth.va.gov/x/Onc1C",
        "code": "2ce6d9aa-c068-4809-8dda-662bcb16d09a"
      }
    ]
  },
  "text": {
    "status": "extensions",
    "div": "<div xmlns=\"http://www.w3.org/1999/xhtml\"><p><b>Generated Narrative</b></p><div style=\"display: inline-block; background-color: #d9e0e7; padding: 6px; margin: 4px; border: 1px solid #8da1b4; border-radius: 5px; line-height: 60%\"><p style=\"margin-bottom: 0px\">Resource \"ex-son2\" </p><p style=\"margin-bottom: 0px\">Profile: <a href=\"StructureDefinition-VA.MHV.familymemberhistory.html\">VA MHV FamilyMemberHistory</a></p><p style=\"margin-bottom: 0px\">Tag: <span title=\"{https://wiki.mobilehealth.va.gov/x/Onc1C https://wiki.mobilehealth.va.gov/x/Onc1C}\">https://wiki.mobilehealth.va.gov/x/Onc1C</span></p></div><p><b>MultiBirth indication</b>: 2</p><p><b>Adopted indication</b>: false</p><p><b>Ethnicity</b>: Not Hispanic or Latino <span style=\"background: LightGoldenRodYellow; margin: 4px; border: 1px solid khaki\"> (<a href=\"http://terminology.hl7.org/3.1.0/CodeSystem-v3-Ethnicity.html\">Ethnicity</a>#2186-5)</span></p><p><b>Race</b>: Irish <span style=\"background: LightGoldenRodYellow; margin: 4px; border: 1px solid khaki\"> (<a href=\"http://terminology.hl7.org/3.1.0/CodeSystem-v3-Race.html\">Race</a>#2113-9)</span></p><p><b>status</b>: completed</p><p><b>patient</b>: <a href=\"Patient-ex-patient.html\">Patient/ex-patient</a> \" SCHMIDT\"</p><p><b>date</b>: 2022-04-08</p><p><b>name</b>: John Jacob Schmidt</p><p><b>relationship</b>: natural son <span style=\"background: LightGoldenRodYellow; margin: 4px; border: 1px solid khaki\"> (<a href=\"http://terminology.hl7.org/3.1.0/CodeSystem-v3-RoleCode.html\">RoleCode</a>#SON)</span></p><p><b>sex</b>: Male <span style=\"background: LightGoldenRodYellow; margin: 4px; border: 1px solid khaki\"> (<a href=\"http://hl7.org/fhir/R4/codesystem-administrative-gender.html\">AdministrativeGender</a>#male)</span></p><p><b>born</b>: 1943-07-25</p><p><b>note</b>: but of course there must be a son named John Jacob...</p><blockquote><p><b>condition</b></p><p><b>code</b>: Meningitis due to gonococcus <span style=\"background: LightGoldenRodYellow; margin: 4px; border: 1px solid khaki\"> (<a href=\"https://browser.ihtsdotools.org/\">SNOMED CT</a>#151004)</span></p><p><b>outcome</b>: Meningococcemia <span style=\"background: LightGoldenRodYellow; margin: 4px; border: 1px solid khaki\"> (<a href=\"https://browser.ihtsdotools.org/\">SNOMED CT</a>#4089001)</span></p><p><b>contributedToDeath</b>: false</p><p><b>onset</b>: 50s</p></blockquote><blockquote><p><b>condition</b></p><p><b>code</b>: Severe manic bipolar I disorder without psychotic features <span style=\"background: LightGoldenRodYellow; margin: 4px; border: 1px solid khaki\"> (<a href=\"https://browser.ihtsdotools.org/\">SNOMED CT</a>#162004)</span></p></blockquote></div>"
  },
  "extension": [
    {
      "url": "https://johnmoehrke.github.io/MHV-PGHD/StructureDefinition/FM-MultiBirth",
      "valueInteger": 2
    },
    {
      "url": "https://johnmoehrke.github.io/MHV-PGHD/StructureDefinition/FM-Adopted",
      "valueBoolean": false
    },
    {
      "url": "https://johnmoehrke.github.io/MHV-PGHD/StructureDefinition/FM-Ethnicity",
      "valueCodeableConcept": {
        "coding": [
          {
            "system": "http://terminology.hl7.org/CodeSystem/v3-Ethnicity",
            "code": "2186-5",
            "display": "Not Hispanic or Latino"
          }
        ]
      }
    },
    {
      "url": "https://johnmoehrke.github.io/MHV-PGHD/StructureDefinition/FM-Race",
      "valueCodeableConcept": {
        "coding": [
          {
            "system": "http://terminology.hl7.org/CodeSystem/v3-Race",
            "code": "2113-9",
            "display": "Irish"
          }
        ]
      }
    }
  ],
  "status": "completed",
  "patient": {
    "reference": "Patient/ex-patient"
  },
  "date": "2022-04-08",
  "name": "John Jacob Schmidt",
  "relationship": {
    "coding": [
      {
        "system": "http://terminology.hl7.org/CodeSystem/v3-RoleCode",
        "code": "SON",
        "display": "natural son"
      }
    ]
  },
  "sex": {
    "coding": [
      {
        "system": "http://hl7.org/fhir/administrative-gender",
        "code": "male",
        "display": "Male"
      }
    ]
  },
  "bornDate": "1943-07-25",
  "note": [
    {
      "text": "but of course there must be a son named John Jacob..."
    }
  ],
  "condition": [
    {
      "code": {
        "coding": [
          {
            "system": "http://snomed.info/sct",
            "code": "151004",
            "display": "Meningitis due to gonococcus"
          }
        ]
      },
      "outcome": {
        "coding": [
          {
            "system": "http://snomed.info/sct",
            "code": "4089001",
            "display": "Meningococcemia"
          }
        ]
      },
      "contributedToDeath": false,
      "onsetString": "50s"
    },
    {
      "code": {
        "coding": [
          {
            "system": "http://snomed.info/sct",
            "code": "162004",
            "display": "Severe manic bipolar I disorder without psychotic features"
          }
        ]
      }
    }
  ]
}