{
  "resourceType" : "MedicationStatement",
  "id" : "ex-MHV-medication-0",
  "meta" : {
    "profile" : ["https://johnmoehrke.github.io/MHV-PGHD/StructureDefinition/VA.MHV.medication"],
    "tag" : [{
      "system" : "https://wiki.mobilehealth.va.gov/x/Onc1C",
      "code" : "2ce6d9aa-c068-4809-8dda-662bcb16d09a"
    }]
  },
  "text" : {
    "status" : "generated",
    "div" : "<div xmlns=\"http://www.w3.org/1999/xhtml\"><p><b>Generated Narrative: MedicationStatement</b><a name=\"ex-MHV-medication-0\"> </a></p><div style=\"display: inline-block; background-color: #d9e0e7; padding: 6px; margin: 4px; border: 1px solid #8da1b4; border-radius: 5px; line-height: 60%\"><p style=\"margin-bottom: 0px\">Resource MedicationStatement &quot;ex-MHV-medication-0&quot; </p><p style=\"margin-bottom: 0px\">Profile: <a href=\"StructureDefinition-VA.MHV.medication.html\">VA MHV Medication</a></p><p style=\"margin-bottom: 0px\">Tag: <span title=\"{https://wiki.mobilehealth.va.gov/x/Onc1C https://wiki.mobilehealth.va.gov/x/Onc1C}\">https://wiki.mobilehealth.va.gov/x/Onc1C</span></p></div><p><b>identifier</b>: id:\u00a01234</p><p><b>basedOn</b>: <a name=\"in-Request\"> </a></p><blockquote><p/><p><a name=\"in-Request\"> </a></p><p><b>identifier</b>: id:\u00a01234</p><p><b>status</b>: active</p><p><b>intent</b>: order</p><p><b>medication</b>: Tylenol <span style=\"background: LightGoldenRodYellow; margin: 4px; border: 1px solid khaki\"> ()</span></p><p><b>subject</b>: <a href=\"Patient-ex-patient.html\">Patient/ex-patient</a> &quot; SCHMIDT&quot;</p><p><b>requester</b>: <span>: Dr. Prancy Practitioner</span></p></blockquote><p><b>partOf</b>: <a name=\"in-Dispense\"> </a></p><blockquote><p/><p><a name=\"in-Dispense\"> </a></p><p><b>status</b>: unknown</p><p><b>medication</b>: Tylenol <span style=\"background: LightGoldenRodYellow; margin: 4px; border: 1px solid khaki\"> ()</span></p><h3>Performers</h3><table class=\"grid\"><tr><td style=\"display: none\">-</td><td><b>Actor</b></td></tr><tr><td style=\"display: none\">*</td><td><a href=\"#in-Pharmacy\">#in-Pharmacy</a></td></tr></table></blockquote><p><b>status</b>: active</p><p><b>category</b>: Patient Specified <span style=\"background: LightGoldenRodYellow; margin: 4px; border: 1px solid khaki\"> (<a href=\"http://hl7.org/fhir/R4/codesystem-medication-statement-category.html\">Medication usage category codes</a>#patientspecified)</span></p><p><b>medication</b>: Tylenol <span style=\"background: LightGoldenRodYellow; margin: 4px; border: 1px solid khaki\"> ()</span></p><p><b>subject</b>: <a href=\"Patient-ex-patient.html\">Patient/ex-patient</a> &quot; SCHMIDT&quot;</p><p><b>effective</b>: 2004-12-25 --&gt; 2021-12-25</p><p><b>dateAsserted</b>: 2020-11-24</p><p><b>reasonCode</b>: Body pains <span style=\"background: LightGoldenRodYellow; margin: 4px; border: 1px solid khaki\"> ()</span></p><p><b>note</b>: a minimal medication</p><blockquote><p><b>dosage</b></p><p><b>text</b>: 1 tablet</p><p><b>route</b>: Oral route <span style=\"background: LightGoldenRodYellow; margin: 4px; border: 1px solid khaki\"> (<a href=\"https://browser.ihtsdotools.org/\">SNOMED CT</a>#26643006)</span></p><blockquote><p><b>doseAndRate</b></p></blockquote></blockquote><hr/><blockquote><p><b>Generated Narrative: Organization #in-Pharmacy</b><a name=\"in-Pharmacy\"> </a></p><p><b>type</b>: Pharmacy <span style=\"background: LightGoldenRodYellow; margin: 4px; border: 1px solid khaki\"> ()</span></p><p><b>name</b>: CVS</p><p><b>telecom</b>: <a href=\"tel:+17773339998\">+17773339998</a></p></blockquote><hr/><blockquote><p><b>Generated Narrative: MedicationDispense #in-Dispense</b><a name=\"in-Dispense\"> </a></p><p><b>status</b>: unknown</p><p><b>medication</b>: Tylenol <span style=\"background: LightGoldenRodYellow; margin: 4px; border: 1px solid khaki\"> ()</span></p><h3>Performers</h3><table class=\"grid\"><tr><td style=\"display: none\">-</td><td><b>Actor</b></td></tr><tr><td style=\"display: none\">*</td><td><a href=\"#in-Pharmacy\">#in-Pharmacy</a></td></tr></table></blockquote><hr/><blockquote><p><b>Generated Narrative: MedicationRequest #in-Request</b><a name=\"in-Request\"> </a></p><p><b>identifier</b>: id:\u00a01234</p><p><b>status</b>: active</p><p><b>intent</b>: order</p><p><b>medication</b>: Tylenol <span style=\"background: LightGoldenRodYellow; margin: 4px; border: 1px solid khaki\"> ()</span></p><p><b>subject</b>: <a href=\"Patient-ex-patient.html\">Patient/ex-patient</a> &quot; SCHMIDT&quot;</p><p><b>requester</b>: <span>: Dr. Prancy Practitioner</span></p></blockquote></div>"
  },
  "contained" : [{
    "resourceType" : "Organization",
    "id" : "in-Pharmacy",
    "type" : [{
      "text" : "Pharmacy"
    }],
    "name" : "CVS",
    "telecom" : [{
      "system" : "phone",
      "value" : "+17773339998"
    }]
  },
  {
    "resourceType" : "MedicationDispense",
    "id" : "in-Dispense",
    "status" : "unknown",
    "medicationCodeableConcept" : {
      "text" : "Tylenol"
    },
    "performer" : [{
      "actor" : {
        "reference" : "#in-Pharmacy"
      }
    }]
  },
  {
    "resourceType" : "MedicationRequest",
    "id" : "in-Request",
    "identifier" : [{
      "value" : "1234"
    }],
    "status" : "active",
    "intent" : "order",
    "medicationCodeableConcept" : {
      "text" : "Tylenol"
    },
    "subject" : {
      "reference" : "Patient/ex-patient"
    },
    "requester" : {
      "display" : "Dr. Prancy Practitioner"
    }
  }],
  "identifier" : [{
    "value" : "1234"
  }],
  "basedOn" : [{
    "reference" : "#in-Request"
  }],
  "partOf" : [{
    "reference" : "#in-Dispense"
  }],
  "status" : "active",
  "category" : {
    "coding" : [{
      "system" : "http://terminology.hl7.org/CodeSystem/medication-statement-category",
      "code" : "patientspecified"
    }]
  },
  "medicationCodeableConcept" : {
    "text" : "Tylenol"
  },
  "subject" : {
    "reference" : "Patient/ex-patient"
  },
  "effectivePeriod" : {
    "start" : "2004-12-25",
    "end" : "2021-12-25"
  },
  "dateAsserted" : "2020-11-24",
  "reasonCode" : [{
    "text" : "Body pains"
  }],
  "note" : [{
    "text" : "a minimal medication"
  }],
  "dosage" : [{
    "text" : "1 tablet",
    "route" : {
      "coding" : [{
        "system" : "http://snomed.info/sct",
        "code" : "26643006"
      }]
    },
    "doseAndRate" : [{
      "doseQuantity" : {
        "value" : 1,
        "unit" : "Capsule",
        "system" : "http://unitsofmeasure.org",
        "code" : "U"
      },
      "rateRatio" : {
        "numerator" : {
          "value" : 3
        },
        "denominator" : {
          "value" : 1,
          "system" : "http://unitsofmeasure.org",
          "code" : "/d"
        }
      }
    }]
  }]
}