{
  "resourceType": "MedicationStatement",
  "id": "ex-MHV-medication-0",
  "meta": {
    "profile": [
      "https://johnmoehrke.github.io/MHV-PGHD/StructureDefinition/VA.MHV.medication"
    ],
    "tag": [
      {
        "system": "https://wiki.mobilehealth.va.gov/x/Onc1C",
        "code": "2ce6d9aa-c068-4809-8dda-662bcb16d09a"
      }
    ]
  },
  "text": {
    "status": "generated",
    "div": "<div xmlns=\"http://www.w3.org/1999/xhtml\"><p><b>Generated Narrative</b></p><p><b>identifier</b>: id: 1234</p><p><b>partOf</b>: <a name=\"in-Dispense\"> </a></p><blockquote><p><b>status</b>: unknown</p><p><b>medication</b>: <span title=\"Codes: \">Tylenol</span></p><h3>Performers</h3><table class=\"grid\"><tr><td>-</td><td><b>Actor</b></td></tr><tr><td>*</td><td><a href=\"#in-Pharmacy\">#in-Pharmacy</a></td></tr></table></blockquote><p><b>status</b>: final</p><p><b>category</b>: <span title=\"Codes: {http://terminology.hl7.org/CodeSystem/medication-statement-category patientspecified}\">Patient Specified</span></p><p><b>medication</b>: <span title=\"Codes: \">Tylenol</span></p><p><b>subject</b>: <a href=\"Patient-example.html\">Generated Summary: ICN: &lt;MVI ICN VALUE WITH CHECKSUM&gt;; Jack Smith , John Jacob Jingleheimer Smith (OFFICIAL), John Jacob Jingleheimer Smith (OFFICIAL)</a></p><p><b>effective</b>: 2004-12-25 --&gt; 2021-12-25</p><p><b>dateAsserted</b>: 2020-11-24</p><p><b>reasonCode</b>: <span title=\"Codes: \">Body pains</span></p><p><b>note</b>: a minimal medication</p><h3>Dosages</h3><table class=\"grid\"><tr><td>-</td></tr><tr><td>*</td></tr></table></div>"
  },
  "contained": [
    {
      "resourceType": "Organization",
      "id": "in-Pharmacy",
      "type": [
        {
          "text": "Pharmacy"
        }
      ],
      "name": "CVS",
      "telecom": [
        {
          "system": "phone",
          "value": "+17773339998"
        }
      ]
    },
    {
      "resourceType": "MedicationDispense",
      "id": "in-Dispense",
      "status": "unknown",
      "medicationCodeableConcept": {
        "text": "Tylenol"
      },
      "performer": [
        {
          "actor": {
            "reference": "#in-Pharmacy"
          }
        }
      ]
    }
  ],
  "identifier": [
    {
      "value": "1234"
    }
  ],
  "partOf": [
    {
      "reference": "#in-Dispense"
    }
  ],
  "status": "final",
  "category": {
    "coding": [
      {
        "system": "http://terminology.hl7.org/CodeSystem/medication-statement-category",
        "code": "patientspecified"
      }
    ]
  },
  "medicationCodeableConcept": {
    "text": "Tylenol"
  },
  "subject": {
    "reference": "Patient/example"
  },
  "effectivePeriod": {
    "start": "2004-12-25",
    "end": "2021-12-25"
  },
  "dateAsserted": "2020-11-24",
  "reasonCode": [
    {
      "text": "Body pains"
    }
  ],
  "note": [
    {
      "text": "a minimal medication"
    }
  ],
  "dosage": [
    {
      "text": "1 tablet",
      "route": {
        "coding": [
          {
            "system": "http://snomed.info/sct",
            "code": "26643006"
          }
        ]
      },
      "doseAndRate": [
        {
          "doseQuantity": {
            "value": 1,
            "system": "http://unitsofmeasure.org",
            "code": "{Capsule}"
          },
          "rateRatio": {
            "numerator": {
              "value": 3
            },
            "denominator": {
              "value": 1,
              "system": "http://unitsofmeasure.org",
              "code": "/d"
            }
          }
        }
      ]
    }
  ]
}