{
  "resourceType": "Observation",
  "id": "ex-other-oxygenSat-4",
  "text": {
    "status": "generated",
    "div": "<div xmlns=\"http://www.w3.org/1999/xhtml\"><p><b>Generated Narrative</b></p><div style=\"display: inline-block; background-color: #d9e0e7; padding: 6px; margin: 4px; border: 1px solid #8da1b4; border-radius: 5px; line-height: 60%\"><p style=\"margin-bottom: 0px\">Resource \"ex-other-oxygenSat-4\" </p></div><p><b>status</b>: final</p><p><b>category</b>: Blood Oxygen Saturation Level <span style=\"background: LightGoldenRodYellow; margin: 4px; border: 1px solid khaki\"> ()</span></p><p><b>code</b>: Oxygen saturation in Arterial blood <span style=\"background: LightGoldenRodYellow; margin: 4px; border: 1px solid khaki\"> (<a href=\"https://loinc.org/\">LOINC</a>#2708-6)</span></p><p><b>subject</b>: <a href=\"Patient-ex-patient.html\">Patient/ex-patient</a> \" SCHMIDT\"</p><p><b>effective</b>: 2004-12-04 11:50:50-0500</p><p><b>value</b>: 97 %<span style=\"background: LightGoldenRodYellow\"> (Details: UCUM code % = '%')</span></p><p><b>note</b>: Wow, you found it</p></div>"
  },
  "status": "final",
  "category": [
    {
      "text": "Blood Oxygen Saturation Level"
    }
  ],
  "code": {
    "coding": [
      {
        "system": "http://loinc.org",
        "code": "2708-6"
      }
    ]
  },
  "subject": {
    "reference": "Patient/ex-patient"
  },
  "effectiveDateTime": "2004-12-04T23:50:50-05:00",
  "valueQuantity": {
    "value": 97,
    "system": "http://unitsofmeasure.org",
    "code": "%"
  },
  "note": [
    {
      "text": "Wow, you found it"
    }
  ]
}