{
  "resourceType": "Observation",
  "id": "ex-bloodSugar-103",
  "meta": {
    "tag": [
      {
        "system": "https://wiki.mobilehealth.va.gov/x/Onc1C",
        "code": "2ce6d9aa-c068-4809-8dda-662bcb16d09a"
      }
    ]
  },
  "text": {
    "status": "generated",
    "div": "<div xmlns=\"http://www.w3.org/1999/xhtml\"><p><b>Generated Narrative</b></p><div style=\"display: inline-block; background-color: #d9e0e7; padding: 6px; margin: 4px; border: 1px solid #8da1b4; border-radius: 5px; line-height: 60%\"><p style=\"margin-bottom: 0px\">Resource \"ex-bloodSugar-103\" </p><p style=\"margin-bottom: 0px\">Tag: <span title=\"{https://wiki.mobilehealth.va.gov/x/Onc1C https://wiki.mobilehealth.va.gov/x/Onc1C}\">https://wiki.mobilehealth.va.gov/x/Onc1C</span></p></div><p><b>status</b>: final</p><p><b>category</b>: Vital Signs <span style=\"background: LightGoldenRodYellow; margin: 4px; border: 1px solid khaki\"> (<a href=\"http://terminology.hl7.org/3.1.0/CodeSystem-observation-category.html\">Observation Category Codes</a>#vital-signs)</span></p><p><b>code</b>: Glucose [Mass/volume] in Blood <span style=\"background: LightGoldenRodYellow; margin: 4px; border: 1px solid khaki\"> (<a href=\"https://loinc.org/\">LOINC</a>#2339-0; <a href=\"https://loinc.org/\">LOINC</a>#2345-7)</span></p><p><b>subject</b>: <a href=\"Patient-ex-patient.html\">Patient/ex-patient</a> \" SCHMIDT\"</p><p><b>effective</b>: 2004-12-25 11:50:50-0500</p><p><b>value</b>: 100 mg/dL<span style=\"background: LightGoldenRodYellow\"> (Details: UCUM code mg/dL = 'mg/dL')</span></p><p><b>note</b>: non-MHV normal by supper time blood sugar measurement</p><p><b>method</b>: Supper time blood sugar measurement (procedure) <span style=\"background: LightGoldenRodYellow; margin: 4px; border: 1px solid khaki\"> (<a href=\"https://browser.ihtsdotools.org/\">SNOMED CT</a>#271064007)</span></p><h3>Components</h3><table class=\"grid\"><tr><td>-</td><td><b>Code</b></td><td><b>Value[x]</b></td></tr><tr><td>*</td><td>Eating routine (observable entity) <span style=\"background: LightGoldenRodYellow; margin: 4px; border: 1px solid khaki\"> (<a href=\"https://browser.ihtsdotools.org/\">SNOMED CT</a>#162549003)</span></td><td>before meal</td></tr></table></div>"
  },
  "status": "final",
  "category": [
    {
      "coding": [
        {
          "system": "http://terminology.hl7.org/CodeSystem/observation-category",
          "code": "vital-signs"
        }
      ]
    }
  ],
  "code": {
    "coding": [
      {
        "system": "http://loinc.org",
        "code": "2339-0"
      },
      {
        "system": "http://loinc.org",
        "code": "2345-7"
      }
    ]
  },
  "subject": {
    "reference": "Patient/ex-patient"
  },
  "effectiveDateTime": "2004-12-25T23:50:50-05:00",
  "valueQuantity": {
    "value": 100,
    "system": "http://unitsofmeasure.org",
    "code": "mg/dL"
  },
  "note": [
    {
      "text": "non-MHV normal by supper time blood sugar measurement"
    }
  ],
  "method": {
    "coding": [
      {
        "system": "http://snomed.info/sct",
        "code": "271064007",
        "display": "Supper time blood sugar measurement (procedure)"
      }
    ]
  },
  "component": [
    {
      "code": {
        "coding": [
          {
            "system": "http://snomed.info/sct",
            "code": "162549003",
            "display": "Eating routine (observable entity)"
          }
        ]
      },
      "valueString": "before meal"
    }
  ]
}