{
  "resourceType" : "Observation",
  "id" : "ex-bloodSugarB-106103",
  "text" : {
    "status" : "generated",
    "div" : "<div xmlns=\"http://www.w3.org/1999/xhtml\"><p><b>Generated Narrative: Observation</b><a name=\"ex-bloodSugarB-106103\"> </a></p><div style=\"display: inline-block; background-color: #d9e0e7; padding: 6px; margin: 4px; border: 1px solid #8da1b4; border-radius: 5px; line-height: 60%\"><p style=\"margin-bottom: 0px\">Resource Observation &quot;ex-bloodSugarB-106103&quot; </p></div><p><b>status</b>: final</p><p><b>category</b>: Laboratory <span style=\"background: LightGoldenRodYellow; margin: 4px; border: 1px solid khaki\"> (<a href=\"http://terminology.hl7.org/3.1.0/CodeSystem-observation-category.html\">Observation Category Codes</a>#laboratory)</span></p><p><b>code</b>: Glucose [Mass/volume] in Blood <span style=\"background: LightGoldenRodYellow; margin: 4px; border: 1px solid khaki\"> (<a href=\"https://loinc.org/\">LOINC</a>#2339-0; <a href=\"https://loinc.org/\">LOINC</a>#2345-7; <a href=\"https://loinc.org/\">LOINC</a>#1556-0)</span></p><p><b>subject</b>: <a href=\"Patient-ex-patient.html\">Patient/ex-patient</a> &quot; SCHMIDT&quot;</p><p><b>effective</b>: 2020-12-04 23:50:50-0500</p><p><b>value</b>: 100 mg/dL<span style=\"background: LightGoldenRodYellow\"> (Details: UCUM code mg/dL = 'mg/dL')</span></p><p><b>note</b>: non-MHV normal by supper time blood sugar measurement</p><p><b>method</b>: Supper time blood sugar measurement (procedure) <span style=\"background: LightGoldenRodYellow; margin: 4px; border: 1px solid khaki\"> (<a href=\"https://browser.ihtsdotools.org/\">SNOMED CT</a>#271064007)</span></p></div>"
  },
  "status" : "final",
  "category" : [{
    "coding" : [{
      "system" : "http://terminology.hl7.org/CodeSystem/observation-category",
      "code" : "laboratory"
    }]
  }],
  "code" : {
    "coding" : [{
      "system" : "http://loinc.org",
      "code" : "2339-0",
      "display" : "Glucose [Mass/volume] in Blood"
    },
    {
      "system" : "http://loinc.org",
      "code" : "2345-7"
    },
    {
      "system" : "http://loinc.org",
      "code" : "1556-0"
    }]
  },
  "subject" : {
    "reference" : "Patient/ex-patient"
  },
  "effectiveDateTime" : "2020-12-04T23:50:50-05:00",
  "valueQuantity" : {
    "value" : 100,
    "system" : "http://unitsofmeasure.org",
    "code" : "mg/dL"
  },
  "note" : [{
    "text" : "non-MHV normal by supper time blood sugar measurement"
  }],
  "method" : {
    "coding" : [{
      "system" : "http://snomed.info/sct",
      "code" : "271064007",
      "display" : "Supper time blood sugar measurement (procedure)"
    }]
  }
}