{
  "resourceType": "Observation",
  "id": "heart-rate",
  "meta": {
    "profile": [
      "http://hl7.org/fhir/StructureDefinition/vitalsigns"
    ]
  },
  "text": {
    "status": "generated",
    "div": "<div xmlns=\"http://www.w3.org/1999/xhtml\"><p><b>Generated Narrative</b></p><p></p><p><b>category</b>: <span title=\"Codes: {http://terminology.hl7.org/CodeSystem/observation-category vital-signs}\">Vital Signs</span></p><p><b>code</b>: <span title=\"Codes: {http://loinc.org 8867-4}\">Heart rate</span></p><p><b>subject</b>: <a href=\"Patient-ex-patient.html\">Generated Summary: Jack Smith </a></p><p><b>effective</b>: 1999-07-02</p><p><b>value</b>: 44 beats/minute</p></div>"
  },
  "status": "final",
  "category": [
    {
      "coding": [
        {
          "system": "http://terminology.hl7.org/CodeSystem/observation-category",
          "code": "vital-signs",
          "display": "Vital Signs"
        }
      ],
      "text": "Vital Signs"
    }
  ],
  "code": {
    "coding": [
      {
        "system": "http://loinc.org",
        "code": "8867-4",
        "display": "Heart rate"
      }
    ],
    "text": "Heart rate"
  },
  "subject": {
    "reference": "Patient/ex-patient"
  },
  "effectiveDateTime": "1999-07-02",
  "valueQuantity": {
    "value": 44,
    "unit": "beats/minute",
    "system": "http://unitsofmeasure.org",
    "code": "/min"
  }
}