{
  "resourceType": "Observation",
  "id": "blood-glucose",
  "meta": {
    "versionId": "1165",
    "lastUpdated": "2016-03-09T15:29:58.328+00:00"
  },
  "text": {
    "status": "generated",
    "div": "<div xmlns=\"http://www.w3.org/1999/xhtml\"><p><b>Generated Narrative</b></p><p><b>id</b>: blood-glucose</p><p><b>meta</b>: </p><p/><p><b>category</b>: <span title=\"Codes: {http://terminology.hl7.org/CodeSystem/observation-category laboratory}\">Laboratory</span></p><p><b>code</b>: <span title=\"Codes: {http://loinc.org 2339-0}\">Glucose Bld-mCnc</span></p><p><b>subject</b>: <a href=\"Patient-example.html\">Amy Shaw. Generated Summary: id: example; Medical Record Number: 1032702 (USUAL); active; Amy V. Shaw , Amy V. Baxter ; ph: 555-555-5555(HOME), amy.shaw@example.com; gender: female; birthDate: 1987-02-20</a></p><p><b>effective</b>: 2005-07-05</p><p><b>value</b>: 76.0 mg/dL</p><h3>ReferenceRanges</h3><table class=\"grid\"><tr><td>-</td><td><b>Low</b></td><td><b>High</b></td><td><b>AppliesTo</b></td></tr><tr><td>*</td><td>40.0 mg/dL</td><td>109.0 mg/dL</td><td><span title=\"Codes: {http://terminology.hl7.org/CodeSystem/referencerange-meaning normal}\">Normal Range</span></td></tr></table></div>"
  },
  "status": "final",
  "category": [
    {
      "coding": [
        {
          "system": "http://terminology.hl7.org/CodeSystem/observation-category",
          "code": "laboratory",
          "display": "Laboratory"
        }
      ],
      "text": "Laboratory"
    }
  ],
  "code": {
    "coding": [
      {
        "system": "http://loinc.org",
        "code": "2339-0",
        "display": "Glucose Bld-mCnc"
      }
    ],
    "text": "Glucose Bld-mCnc"
  },
  "subject": {
    "reference": "Patient/ex-patient"
  },
  "effectiveDateTime": "2005-07-05",
  "valueQuantity": {
    "value": 76.0,
    "unit": "mg/dL",
    "system": "http://unitsofmeasure.org"
  },
  "referenceRange": [
    {
      "low": {
        "value": 40.0,
        "unit": "mg/dL",
        "system": "http://unitsofmeasure.org",
        "code": "mg/dL"
      },
      "high": {
        "value": 109.0,
        "unit": "mg/dL",
        "system": "http://unitsofmeasure.org",
        "code": "mg/dL"
      },
      "appliesTo": [
        {
          "coding": [
            {
              "system": "http://terminology.hl7.org/CodeSystem/referencerange-meaning",
              "code": "normal",
              "display": "Normal Range"
            }
          ],
          "text": "Normal Range"
        }
      ]
    }
  ]
}