{
  "resourceType": "Observation",
  "id": "ex-other-oxygenSat-8",
  "meta": {
    "tag": [
      {
        "system": "https://wiki.mobilehealth.va.gov/x/Onc1C",
        "code": "2ce6d9aa-c068-4809-8dda-662bcb16d09a"
      }
    ]
  },
  "text": {
    "status": "generated",
    "div": "<div xmlns=\"http://www.w3.org/1999/xhtml\"><p><b>Generated Narrative</b></p><div style=\"display: inline-block; background-color: #d9e0e7; padding: 6px; margin: 4px; border: 1px solid #8da1b4; border-radius: 5px; line-height: 60%\"><p style=\"margin-bottom: 0px\">Resource \"ex-other-oxygenSat-8\" </p><p style=\"margin-bottom: 0px\">Tag: <span title=\"{https://wiki.mobilehealth.va.gov/x/Onc1C https://wiki.mobilehealth.va.gov/x/Onc1C}\">https://wiki.mobilehealth.va.gov/x/Onc1C</span></p></div><p><b>status</b>: final</p><p><b>category</b>: Vital Signs <span style=\"background: LightGoldenRodYellow; margin: 4px; border: 1px solid khaki\"> (<a href=\"http://terminology.hl7.org/3.1.0/CodeSystem-observation-category.html\">Observation Category Codes</a>#vital-signs)</span></p><p><b>code</b>: Oxygen saturation in Arterial blood <span style=\"background: LightGoldenRodYellow; margin: 4px; border: 1px solid khaki\"> (<a href=\"https://loinc.org/\">LOINC</a>#2708-6; <a href=\"https://loinc.org/\">LOINC</a>#59408-5)</span></p><p><b>subject</b>: <a href=\"Patient-ex-patient.html\">Patient/ex-patient</a> \" SMITH\"</p><p><b>effective</b>: 2004-12-03 11:50:50-0500</p><p><b>value</b>: 94 %<span style=\"background: LightGoldenRodYellow\"> (Details: UCUM code % = '%')</span></p><p><b>note</b>: Way too low, clinically speaking</p><p><b>hasMember</b>: </p><ul><li><a href=\"Observation-ex-MHV-respirationRate-1.html\">Observation/ex-MHV-respirationRate-1</a></li><li><a href=\"Observation-ex-MHV-heartRate-1.html\">Observation/ex-MHV-heartRate-1</a></li><li><a href=\"Observation-ex-MHV-pain-1.html\">Observation/ex-MHV-pain-1</a></li></ul></div>"
  },
  "status": "final",
  "category": [
    {
      "coding": [
        {
          "system": "http://terminology.hl7.org/CodeSystem/observation-category",
          "code": "vital-signs"
        }
      ]
    }
  ],
  "code": {
    "coding": [
      {
        "system": "http://loinc.org",
        "code": "2708-6"
      },
      {
        "system": "http://loinc.org",
        "code": "59408-5"
      }
    ]
  },
  "subject": {
    "reference": "Patient/ex-patient"
  },
  "effectiveDateTime": "2004-12-03T23:50:50-05:00",
  "valueQuantity": {
    "value": 94,
    "system": "http://unitsofmeasure.org",
    "code": "%"
  },
  "note": [
    {
      "text": "Way too low, clinically speaking"
    }
  ],
  "hasMember": [
    {
      "reference": "Observation/ex-MHV-respirationRate-1"
    },
    {
      "reference": "Observation/ex-MHV-heartRate-1"
    },
    {
      "reference": "Observation/ex-MHV-pain-1"
    }
  ]
}