{
  "resourceType": "Observation",
  "id": "example",
  "text": {
    "status": "generated",
    "div": "<div xmlns=\"http://www.w3.org/1999/xhtml\"><p><b>Generated Narrative</b></p><div style=\"display: inline-block; background-color: #d9e0e7; padding: 6px; margin: 4px; border: 1px solid #8da1b4; border-radius: 5px; line-height: 60%\"><p style=\"margin-bottom: 0px\">Resource \"example\" </p></div><p><b>status</b>: final</p><p><b>category</b>: Vital Signs <span style=\"background: LightGoldenRodYellow; margin: 4px; border: 1px solid khaki\"> (<a href=\"http://terminology.hl7.org/3.1.0/CodeSystem-observation-category.html\">Observation Category Codes</a>#vital-signs)</span></p><p><b>code</b>: Body Weight <span style=\"background: LightGoldenRodYellow; margin: 4px; border: 1px solid khaki\"> (<a href=\"https://loinc.org/\">LOINC</a>#29463-7; <a href=\"https://loinc.org/\">LOINC</a>#3141-9 \"Body weight Measured\"; <a href=\"https://browser.ihtsdotools.org/\">SNOMED CT</a>#27113001 \"Body weight\"; clinical-codes#body-weight)</span></p><p><b>subject</b>: <a href=\"Patient-ex-patient.html\">Patient/ex-patient</a> \" SMITH\"</p><p><b>encounter</b>: <a href=\"Encounter-ex-encounter.html\">Encounter/ex-encounter</a></p><p><b>effective</b>: 2016-03-28</p><p><b>value</b>: 185 lbs<span style=\"background: LightGoldenRodYellow\"> (Details: UCUM code [lb_av] = '[lb_av]')</span></p></div>"
  },
  "status": "final",
  "category": [
    {
      "coding": [
        {
          "system": "http://terminology.hl7.org/CodeSystem/observation-category",
          "code": "vital-signs",
          "display": "Vital Signs"
        }
      ]
    }
  ],
  "code": {
    "coding": [
      {
        "system": "http://loinc.org",
        "code": "29463-7",
        "display": "Body Weight"
      },
      {
        "system": "http://loinc.org",
        "code": "3141-9",
        "display": "Body weight Measured"
      },
      {
        "system": "http://snomed.info/sct",
        "code": "27113001",
        "display": "Body weight"
      },
      {
        "system": "http://acme.org/devices/clinical-codes",
        "code": "body-weight",
        "display": "Body Weight"
      }
    ]
  },
  "subject": {
    "reference": "Patient/ex-patient"
  },
  "encounter": {
    "reference": "Encounter/ex-encounter"
  },
  "effectiveDateTime": "2016-03-28",
  "valueQuantity": {
    "value": 185,
    "unit": "lbs",
    "system": "http://unitsofmeasure.org",
    "code": "[lb_av]"
  }
}