{
  "resourceType": "Observation",
  "id": "ex-weight-stone",
  "text": {
    "status": "generated",
    "div": "<div xmlns=\"http://www.w3.org/1999/xhtml\"><p><b>Generated Narrative: Observation</b><a name=\"ex-weight-stone\"> </a></p><div style=\"display: inline-block; background-color: #d9e0e7; padding: 6px; margin: 4px; border: 1px solid #8da1b4; border-radius: 5px; line-height: 60%\"><p style=\"margin-bottom: 0px\">Resource Observation &quot;ex-weight-stone&quot; </p></div><p><b>status</b>: final</p><p><b>category</b>: Vital Signs <span style=\"background: LightGoldenRodYellow; margin: 4px; border: 1px solid khaki\"> (<a href=\"http://terminology.hl7.org/4.0.0/CodeSystem-observation-category.html\">Observation Category Codes</a>#vital-signs)</span></p><p><b>code</b>: body weight <span style=\"background: LightGoldenRodYellow; margin: 4px; border: 1px solid khaki\"> (<a href=\"https://loinc.org/\">LOINC</a>#29463-7; <a href=\"https://loinc.org/\">LOINC</a>#3141-9; <a href=\"https://browser.ihtsdotools.org/\">SNOMED CT</a>#27113001; clinical-codes#body-weight &quot;Body Weight&quot;)</span></p><p><b>subject</b>: <a href=\"Patient-ex-patient.html\">Patient/ex-patient</a> &quot; SCHMIDT&quot;</p><p><b>encounter</b>: <a href=\"Encounter-ex-encounter.html\">Encounter/ex-encounter</a></p><p><b>effective</b>: 2016-03-28</p><p><b>value</b>: 20 [stone_av]<span style=\"background: LightGoldenRodYellow\"> (Details: UCUM code [stone_av] = '[stone_av]')</span></p><p><b>note</b>: a bit heavy, about 280 lbs</p></div>"
  },
  "status": "final",
  "category": [
    {
      "coding": [
        {
          "system": "http://terminology.hl7.org/CodeSystem/observation-category",
          "code": "vital-signs"
        }
      ]
    }
  ],
  "code": {
    "coding": [
      {
        "system": "http://loinc.org",
        "code": "29463-7"
      },
      {
        "system": "http://loinc.org",
        "code": "3141-9"
      },
      {
        "system": "http://snomed.info/sct",
        "code": "27113001"
      },
      {
        "system": "http://acme.org/devices/clinical-codes",
        "code": "body-weight",
        "display": "Body Weight"
      }
    ],
    "text": "body weight"
  },
  "subject": {
    "reference": "Patient/ex-patient"
  },
  "encounter": {
    "reference": "Encounter/ex-encounter"
  },
  "effectiveDateTime": "2016-03-28",
  "valueQuantity": {
    "value": 20,
    "system": "http://unitsofmeasure.org",
    "code": "[stone_av]"
  },
  "note": [
    {
      "text": "a bit heavy, about 280 lbs"
    }
  ]
}