{
  "resourceType": "Observation",
  "id": "ex-MHV-respirationRate-2",
  "meta": {
    "profile": [
      "https://johnmoehrke.github.io/MHV-PGHD/StructureDefinition/VA.MHV.respirationRate"
    ],
    "tag": [
      {
        "system": "https://wiki.mobilehealth.va.gov/x/Onc1C",
        "code": "2ce6d9aa-c068-4809-8dda-662bcb16d09a"
      }
    ]
  },
  "text": {
    "status": "generated",
    "div": "<div xmlns=\"http://www.w3.org/1999/xhtml\"><p><b>Generated Narrative: Observation</b><a name=\"ex-MHV-respirationRate-2\"> </a></p><div style=\"display: inline-block; background-color: #d9e0e7; padding: 6px; margin: 4px; border: 1px solid #8da1b4; border-radius: 5px; line-height: 60%\"><p style=\"margin-bottom: 0px\">Resource Observation &quot;ex-MHV-respirationRate-2&quot; </p><p style=\"margin-bottom: 0px\">Profile: <a href=\"StructureDefinition-VA.MHV.respirationRate.html\">VA MHV Respiration Rate Observation</a></p><p style=\"margin-bottom: 0px\">Tag: <span title=\"{https://wiki.mobilehealth.va.gov/x/Onc1C https://wiki.mobilehealth.va.gov/x/Onc1C}\">https://wiki.mobilehealth.va.gov/x/Onc1C</span></p></div><p><b>status</b>: final</p><p><b>category</b>: Vital Signs <span style=\"background: LightGoldenRodYellow; margin: 4px; border: 1px solid khaki\"> (<a href=\"http://terminology.hl7.org/4.0.0/CodeSystem-observation-category.html\">Observation Category Codes</a>#vital-signs)</span></p><p><b>code</b>: Respiratory rate <span style=\"background: LightGoldenRodYellow; margin: 4px; border: 1px solid khaki\"> (<a href=\"https://loinc.org/\">LOINC</a>#9279-1)</span></p><p><b>subject</b>: <a href=\"Patient-ex-patient.html\">Patient/ex-patient</a> &quot; SCHMIDT&quot;</p><p><b>effective</b>: 2004-12-25 11:50:50-0500</p><p><b>value</b>: 8 /min<span style=\"background: LightGoldenRodYellow\"> (Details: UCUM code /min = '/min')</span></p><p><b>note</b>: a bit slow</p></div>"
  },
  "status": "final",
  "category": [
    {
      "coding": [
        {
          "system": "http://terminology.hl7.org/CodeSystem/observation-category",
          "code": "vital-signs"
        }
      ]
    }
  ],
  "code": {
    "coding": [
      {
        "system": "http://loinc.org",
        "code": "9279-1",
        "display": "Respiratory rate"
      }
    ]
  },
  "subject": {
    "reference": "Patient/ex-patient"
  },
  "effectiveDateTime": "2004-12-25T23:50:50-05:00",
  "valueQuantity": {
    "value": 8,
    "unit": "/min",
    "system": "http://unitsofmeasure.org",
    "code": "/min"
  },
  "note": [
    {
      "text": "a bit slow"
    }
  ]
}