{
  "resourceType": "Observation",
  "id": "f001",
  "text": {
    "status": "generated",
    "div": "<div xmlns=\"http://www.w3.org/1999/xhtml\"><p><b>Generated Narrative</b></p><p><b>identifier</b>: id: 6323 (OFFICIAL)</p><p></p><p><b>code</b>: <span title=\"Codes: {http://loinc.org 15074-8}\">Glucose [Moles/volume] in Blood</span></p><p><b>subject</b>: <a href=\"Patient-ex-patient.html\">Generated Summary: Jack Smith </a></p><p><b>effective</b>: Apr 2, 2013 3:30:10 AM --&gt; (ongoing)</p><p><b>issued</b>: Apr 3, 2013 9:30:10 AM</p><p><b>performer</b>: <a href=\"Practitioner-ex-practitioner.html\">A. Langeveld. Generated Summary: Prancy Practitioner </a></p><p><b>value</b>: 6.3 mmol/l</p><p><b>interpretation</b>: <span title=\"Codes: {http://terminology.hl7.org/CodeSystem/v3-ObservationInterpretation H}\">High</span></p><h3>ReferenceRanges</h3><table class=\"grid\"><tr><td>-</td><td><b>Low</b></td><td><b>High</b></td></tr><tr><td>*</td><td>3.1 mmol/l</td><td>6.2 mmol/l</td></tr></table></div>"
  },
  "identifier": [
    {
      "use": "official",
      "system": "http://www.bmc.nl/zorgportal/identifiers/observations",
      "value": "6323"
    }
  ],
  "status": "final",
  "code": {
    "coding": [
      {
        "system": "http://loinc.org",
        "code": "15074-8",
        "display": "Glucose [Moles/volume] in Blood"
      }
    ]
  },
  "subject": {
    "reference": "Patient/ex-patient"
  },
  "effectivePeriod": {
    "start": "2013-04-02T09:30:10+01:00"
  },
  "issued": "2013-04-03T15:30:10+01:00",
  "performer": [
    {
      "reference": "Practitioner/ex-practitioner",
      "display": "A. Langeveld"
    }
  ],
  "valueQuantity": {
    "value": 6.3,
    "unit": "mmol/l",
    "system": "http://unitsofmeasure.org",
    "code": "mmol/L"
  },
  "interpretation": [
    {
      "coding": [
        {
          "system": "http://terminology.hl7.org/CodeSystem/v3-ObservationInterpretation",
          "code": "H",
          "display": "High"
        }
      ]
    }
  ],
  "referenceRange": [
    {
      "low": {
        "value": 3.1,
        "unit": "mmol/l",
        "system": "http://unitsofmeasure.org",
        "code": "mmol/L"
      },
      "high": {
        "value": 6.2,
        "unit": "mmol/l",
        "system": "http://unitsofmeasure.org",
        "code": "mmol/L"
      }
    }
  ]
}