{
  "resourceType" : "Observation",
  "id" : "ex-weight-period",
  "text" : {
    "status" : "generated",
    "div" : "<div xmlns=\"http://www.w3.org/1999/xhtml\"><p><b>Generated Narrative: Observation</b><a name=\"ex-weight-period\"> </a></p><div style=\"display: inline-block; background-color: #d9e0e7; padding: 6px; margin: 4px; border: 1px solid #8da1b4; border-radius: 5px; line-height: 60%\"><p style=\"margin-bottom: 0px\">Resource Observation &quot;ex-weight-period&quot; </p></div><p><b>status</b>: final</p><p><b>code</b>: Body weight <span style=\"background: LightGoldenRodYellow; margin: 4px; border: 1px solid khaki\"> (<a href=\"https://loinc.org/\">LOINC</a>#29463-7)</span></p><p><b>subject</b>: <a href=\"Patient-ex-patient.html\">Patient/ex-patient</a> &quot; SCHMIDT&quot;</p><p><b>effective</b>: 2016-03-28 --&gt; 2016-03-28</p><p><b>value</b>: 185 [lb_av]<span style=\"background: LightGoldenRodYellow\"> (Details: UCUM code [lb_av] = '[lb_av]')</span></p></div>"
  },
  "status" : "final",
  "code" : {
    "coding" : [{
      "system" : "http://loinc.org",
      "code" : "29463-7"
    }]
  },
  "subject" : {
    "reference" : "Patient/ex-patient"
  },
  "effectivePeriod" : {
    "start" : "2016-03-28",
    "end" : "2016-03-28"
  },
  "valueQuantity" : {
    "value" : 185,
    "system" : "http://unitsofmeasure.org",
    "code" : "[lb_av]"
  }
}