{
  "resourceType": "Observation",
  "id": "example-weight-full",
  "text": {
    "status": "generated",
    "div": "<div xmlns=\"http://www.w3.org/1999/xhtml\"><p><b>Generated Narrative</b></p><h3>Ids</h3><table class=\"grid\"><tr><td>-</td></tr><tr><td>*</td></tr></table><p></p><p><b>category</b>: <span title=\"Codes: {http://terminology.hl7.org/CodeSystem/observation-category vital-signs}\">Vital Signs</span></p><p><b>code</b>: <span title=\"Codes: {http://loinc.org 29463-7}, {http://loinc.org 3141-9}, {http://snomed.info/sct 27113001}, {http://acme.org/devices/clinical-codes body-weight}\">Body Weight</span></p><p><b>subject</b>: <a href=\"Patient-example.html\">Generated Summary: Jack Smith , John Jacob Jingleheimer Smith (OFFICIAL), John Jacob Jingleheimer Smith (OFFICIAL)</a></p><p><b>encounter</b>: <a href=\"Encounter-example.html\">Generated Summary: status: finished; <span title=\"{http://terminology.hl7.org/CodeSystem/v3-ActCode HH}\">home health</span></a></p><p><b>effective</b>: 2012-09-17</p><p><b>value</b>: 152 lbs</p><p><b>note</b>: just about perfect</p></div>"
  },
  "status": "final",
  "category": [
    {
      "coding": [
        {
          "system": "http://terminology.hl7.org/CodeSystem/observation-category",
          "code": "vital-signs",
          "display": "Vital Signs"
        }
      ]
    }
  ],
  "code": {
    "coding": [
      {
        "system": "http://loinc.org",
        "code": "29463-7",
        "display": "Body Weight"
      },
      {
        "system": "http://loinc.org",
        "code": "3141-9",
        "display": "Weight Measured"
      },
      {
        "system": "http://snomed.info/sct",
        "code": "27113001",
        "display": "Body weight"
      },
      {
        "system": "http://acme.org/devices/clinical-codes",
        "code": "body-weight",
        "display": "Body Weight"
      }
    ]
  },
  "subject": {
    "reference": "Patient/example"
  },
  "encounter": {
    "reference": "Encounter/example"
  },
  "effectiveDateTime": "2012-09-17",
  "valueQuantity": {
    "value": 152,
    "unit": "lbs",
    "system": "http://unitsofmeasure.org",
    "code": "[lb_av]"
  },
  "note": [
    {
      "text": "just about perfect"
    }
  ]
}