{
  "resourceType": "ValueSet",
  "id": "mhv-body-weights",
  "text": {
    "status": "generated",
    "div": "<div xmlns=\"http://www.w3.org/1999/xhtml\"><ul><li>Include these codes as defined in <a href=\"http://unitsofmeasure.org\"><code>http://unitsofmeasure.org</code></a><table class=\"none\"><tr><td style=\"white-space:nowrap\"><b>Code</b></td><td><b>Display</b></td></tr><tr><td>[lb_av]</td><td>[lb_av]</td></tr><tr><td>kg</td><td>kg</td></tr></table></li></ul></div>"
  },
  "url": "https://johnmoehrke.github.io/MHV-PGHD/ValueSet/mhv-body-weights",
  "version": "0.2.7-beta",
  "name": "MHVbodyWeights",
  "title": "The body weight measurement types that MHV supports",
  "status": "active",
  "date": "2021-09-14T11:10:08-05:00",
  "contact": [
    {
      "name": "John Moehrke"
    }
  ],
  "description": "These are the UCUM types that MHV supports. This is a subset of the full bodyWeight types (which also brings in grams. Others might also include stone).",
  "jurisdiction": [
    {
      "coding": [
        {
          "system": "http://unstats.un.org/unsd/methods/m49/m49.htm",
          "code": "001"
        }
      ]
    }
  ],
  "compose": {
    "include": [
      {
        "system": "http://unitsofmeasure.org",
        "concept": [
          {
            "code": "[lb_av]"
          },
          {
            "code": "kg"
          }
        ]
      }
    ]
  }
}