{
  "resourceType": "ValueSet",
  "id": "AgesVS",
  "text": {
    "status": "generated",
    "div": "<div xmlns=\"http://www.w3.org/1999/xhtml\"><ul><li>Include all codes defined in <a href=\"CodeSystem-Ages.html\"><code>https://johnmoehrke.github.io/MHV-PGHD/CodeSystem/Ages</code></a></li></ul></div>"
  },
  "url": "https://johnmoehrke.github.io/MHV-PGHD/ValueSet/AgesVS",
  "version": "0.2.8-beta",
  "name": "AgesVS",
  "title": "Ages ValueSet",
  "status": "active",
  "date": "2022-04-15T09:43:59-05:00",
  "contact": [
    {
      "name": "John Moehrke"
    }
  ],
  "description": "ValueSet of the Ages allowed",
  "jurisdiction": [
    {
      "coding": [
        {
          "system": "urn:iso:std:iso:3166",
          "code": "USA"
        }
      ]
    }
  ],
  "compose": {
    "include": [
      {
        "system": "https://johnmoehrke.github.io/MHV-PGHD/CodeSystem/Ages"
      }
    ]
  }
}