{
  "resourceType": "ValueSet",
  "id": "AllAppIdCodes",
  "text": {
    "status": "generated",
    "div": "<div xmlns=\"http://www.w3.org/1999/xhtml\"><p>This value set includes codes based on the following rules:</p><ul><li>Include all codes defined in <a href=\"CodeSystem-OnclC.html\"><code>https://wiki.mobilehealth.va.gov/x/Onc1C</code></a></li><li>Include all codes defined in <a href=\"CodeSystem-CPM.html\"><code>https://wiki.mobilehealth.va.gov/display/PGDMS/Client+Provenance+Mapping</code></a></li></ul></div>"
  },
  "url": "https://johnmoehrke.github.io/MHV-PGHD/ValueSet/AllAppIdCodes",
  "version": "0.2.7-beta",
  "name": "AllAppIdCodes",
  "status": "active",
  "date": "2022-04-11T08:49:59-05:00",
  "contact": [
    {
      "name": "John Moehrke"
    }
  ],
  "jurisdiction": [
    {
      "coding": [
        {
          "system": "urn:iso:std:iso:3166",
          "code": "USA"
        }
      ]
    }
  ],
  "compose": {
    "include": [
      {
        "system": "https://wiki.mobilehealth.va.gov/x/Onc1C"
      },
      {
        "system": "https://wiki.mobilehealth.va.gov/display/PGDMS/Client+Provenance+Mapping"
      }
    ]
  }
}