{
  "resourceType" : "ValueSet",
  "id" : "mhv-blood-sugar-methods-sites",
  "text" : {
    "status" : "generated",
    "div" : "<div xmlns=\"http://www.w3.org/1999/xhtml\"><ul><li>Include these codes as defined in <a href=\"http://www.snomed.org/\"><code>http://snomed.info/sct</code></a><table class=\"none\"><tr><td style=\"white-space:nowrap\"><b>Code</b></td><td><b>Display</b></td></tr><tr><td><a href=\"http://snomed.info/id/15220000\">15220000</a></td><td>Laboratory Test</td></tr><tr><td><a href=\"http://snomed.info/id/350810002\">350810002</a></td><td>Lancet</td></tr><tr><td><a href=\"http://snomed.info/id/263902000\">263902000</a></td><td>Transcutaneous method</td></tr><tr><td><a href=\"http://snomed.info/id/261373009\">261373009</a></td><td>Implant technique</td></tr></table></li></ul></div>"
  },
  "extension" : [{
    "url" : "http://hl7.org/fhir/StructureDefinition/structuredefinition-fmm",
    "valueInteger" : 2,
    "_valueInteger" : {
      "extension" : [{
        "url" : "http://hl7.org/fhir/StructureDefinition/structuredefinition-conformance-derivedFrom",
        "valueCanonical" : "https://johnmoehrke.github.io/MHV-PGHD/ImplementationGuide/va.mhv.example"
      }]
    }
  },
  {
    "url" : "http://hl7.org/fhir/StructureDefinition/structuredefinition-standards-status",
    "valueCode" : "trial-use",
    "_valueCode" : {
      "extension" : [{
        "url" : "http://hl7.org/fhir/StructureDefinition/structuredefinition-conformance-derivedFrom",
        "valueCanonical" : "https://johnmoehrke.github.io/MHV-PGHD/ImplementationGuide/va.mhv.example"
      }]
    }
  }],
  "url" : "https://johnmoehrke.github.io/MHV-PGHD/ValueSet/mhv-blood-sugar-methods-sites",
  "version" : "0.2.9-beta",
  "name" : "MHVbloodSugarMethods",
  "title" : "The methods of measurement for blood sugar that MHV supports",
  "status" : "active",
  "experimental" : false,
  "date" : "2023-01-10T10:51:33-06:00",
  "publisher" : "John Moehrke (himself)",
  "contact" : [{
    "name" : "John Moehrke (himself)",
    "telecom" : [{
      "system" : "url",
      "value" : "http://healthcaresecprivacy.blogspot.com"
    },
    {
      "system" : "email",
      "value" : "JohnMoehrke@gmail.com"
    }]
  },
  {
    "name" : "John Moehrke (himself)",
    "telecom" : [{
      "system" : "email",
      "value" : "JohnMoehrke@gmail.com"
    }]
  }],
  "description" : "These are the SNOMED body sites that MHV supports.",
  "jurisdiction" : [{
    "coding" : [{
      "system" : "urn:iso:std:iso:3166",
      "code" : "US"
    }]
  }],
  "compose" : {
    "include" : [{
      "system" : "http://snomed.info/sct",
      "concept" : [{
        "code" : "15220000",
        "display" : "Laboratory Test"
      },
      {
        "code" : "350810002",
        "display" : "Lancet"
      },
      {
        "code" : "263902000",
        "display" : "Transcutaneous method"
      },
      {
        "code" : "261373009",
        "display" : "Implant technique"
      }]
    }]
  }
}