{
  "resourceType": "ValueSet",
  "id": "mhv-medication-routes",
  "text": {
    "status": "generated",
    "div": "<div xmlns=\"http://www.w3.org/1999/xhtml\"><ul><li>Include these codes as defined in <a href=\"http://www.snomed.org/\"><code>http://snomed.info/sct</code></a><table class=\"none\"><tr><td style=\"white-space:nowrap\"><b>Code</b></td><td><b>Display</b></td></tr><tr><td><a href=\"http://snomed.info/id/26643006\">26643006</a></td><td>Oral use</td></tr><tr><td><a href=\"http://snomed.info/id/37161004\">37161004</a></td><td>Rectal use</td></tr><tr><td><a href=\"http://snomed.info/id/45890007\">45890007</a></td><td>Transdermal use</td></tr><tr><td><a href=\"http://snomed.info/id/6064005\">6064005</a></td><td>Topical route</td></tr><tr><td><a href=\"http://snomed.info/id/78421000\">78421000</a></td><td>Intramuscular use</td></tr><tr><td><a href=\"http://snomed.info/id/47625008\">47625008</a></td><td>Intravenous use</td></tr></table></li></ul></div>"
  },
  "url": "https://johnmoehrke.github.io/MHV-PGHD/ValueSet/mhv-medication-routes",
  "version": "0.2.7-beta",
  "name": "MHVmedicationRoutes",
  "title": "The routes of medication that MHV supports",
  "status": "active",
  "date": "2022-02-09T10:24:17-06:00",
  "contact": [
    {
      "name": "John Moehrke"
    }
  ],
  "description": "These are the SNOMED-CT routes for medications that MHV supports.",
  "jurisdiction": [
    {
      "coding": [
        {
          "system": "http://unstats.un.org/unsd/methods/m49/m49.htm",
          "code": "001"
        }
      ]
    }
  ],
  "compose": {
    "include": [
      {
        "system": "http://snomed.info/sct",
        "concept": [
          {
            "code": "26643006",
            "display": "Oral use"
          },
          {
            "code": "37161004",
            "display": "Rectal use"
          },
          {
            "code": "45890007",
            "display": "Transdermal use"
          },
          {
            "code": "6064005",
            "display": "Topical route"
          },
          {
            "code": "78421000",
            "display": "Intramuscular use"
          },
          {
            "code": "47625008",
            "display": "Intravenous use"
          }
        ]
      }
    ]
  }
}